# Blender v3.4.1 OBJ File: ''
# www.blender.org
mtllib Ultraman_Blender.mtl
o UltramanClassic_skel
v -0.039992 1.722569 -0.058006
v 0.039992 1.722569 -0.058006
v 0.044660 1.726351 0.032519
v -0.044660 1.726351 0.032519
v -0.048134 1.643728 0.045973
v 0.048134 1.643728 0.045973
v 0.039513 1.662263 0.061460
v -0.039513 1.662263 0.061460
v -0.018050 1.685126 0.062481
v 0.017000 1.675321 0.062801
v 0.012487 1.762605 -0.014057
v -0.012487 1.762605 -0.014057
v -0.012487 1.739477 -0.016649
v 0.012487 1.739477 -0.016649
v 0.008156 1.723155 -0.086592
v -0.008156 1.723155 -0.086592
v -0.008156 1.709269 -0.078033
v 0.008156 1.709269 -0.078033
v 0.000000 1.347360 0.112875
v -0.110084 1.361218 0.031315
v -0.065092 1.448733 0.022754
v 0.000000 1.445499 0.076804
v 0.110084 1.361218 0.031315
v 0.065092 1.448733 0.022754
v -0.089602 1.448874 0.018778
v -0.092796 1.448299 -0.032125
v -0.110897 1.494629 -0.030963
v -0.107131 1.494614 0.020015
v 0.092796 1.448299 -0.032125
v 0.089602 1.448874 0.018778
v 0.107131 1.494614 0.020015
v 0.110897 1.494629 -0.030963
v -0.189268 1.389801 0.040227
v -0.191726 1.390401 -0.044923
v -0.212483 1.471958 -0.043350
v -0.209643 1.470966 0.041850
v -0.469702 1.362113 0.029262
v -0.469856 1.363244 -0.030403
v -0.477908 1.422357 -0.029262
v -0.477754 1.421226 0.030403
v -0.713128 1.326640 0.024282
v -0.713377 1.327551 -0.025229
v -0.726412 1.375174 -0.024282
v -0.726162 1.374263 0.025229
v -0.762767 1.308972 0.024735
v -0.763132 1.309863 -0.025700
v -0.782233 1.356440 -0.024735
v -0.781868 1.355549 0.025700
v -0.798148 1.303108 0.015528
v -0.798405 1.303656 -0.016133
v -0.811852 1.332304 -0.015528
v -0.811595 1.331757 0.016133
v 0.191726 1.390401 -0.044923
v 0.189268 1.389801 0.040227
v 0.209643 1.470966 0.041850
v 0.212483 1.471958 -0.043350
v 0.469856 1.363244 -0.030403
v 0.469702 1.362113 0.029262
v 0.477754 1.421226 0.030403
v 0.477908 1.422357 -0.029262
v 0.713378 1.327551 -0.025229
v 0.713128 1.326640 0.024282
v 0.726162 1.374263 0.025229
v 0.726412 1.375174 -0.024282
v 0.763132 1.309863 -0.025700
v 0.762767 1.308972 0.024735
v 0.781868 1.355550 0.025700
v 0.782233 1.356440 -0.024735
v 0.798405 1.303656 -0.016133
v 0.798148 1.303108 0.015528
v 0.811595 1.331757 0.016133
v 0.811852 1.332305 -0.015528
v -0.052806 1.073073 0.043129
v -0.042109 1.060850 -0.059492
v -0.131936 1.097165 0.029535
v -0.077820 0.656407 0.027106
v -0.077829 0.655795 -0.046501
v -0.151433 0.656628 -0.046496
v -0.151424 0.657240 0.027111
v -0.141027 0.022879 -0.027295
v -0.088975 0.022879 -0.027298
v -0.095340 0.054532 -0.061081
v -0.134663 0.054532 -0.061078
v -0.097026 0.007403 0.084830
v -0.132974 0.007403 0.084830
v -0.132974 0.039859 0.100285
v -0.097026 0.039859 0.100285
v 0.042109 1.060850 -0.059492
v 0.052806 1.073073 0.043129
v 0.131936 1.097165 0.029535
v 0.077829 0.655795 -0.046501
v 0.077820 0.656407 0.027106
v 0.151424 0.657240 0.027111
v 0.151433 0.656628 -0.046496
v 0.088975 0.022879 -0.027298
v 0.141027 0.022879 -0.027295
v 0.134663 0.054532 -0.061078
v 0.095340 0.054532 -0.061081
v 0.132974 0.007403 0.084830
v 0.097026 0.007403 0.084830
v 0.097026 0.039859 0.100285
v 0.132974 0.039859 0.100285
v -0.101735 1.145906 -0.069059
v 0.101735 1.145906 -0.069059
v 0.067979 1.180361 0.054091
v -0.067979 1.180361 0.054091
v -0.075488 1.265329 -0.090530
v 0.075488 1.265329 -0.090530
v 0.091690 1.286303 0.073702
v -0.091690 1.286303 0.073702
v 0.089104 1.408831 0.061163
v -0.089104 1.408831 0.061163
v -0.072881 1.412018 -0.077404
v 0.072881 1.412018 -0.077404
v 0.059494 1.454116 0.025995
v -0.059494 1.454116 0.025995
v -0.034877 1.480824 -0.075276
v 0.034877 1.480824 -0.075276
v 0.079509 1.513600 0.026388
v -0.079509 1.513600 0.026388
v -0.082502 1.513659 -0.044735
v 0.082502 1.513659 -0.044735
v 0.054618 1.570900 0.041534
v -0.054618 1.570900 0.041534
v -0.064137 1.594774 -0.062131
v 0.064137 1.594774 -0.062131
v 0.054572 1.638355 0.073527
v -0.054572 1.638355 0.073527
v -0.068593 1.664873 -0.069785
v 0.068593 1.664873 -0.069785
v 0.062657 1.676004 0.065699
v -0.062657 1.676004 0.065699
v 0.011645 1.694896 0.064747
v -0.011645 1.694896 0.064747
v -0.011645 1.682567 0.047800
v 0.011645 1.682567 0.047800
v 0.011975 1.719630 0.041565
v -0.011975 1.719630 0.041565
v -0.011975 1.702420 0.024909
v 0.011975 1.702420 0.024909
v 0.012318 1.743585 0.016666
v -0.012318 1.743585 0.016666
v -0.012318 1.724718 0.002014
v 0.012318 1.724718 0.002014
v 0.011953 1.752114 -0.046003
v -0.011953 1.752114 -0.046003
v -0.011953 1.731161 -0.036131
v 0.011953 1.731161 -0.036131
v 0.011294 1.736443 -0.071016
v -0.011294 1.736443 -0.071016
v -0.011294 1.717215 -0.059163
v 0.011294 1.717215 -0.059163
v -0.060196 1.451816 -0.044829
v 0.060196 1.451816 -0.044829
v -0.304271 1.371690 0.038329
v -0.304983 1.373074 -0.039863
v -0.315853 1.450375 -0.038329
v -0.315141 1.448992 0.039863
v -0.393164 1.366996 0.033294
v -0.393312 1.368285 -0.034592
v -0.401057 1.435725 -0.033294
v -0.400909 1.434435 0.034592
v -0.538616 1.353566 0.027314
v -0.538783 1.354618 -0.028379
v -0.547509 1.409621 -0.027314
v -0.547342 1.408569 0.028379
v -0.600643 1.344830 0.025992
v -0.600806 1.345830 -0.027005
v -0.609346 1.398135 -0.025992
v -0.609182 1.397135 0.027005
v -0.658808 1.336663 0.024747
v -0.658978 1.337612 -0.025712
v -0.667839 1.387256 -0.024747
v -0.667670 1.386307 0.025712
v 0.304983 1.373074 -0.039863
v 0.304271 1.371690 0.038329
v 0.315141 1.448992 0.039863
v 0.315853 1.450375 -0.038329
v 0.393312 1.368285 -0.034592
v 0.393164 1.366996 0.033294
v 0.400909 1.434435 0.034592
v 0.401057 1.435725 -0.033294
v 0.538783 1.354618 -0.028379
v 0.538616 1.353567 0.027314
v 0.547342 1.408569 0.028379
v 0.547509 1.409621 -0.027314
v 0.600806 1.345830 -0.027005
v 0.600643 1.344830 0.025992
v 0.609182 1.397135 0.027005
v 0.609346 1.398135 -0.025992
v 0.658978 1.337612 -0.025712
v 0.658808 1.336662 0.024747
v 0.667670 1.386307 0.025712
v 0.667839 1.387256 -0.024747
v -0.065020 0.972687 0.034750
v -0.064146 0.972934 -0.055160
v -0.147221 0.985645 -0.056389
v -0.149841 0.984904 0.034341
v -0.068534 0.863708 0.031878
v -0.068534 0.863708 -0.051878
v -0.152269 0.865569 -0.051878
v -0.152269 0.865569 0.031878
v -0.073528 0.758484 0.029223
v -0.073529 0.758380 -0.049224
v -0.151960 0.759987 -0.049223
v -0.151958 0.760091 0.029224
v -0.079987 0.553246 0.026775
v -0.080000 0.552163 -0.043230
v -0.150013 0.552299 -0.043218
v -0.150000 0.553382 0.026787
v -0.081439 0.461531 0.026878
v -0.081452 0.460394 -0.040221
v -0.148561 0.460394 -0.040209
v -0.148548 0.461531 0.026890
v -0.082773 0.377195 0.026974
v -0.082785 0.376103 -0.037458
v -0.147227 0.376104 -0.037446
v -0.147215 0.377196 0.026986
v -0.084048 0.296623 0.027065
v -0.084060 0.295574 -0.034819
v -0.145952 0.295575 -0.034807
v -0.145941 0.296623 0.027077
v -0.085281 0.218670 0.027153
v -0.085292 0.217663 -0.032265
v -0.144719 0.217663 -0.032254
v -0.144708 0.218670 0.027165
v -0.083201 0.129696 0.034493
v -0.083190 0.124491 -0.036742
v -0.146820 0.124491 -0.036733
v -0.146789 0.129696 0.034503
v -0.085932 0.024543 0.040222
v -0.144067 0.024543 0.040223
v -0.140368 0.071158 0.070395
v -0.089630 0.071158 0.070394
v 0.064146 0.972934 -0.055160
v 0.065020 0.972687 0.034750
v 0.149841 0.984904 0.034341
v 0.147221 0.985645 -0.056389
v 0.068534 0.863708 -0.051878
v 0.068534 0.863708 0.031878
v 0.152269 0.865569 0.031878
v 0.152269 0.865569 -0.051878
v 0.073529 0.758380 -0.049224
v 0.073528 0.758484 0.029223
v 0.151958 0.760091 0.029224
v 0.151960 0.759987 -0.049223
v 0.080000 0.552163 -0.043230
v 0.079987 0.553246 0.026775
v 0.150000 0.553382 0.026787
v 0.150013 0.552299 -0.043218
v 0.081452 0.460394 -0.040221
v 0.081439 0.461531 0.026878
v 0.148548 0.461531 0.026890
v 0.148561 0.460394 -0.040209
v 0.082785 0.376103 -0.037458
v 0.082773 0.377195 0.026974
v 0.147215 0.377196 0.026986
v 0.147227 0.376104 -0.037446
v 0.084060 0.295574 -0.034819
v 0.084048 0.296623 0.027065
v 0.145941 0.296623 0.027077
v 0.145952 0.295575 -0.034807
v 0.085292 0.217663 -0.032265
v 0.085281 0.218670 0.027153
v 0.144708 0.218670 0.027165
v 0.144719 0.217663 -0.032254
v 0.083190 0.124491 -0.036742
v 0.083201 0.129696 0.034493
v 0.146789 0.129696 0.034503
v 0.146820 0.124491 -0.036733
v 0.144067 0.024543 0.040223
v 0.085932 0.024543 0.040222
v 0.089630 0.071158 0.070394
v 0.140368 0.071158 0.070395
v 0.031323 1.584059 0.056449
v -0.031323 1.584059 0.056449
v -0.033696 1.630654 0.064736
v 0.033696 1.630654 0.064736
v -0.025662 1.428390 0.080998
v 0.018050 1.685126 0.062481
v -0.020047 1.672227 0.083449
v 0.020047 1.672227 0.083449
v -0.078323 1.420192 0.057982
v -0.086233 1.360468 0.077043
v -0.029668 1.372071 0.101729
v 0.078323 1.420192 0.057982
v 0.025662 1.428390 0.080998
v 0.029668 1.372071 0.101729
v 0.086233 1.360468 0.077043
v 0.092387 1.435072 -0.114826
v -0.092387 1.435072 -0.114826
v -0.092387 1.418343 0.069190
v 0.092387 1.418343 0.069190
v 0.067182 1.479518 -0.085476
v -0.067182 1.479518 -0.085476
v -0.054888 1.440410 0.043527
v 0.054888 1.440410 0.043527
v -0.063599 1.647668 0.055978
v 0.063599 1.647668 0.055978
v 0.062861 1.616194 -0.072436
v -0.062861 1.616194 -0.072436
v -0.061882 1.662848 0.057521
v 0.061882 1.662848 0.057521
v 0.065921 1.646157 -0.079511
v -0.065921 1.646157 -0.079511
v -0.111482 1.346295 0.037253
v -0.111496 1.326681 0.045046
v -0.107795 1.307212 0.054795
v 0.051665 1.074122 -0.074832
v 0.064691 1.092273 -0.082503
v 0.080886 1.115049 -0.082512
v 0.125453 1.132479 -0.033547
v 0.133217 1.121239 -0.005481
v 0.134266 1.108567 0.016322
v 0.023024 1.070597 -0.060035
v 0.000000 1.073845 -0.060216
v -0.023024 1.070597 -0.060035
v -0.051665 1.074122 -0.074832
v -0.064691 1.092273 -0.082503
v -0.080886 1.115049 -0.082512
v 0.075403 1.359983 0.082878
v 0.058860 1.361889 0.090765
v 0.041707 1.366701 0.097719
v -0.050227 1.155351 -0.089856
v 0.000000 1.157564 -0.094798
v 0.050227 1.155351 -0.089856
v -0.110459 1.167004 -0.033640
v -0.105656 1.175501 -0.000242
v -0.091384 1.179142 0.030117
v -0.036255 1.180886 0.068819
v -0.000000 1.181061 0.073728
v 0.036255 1.180886 0.068819
v -0.099396 1.393374 0.056512
v -0.105328 1.381115 0.049747
v -0.108688 1.369716 0.040427
v 0.091384 1.179142 0.030117
v 0.105656 1.175501 -0.000242
v 0.110459 1.167004 -0.033640
v 0.084112 1.409051 0.059087
v 0.088644 1.391888 0.063319
v 0.088910 1.373617 0.070396
v 0.064572 1.156008 0.055154
v 0.060730 1.130221 0.055265
v 0.056765 1.103247 0.052557
v 0.080678 1.084268 0.048823
v 0.103436 1.093336 0.045942
v 0.121206 1.097534 0.037968
v 0.039641 1.056493 0.018460
v 0.035331 1.051176 -0.009470
v 0.036452 1.052966 -0.036712
v 0.025769 1.078961 0.041678
v -0.000000 1.080561 0.041465
v -0.025769 1.078961 0.041678
v -0.039641 1.056493 0.018460
v -0.035331 1.051176 -0.009470
v -0.036452 1.052966 -0.036712
v 0.011716 1.438825 0.082520
v 0.016417 1.435518 0.083219
v 0.021077 1.432096 0.082253
v 0.081120 1.420361 0.057594
v 0.083481 1.417785 0.059222
v 0.085413 1.413066 0.061972
v -0.125453 1.132479 -0.033547
v -0.133217 1.121239 -0.005481
v -0.134266 1.108567 0.016322
v -0.104047 1.323586 0.074456
v -0.104181 1.352998 0.071829
v -0.099203 1.380944 0.067071
v -0.064572 1.156008 0.055154
v -0.060730 1.130221 0.055265
v -0.056765 1.103247 0.052557
v 0.012837 1.354624 0.112170
v 0.019512 1.360302 0.109998
v 0.025002 1.366503 0.106079
v -0.080678 1.084268 0.048823
v -0.103436 1.093336 0.045942
v -0.121206 1.097534 0.037968
v -0.086953 1.421664 0.050932
v -0.084827 1.431789 0.039646
v -0.078969 1.440906 0.029549
v 0.093680 1.315323 0.082295
v 0.093558 1.334311 0.081242
v 0.090609 1.349645 0.078818
v -0.082003 1.442961 0.000673
v -0.087494 1.436549 -0.023568
v -0.085253 1.427708 -0.049415
v -0.093330 1.393527 -0.046230
v -0.103730 1.379180 -0.014579
v -0.108599 1.368089 0.013226
v -0.071624 1.373953 -0.085677
v -0.072234 1.336232 -0.089744
v -0.073730 1.299261 -0.091388
v -0.022605 1.418013 0.086647
v -0.021770 1.401927 0.093612
v -0.024887 1.384774 0.099032
v -0.097044 1.266087 -0.058196
v -0.106346 1.268116 -0.017524
v -0.105075 1.272799 0.026742
v 0.062193 1.298028 0.093523
v 0.039266 1.311475 0.103303
v 0.017774 1.326889 0.109708
v -0.017774 1.326889 0.109708
v -0.039266 1.311475 0.103303
v -0.062193 1.298028 0.093523
v -0.044097 1.270908 0.087006
v -0.000000 1.267767 0.090318
v 0.044097 1.270908 0.087006
v -0.067292 1.427123 0.060401
v -0.051554 1.431926 0.066166
v -0.036111 1.431647 0.074165
v -0.041280 1.264978 -0.110423
v -0.000000 1.264861 -0.117054
v 0.041280 1.264978 -0.110423
v 0.097044 1.266087 -0.058196
v 0.106346 1.268116 -0.017524
v 0.105075 1.272799 0.026742
v 0.077789 1.499573 -0.054748
v 0.071696 1.482527 -0.058090
v 0.065429 1.465587 -0.054778
v 0.000000 1.376105 0.110009
v 0.000000 1.401366 0.102770
v 0.000000 1.424470 0.092360
v -0.030029 1.445522 0.071232
v -0.051583 1.439957 0.066763
v -0.070878 1.429062 0.062910
v -0.019627 1.450858 0.062657
v -0.036452 1.451775 0.051317
v -0.051283 1.450860 0.039131
v 0.082003 1.442961 0.000673
v 0.087494 1.436550 -0.023568
v 0.085253 1.427708 -0.049415
v 0.037567 1.411565 -0.099607
v -0.000000 1.411421 -0.105714
v -0.037567 1.411565 -0.099607
v -0.088910 1.373617 0.070396
v -0.088644 1.391888 0.063319
v -0.084112 1.409051 0.059087
v -0.032992 1.452688 0.029491
v 0.000000 1.453550 0.031332
v 0.032992 1.452688 0.029491
v 0.019627 1.450858 0.062657
v 0.036452 1.451775 0.051317
v 0.051283 1.450860 0.039131
v 0.071624 1.373953 -0.085677
v 0.072234 1.336232 -0.089744
v 0.073730 1.299261 -0.091388
v -0.041707 1.366701 0.097719
v -0.058860 1.361889 0.090765
v -0.075403 1.359983 0.082878
v -0.011716 1.438825 0.082520
v -0.016417 1.435518 0.083219
v -0.021077 1.432096 0.082253
v 0.104047 1.323586 0.074456
v 0.104181 1.352998 0.071829
v 0.099203 1.380944 0.067071
v -0.025002 1.366503 0.106079
v -0.019512 1.360302 0.109998
v -0.012837 1.354624 0.112170
v 0.111482 1.346295 0.037253
v 0.111496 1.326681 0.045046
v 0.107795 1.307212 0.054795
v 0.108688 1.369716 0.040427
v 0.105328 1.381115 0.049747
v 0.099396 1.393374 0.056512
v 0.070878 1.429062 0.062910
v 0.051583 1.439956 0.066763
v 0.030029 1.445522 0.071232
v 0.086953 1.421664 0.050931
v 0.084827 1.431789 0.039646
v 0.078969 1.440907 0.029549
v -0.085413 1.413065 0.061972
v -0.083481 1.417785 0.059222
v -0.081120 1.420361 0.057594
v 0.108599 1.368089 0.013226
v 0.103730 1.379180 -0.014579
v 0.093330 1.393527 -0.046230
v 0.048093 1.458940 -0.062925
v 0.043497 1.466257 -0.070383
v 0.039288 1.474352 -0.074054
v 0.041734 1.487602 -0.074059
v 0.049997 1.496601 -0.070353
v 0.059998 1.505536 -0.062793
v 0.028175 1.445895 -0.064108
v -0.000000 1.444397 -0.068944
v -0.028175 1.445895 -0.064108
v -0.048093 1.458940 -0.062925
v -0.043497 1.466257 -0.070383
v -0.039288 1.474352 -0.074054
v -0.093680 1.315323 0.082295
v -0.093558 1.334311 0.081242
v -0.090609 1.349645 0.078818
v -0.020679 1.480687 -0.076351
v -0.000000 1.480614 -0.076917
v 0.020679 1.480687 -0.076351
v -0.041734 1.487603 -0.074059
v -0.049997 1.496601 -0.070353
v -0.059998 1.505536 -0.062793
v -0.038301 1.526334 -0.062803
v 0.000000 1.529357 -0.067320
v 0.038301 1.526334 -0.062803
v 0.023719 1.682204 0.067231
v 0.026192 1.678677 0.072965
v 0.025093 1.675150 0.078698
v 0.074634 1.500197 0.036290
v 0.069155 1.484068 0.039499
v 0.063850 1.467833 0.036054
v -0.068853 1.577457 0.019623
v -0.074675 1.583625 -0.006052
v -0.074067 1.589454 -0.033551
v 0.027810 1.561047 0.047981
v -0.000000 1.558425 0.049843
v -0.027810 1.561047 0.047981
v 0.056758 1.445147 0.009904
v 0.055878 1.441592 -0.009463
v 0.056981 1.443723 -0.028807
v -0.009731 1.686940 0.059532
v -0.000000 1.687544 0.058549
v 0.009731 1.686940 0.059532
v -0.037529 1.517371 0.038370
v 0.000000 1.518032 0.041643
v 0.037529 1.517371 0.038370
v 0.068853 1.577457 0.019623
v 0.074675 1.583625 -0.006052
v 0.074067 1.589454 -0.033551
v 0.029619 1.452217 0.039594
v 0.000000 1.451816 0.043276
v -0.029619 1.452217 0.039594
v -0.056758 1.445147 0.009904
v -0.055878 1.441592 -0.009463
v -0.056981 1.443723 -0.028807
v -0.025093 1.675150 0.078698
v -0.026192 1.678677 0.072965
v -0.023719 1.682204 0.067231
v -0.065429 1.465587 -0.054778
v -0.071696 1.482527 -0.058090
v -0.077789 1.499573 -0.054748
v -0.074634 1.500198 0.036290
v -0.069155 1.484068 0.039499
v -0.063850 1.467833 0.036054
v 0.011104 1.670414 0.086398
v -0.000000 1.669809 0.087381
v -0.011104 1.670414 0.086398
v 0.068175 1.625309 0.065312
v 0.071802 1.608736 0.055793
v 0.067339 1.590395 0.047098
v -0.020363 1.663398 0.078833
v 0.000000 1.663777 0.084624
v 0.020363 1.663398 0.078833
v -0.034420 1.590669 -0.082896
v 0.000000 1.589578 -0.088530
v 0.034420 1.590669 -0.082896
v -0.073444 1.609553 -0.033615
v -0.072332 1.622721 -0.004085
v -0.063815 1.634491 0.023678
v -0.025865 1.649394 0.059720
v 0.000000 1.651283 0.064302
v 0.025865 1.649394 0.059720
v 0.038621 1.717481 0.048628
v 0.031336 1.706058 0.057927
v 0.024061 1.694474 0.062013
v 0.063815 1.634492 0.023678
v 0.072332 1.622721 -0.004085
v 0.073444 1.609553 -0.033615
v 0.048914 1.642581 0.051498
v 0.051353 1.641042 0.059750
v 0.053792 1.639502 0.068003
v -0.048914 1.642581 0.051498
v -0.051353 1.641042 0.059750
v -0.053792 1.639502 0.068003
v 0.027995 1.672386 0.084763
v 0.038336 1.674377 0.083350
v 0.050135 1.676387 0.078070
v -0.030291 1.646365 0.078669
v -0.000000 1.649035 0.080382
v 0.030291 1.646365 0.078669
v -0.068175 1.625309 0.065312
v -0.071802 1.608736 0.055793
v -0.067339 1.590396 0.047098
v -0.038621 1.717481 0.048628
v -0.031336 1.706057 0.057927
v -0.024061 1.694474 0.062013
v -0.050135 1.676387 0.078070
v -0.038336 1.674377 0.083350
v -0.027995 1.672386 0.084763
v 0.041280 1.663196 0.064555
v 0.047004 1.665555 0.066529
v 0.055159 1.669456 0.066028
v -0.035860 1.593593 0.057542
v -0.038643 1.607456 0.059585
v -0.037390 1.621253 0.062302
v 0.032200 1.671162 0.082035
v 0.000000 1.669945 0.086275
v -0.032200 1.671162 0.082035
v -0.055159 1.669456 0.066028
v -0.047004 1.665555 0.066529
v -0.041280 1.663196 0.064555
v 0.071916 1.688570 0.052858
v 0.069803 1.702270 0.043758
v 0.060377 1.715532 0.037086
v 0.023721 1.733044 0.029808
v 0.000000 1.735275 0.028905
v -0.023721 1.733044 0.029808
v 0.018399 1.580688 0.055572
v 0.000000 1.578991 0.055163
v -0.018399 1.580688 0.055572
v -0.060377 1.715532 0.037086
v -0.069803 1.702270 0.043758
v -0.071916 1.688570 0.052858
v -0.048276 1.730762 0.009146
v -0.048593 1.730767 -0.017360
v -0.045181 1.727183 -0.041770
v 0.037390 1.621253 0.062302
v 0.038643 1.607456 0.059585
v 0.035860 1.593593 0.057542
v -0.047781 1.712812 -0.064873
v -0.056029 1.697848 -0.071022
v -0.062708 1.680990 -0.073645
v -0.080608 1.670664 -0.035763
v -0.083278 1.674560 -0.001531
v -0.078232 1.676638 0.033115
v -0.074810 1.660085 -0.035702
v -0.068652 1.659420 -0.000651
v -0.056153 1.660584 0.033428
v -0.036988 1.665433 -0.095337
v 0.000000 1.665574 -0.102398
v 0.036988 1.665433 -0.095337
v 0.074810 1.660085 -0.035702
v 0.068652 1.659420 -0.000651
v 0.056153 1.660584 0.033428
v -0.019929 1.634158 0.064272
v -0.000000 1.635921 0.064008
v 0.019929 1.634158 0.064272
v 0.080608 1.670664 -0.035763
v 0.083278 1.674560 -0.001531
v 0.078232 1.676638 0.033115
v 0.062708 1.680990 -0.073645
v 0.056029 1.697848 -0.071022
v 0.047781 1.712812 -0.064873
v -0.048126 1.574303 0.052331
v -0.043130 1.576866 0.055898
v -0.037105 1.580325 0.056649
v 0.045181 1.727183 -0.041770
v 0.048593 1.730767 -0.017360
v 0.048276 1.730762 0.009146
v 0.023574 1.725315 -0.063311
v 0.000000 1.726704 -0.065916
v -0.023574 1.725315 -0.063311
v -0.040501 1.633976 0.067947
v -0.047474 1.636584 0.071861
v -0.052402 1.637717 0.074394
v 0.048126 1.574303 0.052331
v 0.043130 1.576866 0.055898
v 0.037105 1.580325 0.056649
v -0.143632 0.111925 0.045794
v -0.141997 0.097671 0.054198
v -0.141017 0.083814 0.062025
v -0.128885 0.077472 0.072756
v -0.114999 0.079576 0.073543
v -0.101112 0.077472 0.072755
v -0.152225 0.100868 0.032530
v -0.153052 0.074203 0.032418
v -0.150686 0.048760 0.034582
v -0.149593 0.037294 0.052307
v -0.150466 0.049120 0.060502
v -0.147537 0.061038 0.066404
v -0.130097 0.010021 0.037637
v -0.115000 0.005961 0.036938
v -0.099903 0.010021 0.037636
v -0.080406 0.037294 0.052305
v -0.079532 0.049120 0.060500
v -0.082461 0.061038 0.066403
v 0.101112 0.077472 0.072755
v 0.114999 0.079576 0.073543
v 0.128885 0.077472 0.072756
v -0.098297 0.139117 0.041977
v -0.114994 0.141419 0.044015
v -0.131691 0.139117 0.041982
v -0.088978 0.083814 0.062022
v -0.087996 0.097671 0.054193
v -0.086359 0.111925 0.045787
v -0.079311 0.048760 0.034577
v -0.076943 0.074203 0.032411
v -0.077768 0.100868 0.032521
v -0.076652 0.130857 0.017174
v -0.074910 0.130211 -0.000615
v -0.076646 0.128580 -0.018622
v 0.052402 1.637717 0.074394
v 0.047474 1.636584 0.071861
v 0.040501 1.633976 0.067947
v -0.098298 0.133296 -0.045354
v -0.115006 0.135439 -0.047684
v -0.131714 0.133296 -0.045348
v -0.153359 0.128580 -0.018610
v -0.155090 0.130211 -0.000602
v -0.153343 0.130857 0.017186
v -0.152199 0.093999 -0.032612
v -0.152523 0.066613 -0.029721
v -0.148863 0.042112 -0.028082
v -0.092233 1.444468 -0.021722
v -0.091315 1.442660 -0.006622
v -0.090326 1.444817 0.008447
v -0.141106 0.021893 -0.012148
v -0.141402 0.022622 0.004149
v -0.142191 0.023825 0.021165
v -0.129133 0.011080 -0.026881
v -0.115000 0.007147 -0.026743
v -0.100867 0.011080 -0.026882
v -0.088895 0.021893 -0.012150
v -0.088598 0.022621 0.004147
v -0.087808 0.023825 0.021162
v -0.109001 1.484648 -0.034678
v -0.104503 1.470608 -0.036772
v -0.098222 1.457138 -0.035378
v -0.110682 1.497413 0.009912
v -0.113234 1.498839 -0.005055
v -0.112957 1.497444 -0.020306
v -0.081140 0.042112 -0.028086
v -0.077482 0.066613 -0.029728
v -0.077808 0.093999 -0.032621
v -0.137912 0.066178 -0.060022
v -0.141053 0.082869 -0.056059
v -0.143556 0.101559 -0.048484
v -0.094283 1.457613 0.022819
v -0.100046 1.470892 0.025095
v -0.104693 1.484743 0.023568
v -0.089175 0.026748 -0.040639
v -0.090158 0.034179 -0.051148
v -0.092464 0.044919 -0.057952
v -0.092093 0.066178 -0.060025
v -0.088954 0.082869 -0.056064
v -0.086453 0.101559 -0.048491
v -0.103343 0.053614 -0.063133
v -0.115002 0.053131 -0.064214
v -0.126660 0.053614 -0.063132
v -0.137539 0.044919 -0.057950
v -0.139844 0.034179 -0.051146
v -0.140827 0.026748 -0.040636
v 0.141017 0.083814 0.062025
v 0.141997 0.097671 0.054198
v 0.143632 0.111925 0.045794
v 0.131691 0.139117 0.041982
v 0.114994 0.141419 0.044015
v 0.098297 0.139117 0.041977
v 0.086359 0.111925 0.045787
v 0.087996 0.097671 0.054193
v 0.088978 0.083814 0.062022
v 0.077768 0.100868 0.032521
v 0.076943 0.074203 0.032411
v 0.079311 0.048760 0.034577
v 0.080406 0.037294 0.052305
v 0.079532 0.049120 0.060500
v 0.082461 0.061038 0.066403
v 0.099903 0.010021 0.037636
v 0.115000 0.005961 0.036938
v 0.130097 0.010021 0.037637
v 0.149593 0.037294 0.052307
v 0.150466 0.049120 0.060502
v 0.147537 0.061038 0.066404
v 0.050119 1.440331 -0.055772
v 0.053486 1.435871 -0.067304
v 0.064811 1.434254 -0.083619
v 0.150686 0.048760 0.034582
v 0.153052 0.074203 0.032418
v 0.152225 0.100868 0.032530
v 0.142191 0.023825 0.021165
v 0.141402 0.022622 0.004149
v 0.141106 0.021893 -0.012148
v -0.004835 1.723639 -0.088035
v 0.000000 1.723881 -0.088760
v 0.004835 1.723639 -0.088035
v 0.148863 0.042112 -0.028082
v 0.152523 0.066613 -0.029721
v 0.152199 0.093999 -0.032612
v 0.153359 0.128580 -0.018610
v 0.155090 0.130211 -0.000602
v 0.153343 0.130857 0.017186
v 0.131714 0.133296 -0.045348
v 0.115006 0.135439 -0.047684
v 0.098298 0.133296 -0.045354
v 0.036111 1.431647 0.074165
v 0.051554 1.431926 0.066166
v 0.067292 1.427123 0.060401
v 0.076646 0.128580 -0.018622
v 0.074910 0.130211 -0.000615
v 0.076652 0.130857 0.017174
v 0.077808 0.093999 -0.032621
v 0.077482 0.066613 -0.029728
v 0.081140 0.042112 -0.028086
v -0.009325 1.711585 -0.080605
v -0.009911 1.715444 -0.083559
v -0.009325 1.719816 -0.085679
v 0.088895 0.021893 -0.012150
v 0.088598 0.022621 0.004147
v 0.087808 0.023825 0.021162
v 0.100867 0.011080 -0.026882
v 0.115000 0.007147 -0.026743
v 0.129133 0.011080 -0.026881
v 0.004835 1.707763 -0.078249
v -0.000000 1.707007 -0.078358
v -0.004835 1.707763 -0.078249
v 0.089175 0.026748 -0.040639
v 0.090158 0.034179 -0.051148
v 0.092464 0.044919 -0.057952
v 0.103343 0.053614 -0.063133
v 0.115002 0.053131 -0.064214
v 0.126660 0.053614 -0.063132
v 0.024887 1.384774 0.099032
v 0.021770 1.401927 0.093612
v 0.022605 1.418013 0.086647
v 0.137539 0.044919 -0.057950
v 0.139844 0.034179 -0.051146
v 0.140827 0.026748 -0.040636
v 0.137912 0.066178 -0.060022
v 0.141053 0.082869 -0.056059
v 0.143556 0.101559 -0.048484
v 0.009325 1.719817 -0.085679
v 0.009911 1.715444 -0.083559
v 0.009325 1.711585 -0.080605
v 0.086453 0.101559 -0.048491
v 0.088954 0.082869 -0.056064
v 0.092093 0.066178 -0.060025
v -0.050119 1.440331 -0.055772
v -0.053486 1.435871 -0.067304
v -0.064811 1.434254 -0.083619
v 0.064856 1.425072 0.044633
v 0.053520 1.431545 0.034849
v 0.050044 1.439959 0.029675
v -0.050044 1.439959 0.029675
v -0.053520 1.431545 0.034849
v -0.064856 1.425072 0.044633
v 0.092387 1.422526 0.023186
v 0.092387 1.426708 -0.022818
v 0.092387 1.430890 -0.068822
v 0.046194 1.435072 -0.114826
v 0.000000 1.435072 -0.114826
v -0.046194 1.435072 -0.114826
v -0.092387 1.430890 -0.068822
v -0.092387 1.426708 -0.022818
v -0.092387 1.422526 0.023186
v -0.046194 1.418343 0.069190
v 0.000000 1.418343 0.069190
v 0.046194 1.418343 0.069190
v -0.058931 1.449929 0.014802
v -0.053387 1.449156 0.015626
v -0.050218 1.446559 0.023477
v -0.061472 1.437928 -0.080075
v -0.055789 1.453714 -0.078258
v -0.055265 1.466074 -0.077239
v 0.050218 1.446559 0.023477
v 0.053387 1.449157 0.015626
v 0.058931 1.449929 0.014802
v 0.061472 1.437928 -0.080075
v 0.055789 1.453714 -0.078258
v 0.055265 1.466074 -0.077239
v 0.027444 1.440410 0.043527
v 0.000000 1.440410 0.043527
v -0.027444 1.440410 0.043527
v -0.057961 1.450187 0.011276
v -0.061035 1.459964 -0.020975
v -0.064109 1.469741 -0.053225
v -0.033591 1.479518 -0.085476
v 0.000000 1.479518 -0.085476
v 0.033591 1.479518 -0.085476
v 0.064109 1.469741 -0.053225
v 0.061035 1.459964 -0.020975
v 0.057961 1.450187 0.011276
v 0.060321 1.603867 -0.069341
v 0.059795 1.608259 -0.071491
v 0.060968 1.611705 -0.072031
v 0.050186 1.644262 0.045127
v 0.054292 1.644662 0.047802
v 0.059185 1.645580 0.052064
v -0.060968 1.611705 -0.072031
v -0.059795 1.608259 -0.071491
v -0.060321 1.603867 -0.069341
v -0.050186 1.644262 0.045127
v -0.054292 1.644662 0.047802
v -0.059185 1.645580 0.052064
v -0.034325 1.611768 -0.090494
v 0.000000 1.610293 -0.096513
v 0.034325 1.611768 -0.090494
v 0.080759 1.623325 -0.043342
v 0.086941 1.631931 -0.008229
v 0.081267 1.640537 0.026884
v 0.034832 1.652094 0.074036
v -0.000000 1.653569 0.080055
v -0.034832 1.652094 0.074036
v -0.081267 1.640537 0.026884
v -0.086941 1.631931 -0.008229
v -0.080759 1.623325 -0.043342
v -0.042353 1.662597 0.059132
v -0.048348 1.663424 0.057812
v -0.055517 1.663817 0.057331
v 0.042353 1.662597 0.059132
v 0.048348 1.663424 0.057812
v 0.055517 1.663817 0.057331
v -0.064459 1.650397 -0.080503
v -0.063281 1.653395 -0.080164
v -0.063942 1.657039 -0.077686
v 0.063942 1.657039 -0.077686
v 0.063281 1.653395 -0.080164
v 0.064459 1.650397 -0.080503
v -0.083262 1.649939 -0.048465
v -0.087864 1.654503 -0.010995
v -0.080485 1.659067 0.026475
v -0.033557 1.665195 0.076791
v -0.000000 1.665977 0.083214
v 0.033557 1.665195 0.076791
v 0.080485 1.659067 0.026475
v 0.087864 1.654503 -0.010995
v 0.083262 1.649939 -0.048465
v 0.036335 1.643810 -0.098781
v 0.000000 1.643028 -0.105205
v -0.036335 1.643810 -0.098781
v 0.098222 1.457138 -0.035378
v 0.104503 1.470608 -0.036772
v 0.109001 1.484648 -0.034678
v 0.112957 1.497444 -0.020306
v 0.113234 1.498839 -0.005055
v 0.110682 1.497413 0.009912
v 0.104693 1.484743 0.023568
v 0.100046 1.470892 0.025095
v 0.094283 1.457613 0.022819
v 0.090326 1.444817 0.008447
v 0.091315 1.442660 -0.006622
v 0.092233 1.444468 -0.021722
v -0.802341 1.308228 0.017658
v -0.807037 1.316285 0.018821
v -0.810285 1.325110 0.018015
v -0.813998 1.332937 0.009674
v -0.815248 1.333612 0.000360
v -0.814150 1.333260 -0.008991
v -0.810576 1.325726 -0.017658
v -0.807345 1.316936 -0.018821
v -0.802633 1.308844 -0.018015
v -0.798919 1.301016 -0.009674
v -0.799135 1.299609 -0.000360
v -0.798768 1.300694 0.008991
v 0.802633 1.308844 -0.018015
v 0.807345 1.316936 -0.018821
v 0.810576 1.325726 -0.017658
v 0.814150 1.333260 -0.008991
v 0.815248 1.333612 0.000360
v 0.813998 1.332937 0.009674
v 0.810285 1.325110 0.018015
v 0.807037 1.316285 0.018821
v 0.802342 1.308228 0.017658
v 0.798768 1.300694 0.008991
v 0.799135 1.299609 -0.000360
v 0.798919 1.301017 -0.009674
v -0.094466 0.013149 0.089793
v -0.093185 0.022332 0.095284
v -0.094466 0.032384 0.098952
v -0.104348 0.041306 0.103201
v -0.115000 0.042029 0.104664
v -0.125652 0.041306 0.103201
v -0.135534 0.032384 0.098952
v -0.136815 0.022332 0.095284
v -0.135534 0.013149 0.089793
v -0.125652 0.004227 0.085544
v -0.115000 0.002636 0.085905
v -0.104348 0.004227 0.085544
v 0.135534 0.013149 0.089793
v 0.136815 0.022332 0.095284
v 0.135534 0.032384 0.098952
v 0.125652 0.041306 0.103201
v 0.115000 0.042029 0.104664
v 0.104348 0.041306 0.103201
v 0.094466 0.032384 0.098952
v 0.093185 0.022332 0.095284
v 0.094466 0.013149 0.089793
v 0.104348 0.004227 0.085544
v 0.115000 0.002636 0.085905
v 0.125652 0.004227 0.085544
v -0.086876 1.182896 -0.076012
v -0.080454 1.209494 -0.081975
v -0.077290 1.235972 -0.087121
v 0.077290 1.235972 -0.087121
v 0.080454 1.209494 -0.081975
v 0.086876 1.182896 -0.076012
v 0.080385 1.250551 0.060824
v 0.074577 1.225953 0.055465
v 0.070936 1.203245 0.053724
v -0.080385 1.250551 0.060824
v -0.074577 1.225953 0.055465
v -0.070936 1.203244 0.053724
v 0.065326 1.426670 0.043886
v 0.054036 1.433254 0.034621
v 0.049607 1.438481 0.032965
v -0.049607 1.438481 0.032965
v -0.054036 1.433254 0.034621
v -0.065326 1.426670 0.043886
v -0.055157 1.464819 -0.075835
v -0.056768 1.453418 -0.078414
v -0.066436 1.443373 -0.088600
v 0.055157 1.464819 -0.075835
v 0.056768 1.453418 -0.078414
v 0.066436 1.443373 -0.088600
v 0.061031 1.533016 0.027114
v 0.054336 1.546466 0.028770
v 0.052291 1.558061 0.032859
v -0.052291 1.558061 0.032859
v -0.054336 1.546466 0.028770
v -0.061031 1.533016 0.027114
v -0.060107 1.577197 -0.063449
v -0.060303 1.560115 -0.059309
v -0.065260 1.540873 -0.053107
v -0.084880 1.522259 -0.028598
v -0.084973 1.525003 -0.009128
v -0.083083 1.522061 0.010319
v 0.060107 1.577197 -0.063449
v 0.060303 1.560115 -0.059309
v 0.065260 1.540873 -0.053107
v 0.083083 1.522061 0.010319
v 0.084973 1.525003 -0.009128
v 0.084880 1.522259 -0.028598
v -0.064629 1.623021 -0.073695
v -0.065900 1.631269 -0.075617
v -0.066416 1.639470 -0.077718
v 0.066416 1.639470 -0.077718
v 0.065900 1.631269 -0.075617
v 0.064629 1.623021 -0.073695
v 0.065837 1.659916 0.058123
v 0.067268 1.655724 0.058531
v 0.066435 1.651299 0.058048
v -0.065837 1.659916 0.058123
v -0.067268 1.655724 0.058531
v -0.066435 1.651299 0.058048
v 0.015086 1.675194 0.080291
v 0.012577 1.680680 0.075824
v 0.011702 1.687607 0.070493
v 0.006368 1.696630 0.067130
v 0.000000 1.697208 0.067924
v -0.006368 1.696630 0.067130
v -0.011702 1.687607 0.070493
v -0.012577 1.680680 0.075824
v -0.015086 1.675194 0.080291
v -0.014920 1.692103 0.060907
v -0.016012 1.688732 0.056273
v -0.014920 1.685361 0.051640
v -0.011671 1.679498 0.052954
v -0.012327 1.678285 0.057414
v -0.014244 1.679853 0.060736
v -0.006368 1.680834 0.045417
v -0.000000 1.680256 0.044623
v 0.006368 1.680834 0.045417
v 0.011671 1.679498 0.052954
v 0.012327 1.678285 0.057414
v 0.014244 1.679853 0.060736
v 0.014920 1.685361 0.051640
v 0.016012 1.688732 0.056273
v 0.014920 1.692103 0.060907
v 0.011726 1.701680 0.058953
v 0.011808 1.707936 0.053170
v 0.011891 1.713856 0.047381
v 0.006549 1.722051 0.043907
v -0.000000 1.722857 0.044688
v -0.006549 1.722050 0.043907
v -0.011891 1.713856 0.047381
v -0.011808 1.707936 0.053170
v -0.011726 1.701680 0.058953
v -0.015343 1.715731 0.037791
v -0.016466 1.711025 0.033237
v -0.015343 1.706319 0.028683
v -0.011891 1.696835 0.030830
v -0.011808 1.691517 0.036654
v -0.011726 1.686687 0.042328
v -0.006549 1.699999 0.022567
v 0.000000 1.699193 0.021786
v 0.006549 1.699999 0.022567
v 0.011891 1.696835 0.030830
v 0.011808 1.691517 0.036654
v 0.011726 1.686687 0.042328
v 0.015343 1.706319 0.028683
v 0.016466 1.711025 0.033237
v 0.015343 1.715731 0.037791
v 0.012060 1.725425 0.035689
v 0.012145 1.731315 0.029655
v 0.012231 1.737352 0.023352
v 0.006736 1.746238 0.018726
v -0.000000 1.747122 0.019413
v -0.006736 1.746238 0.018726
v -0.012231 1.737352 0.023352
v -0.012145 1.731315 0.029655
v -0.012060 1.725425 0.035689
v -0.015782 1.739310 0.013346
v -0.016937 1.734151 0.009340
v -0.015782 1.728993 0.005333
v -0.012231 1.719282 0.007386
v -0.012145 1.713715 0.013073
v -0.012060 1.708074 0.018954
v -0.006736 1.722065 -0.000047
v 0.000000 1.721181 -0.000733
v 0.006736 1.722065 -0.000047
v 0.012231 1.719282 0.007386
v 0.012145 1.713715 0.013073
v 0.012060 1.708075 0.018954
v 0.015782 1.728993 0.005333
v 0.016937 1.734151 0.009340
v 0.015782 1.739310 0.013346
v 0.012402 1.749926 0.009518
v 0.012469 1.755732 0.001959
v 0.012503 1.760219 -0.005927
v 0.006829 1.765857 -0.013692
v -0.000000 1.766941 -0.013571
v -0.006829 1.765857 -0.013692
v -0.012503 1.760220 -0.005927
v -0.012469 1.755732 0.001959
v -0.012402 1.749926 0.009518
v -0.015999 1.757365 -0.014644
v -0.017170 1.751041 -0.015353
v -0.015999 1.744717 -0.016062
v -0.012503 1.737755 -0.012163
v -0.012469 1.734400 -0.007647
v -0.012402 1.729894 -0.002966
v -0.006829 1.736224 -0.017013
v 0.000000 1.735140 -0.017135
v 0.006829 1.736224 -0.017013
v 0.012503 1.737755 -0.012163
v 0.012469 1.734400 -0.007647
v 0.012402 1.729894 -0.002966
v 0.015999 1.744717 -0.016062
v 0.017170 1.751041 -0.015353
v 0.015999 1.757365 -0.014644
v 0.012409 1.762365 -0.022326
v 0.012282 1.760018 -0.030545
v 0.012124 1.756342 -0.038507
v 0.006537 1.755060 -0.047391
v -0.000000 1.756042 -0.047854
v -0.006537 1.755060 -0.047391
v -0.012124 1.756342 -0.038507
v -0.012282 1.760018 -0.030545
v -0.012409 1.762365 -0.022326
v -0.015314 1.747366 -0.043766
v -0.016435 1.741637 -0.041067
v -0.015314 1.735908 -0.038368
v -0.012124 1.734568 -0.030913
v -0.012282 1.737441 -0.025963
v -0.012409 1.739253 -0.021226
v -0.006537 1.728215 -0.034743
v 0.000000 1.727232 -0.034280
v 0.006537 1.728215 -0.034743
v 0.012124 1.734568 -0.030913
v 0.012282 1.737441 -0.025963
v 0.012409 1.739253 -0.021226
v 0.015314 1.735908 -0.038368
v 0.016435 1.741637 -0.041067
v 0.015314 1.747367 -0.043766
v 0.011783 1.747974 -0.052884
v 0.011617 1.744014 -0.059244
v 0.011454 1.740186 -0.065237
v 0.006177 1.739147 -0.072683
v -0.000000 1.740049 -0.073239
v -0.006177 1.739147 -0.072683
v -0.011454 1.740186 -0.065237
v -0.011617 1.744014 -0.059244
v -0.011783 1.747974 -0.052884
v -0.014471 1.732087 -0.068331
v -0.015530 1.726829 -0.065089
v -0.014471 1.721571 -0.061848
v -0.011454 1.720675 -0.053257
v -0.011617 1.724161 -0.047386
v -0.011783 1.727659 -0.041645
v -0.006177 1.714511 -0.057496
v 0.000000 1.713609 -0.056940
v 0.006177 1.714511 -0.057496
v 0.011454 1.720675 -0.053257
v 0.011617 1.724161 -0.047386
v 0.011783 1.727659 -0.041645
v 0.014471 1.721571 -0.061848
v 0.015530 1.726829 -0.065089
v 0.014471 1.732087 -0.068331
v 0.011081 1.732754 -0.076595
v 0.010543 1.729149 -0.081417
v 0.009448 1.725737 -0.084864
v -0.009448 1.725738 -0.084864
v -0.010543 1.729149 -0.081417
v -0.011081 1.732754 -0.076595
v -0.009448 1.709653 -0.074949
v -0.010543 1.711200 -0.070353
v -0.011081 1.713888 -0.064965
v 0.009448 1.709653 -0.074949
v 0.010543 1.711200 -0.070353
v 0.011081 1.713888 -0.064965
v -0.068181 1.450030 0.026085
v -0.076544 1.447349 0.025124
v -0.084144 1.447167 0.022353
v -0.087441 1.446332 -0.036648
v -0.079474 1.446119 -0.040787
v -0.070162 1.448295 -0.043294
v -0.108129 1.499768 -0.035463
v -0.101993 1.505274 -0.039772
v -0.093009 1.509783 -0.042675
v -0.103991 1.499737 0.023648
v -0.097833 1.505238 0.026300
v -0.089299 1.509737 0.026930
v 0.070162 1.448295 -0.043294
v 0.079474 1.446119 -0.040787
v 0.087441 1.446332 -0.036648
v 0.084144 1.447167 0.022353
v 0.076544 1.447349 0.025124
v 0.068181 1.450030 0.026085
v 0.103991 1.499737 0.023648
v 0.097833 1.505238 0.026300
v 0.089299 1.509737 0.026930
v 0.108129 1.499768 -0.035463
v 0.101993 1.505274 -0.039772
v 0.093009 1.509783 -0.042675
v -0.092474 1.435358 0.030511
v -0.125240 1.417672 0.034644
v -0.157576 1.402129 0.038010
v -0.186946 1.378509 0.020708
v -0.186641 1.374846 -0.002648
v -0.188264 1.378810 -0.025855
v -0.159927 1.402169 -0.045345
v -0.127200 1.417011 -0.045385
v -0.093853 1.433901 -0.045170
v -0.196788 1.408977 -0.056543
v -0.202601 1.431329 -0.060107
v -0.208167 1.453606 -0.055686
v -0.181943 1.480771 -0.044013
v -0.149727 1.490965 -0.044404
v -0.116394 1.502082 -0.044615
v -0.214745 1.483189 -0.023824
v -0.214919 1.486717 -0.000450
v -0.213165 1.482618 0.022773
v -0.178858 1.479975 0.039438
v -0.146574 1.490397 0.035780
v -0.113292 1.501763 0.031292
v -0.204641 1.452451 0.053462
v -0.198959 1.430234 0.057009
v -0.193525 1.408092 0.052571
v -0.220085 1.381411 0.041042
v -0.249732 1.376280 0.040728
v -0.277898 1.373382 0.039689
v -0.302904 1.361133 0.020398
v -0.302589 1.357888 -0.001055
v -0.303293 1.361890 -0.022363
v -0.279104 1.374719 -0.041358
v -0.251492 1.377496 -0.042801
v -0.222311 1.382394 -0.044040
v -0.307546 1.390782 -0.050511
v -0.310551 1.411984 -0.053756
v -0.313490 1.433056 -0.049672
v -0.292318 1.454469 -0.039738
v -0.267443 1.459153 -0.041119
v -0.240931 1.464843 -0.042360
v -0.317220 1.460932 -0.020398
v -0.317535 1.464177 0.001055
v -0.316831 1.460176 0.022363
v -0.291105 1.453127 0.041310
v -0.265636 1.457888 0.042417
v -0.238545 1.463694 0.042744
v -0.312578 1.431283 0.050511
v -0.309572 1.410082 0.053756
v -0.306634 1.389009 0.049672
v -0.328658 1.370342 0.036981
v -0.351338 1.369135 0.035702
v -0.372707 1.368032 0.034477
v -0.392108 1.357804 0.017731
v -0.391785 1.354996 -0.000893
v -0.392189 1.358510 -0.019394
v -0.372866 1.369366 -0.035822
v -0.351560 1.370505 -0.037099
v -0.329048 1.371732 -0.038440
v -0.395087 1.383746 -0.043844
v -0.397212 1.402247 -0.046671
v -0.399323 1.420627 -0.043134
v -0.380769 1.439216 -0.034477
v -0.359910 1.442805 -0.035702
v -0.338323 1.446517 -0.036981
v -0.402112 1.444917 -0.017731
v -0.402435 1.447725 0.000893
v -0.402031 1.444211 0.019394
v -0.380610 1.437882 0.035822
v -0.359688 1.441435 0.037099
v -0.337933 1.445127 0.038440
v -0.399133 1.418975 0.043844
v -0.397008 1.400474 0.046671
v -0.394897 1.382094 0.043134
v -0.413040 1.365979 0.032146
v -0.432413 1.364893 0.031065
v -0.451296 1.363637 0.030091
v -0.468604 1.354056 0.015584
v -0.468269 1.351595 -0.000784
v -0.468688 1.354675 -0.017046
v -0.451447 1.364801 -0.031264
v -0.432562 1.366095 -0.032277
v -0.413188 1.367224 -0.033400
v -0.471702 1.376795 -0.038535
v -0.473911 1.393012 -0.041020
v -0.476105 1.409123 -0.037911
v -0.459332 1.425640 -0.030091
v -0.440329 1.428953 -0.031065
v -0.420903 1.432309 -0.032146
v -0.479005 1.430413 -0.015584
v -0.479341 1.432875 0.000784
v -0.478921 1.429795 0.017046
v -0.459182 1.424476 0.031264
v -0.440181 1.427751 0.032277
v -0.420755 1.431065 0.033400
v -0.475908 1.407674 0.038535
v -0.473699 1.391458 0.041020
v -0.471504 1.375347 0.037911
v -0.487640 1.360256 0.028606
v -0.505108 1.358140 0.028091
v -0.522102 1.355874 0.027675
v -0.537426 1.346070 0.014546
v -0.537063 1.343779 -0.000732
v -0.537518 1.346645 -0.015911
v -0.522267 1.356940 -0.028754
v -0.505270 1.359223 -0.029187
v -0.487797 1.361360 -0.029721
v -0.540783 1.367228 -0.035970
v -0.543177 1.382317 -0.038289
v -0.545555 1.397308 -0.035387
v -0.530882 1.412704 -0.027675
v -0.513716 1.415869 -0.028091
v -0.496046 1.419094 -0.028606
v -0.548698 1.417118 -0.014546
v -0.549062 1.419408 0.000732
v -0.548607 1.416542 0.015911
v -0.530718 1.411637 0.028754
v -0.513555 1.414786 0.029187
v -0.495888 1.417990 0.029721
v -0.545342 1.395960 0.035970
v -0.542948 1.380871 0.038289
v -0.540569 1.365880 0.035387
v -0.554658 1.351307 0.026971
v -0.570292 1.349105 0.026638
v -0.585595 1.346950 0.026312
v -0.599479 1.337701 0.013842
v -0.599123 1.335523 -0.000697
v -0.599568 1.338248 -0.015141
v -0.585760 1.347962 -0.027338
v -0.570459 1.350130 -0.027677
v -0.554826 1.352346 -0.028023
v -0.602764 1.357821 -0.034229
v -0.605107 1.372170 -0.036436
v -0.607434 1.386425 -0.033674
v -0.594401 1.400912 -0.026312
v -0.579180 1.403740 -0.026638
v -0.563582 1.406637 -0.026971
v -0.610510 1.405264 -0.013842
v -0.610865 1.407442 0.000697
v -0.610420 1.404717 0.015141
v -0.594236 1.399899 0.027338
v -0.579013 1.402715 0.027677
v -0.563415 1.405599 0.028023
v -0.607225 1.385144 0.034229
v -0.604882 1.370795 0.036436
v -0.602555 1.356539 0.033674
v -0.615497 1.342738 0.025676
v -0.630155 1.340676 0.025363
v -0.644598 1.338649 0.025054
v -0.657601 1.329896 0.013179
v -0.657232 1.327829 -0.000663
v -0.657693 1.330415 -0.014415
v -0.644761 1.339612 -0.026030
v -0.630316 1.341652 -0.026352
v -0.615658 1.343726 -0.026677
v -0.661009 1.348993 -0.032589
v -0.663440 1.362612 -0.034690
v -0.665856 1.376142 -0.032061
v -0.653301 1.389963 -0.025054
v -0.638740 1.392672 -0.025363
v -0.624106 1.395392 -0.025676
v -0.669047 1.394022 -0.013179
v -0.669416 1.396090 0.000663
v -0.668955 1.393503 0.014415
v -0.653138 1.389000 0.026030
v -0.638579 1.391696 0.026352
v -0.623944 1.394404 0.026677
v -0.665639 1.374926 0.032589
v -0.663207 1.361307 0.034690
v -0.660792 1.347776 0.032061
v -0.672771 1.334681 0.024454
v -0.686480 1.332508 0.024233
v -0.699933 1.329906 0.024152
v -0.711352 1.320149 0.012932
v -0.710809 1.318166 -0.000651
v -0.711488 1.320647 -0.014145
v -0.700154 1.330820 -0.025094
v -0.686678 1.333430 -0.025177
v -0.672952 1.335616 -0.025407
v -0.716366 1.338468 -0.031977
v -0.719941 1.351533 -0.034039
v -0.723494 1.364512 -0.031459
v -0.711673 1.378592 -0.024152
v -0.697008 1.381672 -0.024233
v -0.682401 1.384523 -0.024454
v -0.728188 1.381664 -0.012932
v -0.728731 1.383648 0.000651
v -0.728052 1.381166 0.014145
v -0.711452 1.377678 0.025094
v -0.696810 1.380749 0.025177
v -0.682221 1.383588 0.025407
v -0.723174 1.363345 0.031977
v -0.719599 1.350281 0.034039
v -0.716046 1.337301 0.031459
v -0.726054 1.322578 0.024636
v -0.738669 1.318014 0.025006
v -0.750924 1.313345 0.025127
v -0.760164 1.302624 0.013173
v -0.759369 1.300684 -0.000663
v -0.760364 1.303111 -0.014409
v -0.751271 1.314259 -0.026106
v -0.738988 1.318932 -0.025981
v -0.726338 1.323493 -0.025597
v -0.767511 1.320541 -0.032574
v -0.772751 1.333318 -0.034674
v -0.777957 1.346013 -0.032046
v -0.769460 1.362011 -0.025127
v -0.755648 1.366949 -0.025006
v -0.741174 1.371316 -0.024636
v -0.784836 1.362788 -0.013173
v -0.785632 1.364728 0.000663
v -0.784636 1.362301 0.014409
v -0.769112 1.361097 0.026106
v -0.755330 1.366031 0.025981
v -0.740890 1.370401 0.025597
v -0.777489 1.344872 0.032574
v -0.772249 1.332094 0.034674
v -0.767043 1.319399 0.032046
v -0.774052 1.305326 0.023587
v -0.784236 1.302975 0.021516
v -0.792658 1.302370 0.018515
v -0.792961 1.303024 -0.019237
v -0.784581 1.303739 -0.022355
v -0.774417 1.306169 -0.024507
v -0.808814 1.337268 -0.018515
v -0.802608 1.343702 -0.021516
v -0.793522 1.350244 -0.023587
v -0.808511 1.336613 0.019237
v -0.802263 1.342938 0.022355
v -0.793157 1.349401 0.024507
v 0.093853 1.433901 -0.045170
v 0.127200 1.417011 -0.045385
v 0.159927 1.402169 -0.045345
v 0.188264 1.378810 -0.025855
v 0.186641 1.374846 -0.002648
v 0.186946 1.378510 0.020708
v 0.157576 1.402129 0.038010
v 0.125240 1.417671 0.034644
v 0.092474 1.435358 0.030511
v 0.193525 1.408092 0.052571
v 0.198959 1.430234 0.057009
v 0.204641 1.452451 0.053462
v 0.178858 1.479975 0.039438
v 0.146574 1.490397 0.035780
v 0.113292 1.501763 0.031292
v 0.213165 1.482618 0.022773
v 0.214919 1.486718 -0.000450
v 0.214745 1.483189 -0.023824
v 0.181943 1.480771 -0.044013
v 0.149727 1.490965 -0.044404
v 0.116394 1.502082 -0.044615
v 0.208167 1.453606 -0.055686
v 0.202601 1.431329 -0.060107
v 0.196788 1.408976 -0.056543
v 0.222311 1.382394 -0.044040
v 0.251492 1.377496 -0.042801
v 0.279104 1.374719 -0.041358
v 0.303293 1.361890 -0.022363
v 0.302589 1.357888 -0.001055
v 0.302904 1.361133 0.020398
v 0.277898 1.373382 0.039689
v 0.249732 1.376280 0.040728
v 0.220085 1.381411 0.041042
v 0.306634 1.389009 0.049672
v 0.309572 1.410082 0.053756
v 0.312578 1.431283 0.050511
v 0.291105 1.453127 0.041310
v 0.265636 1.457888 0.042417
v 0.238545 1.463694 0.042744
v 0.316831 1.460176 0.022363
v 0.317535 1.464177 0.001055
v 0.317220 1.460932 -0.020398
v 0.292317 1.454469 -0.039738
v 0.267443 1.459153 -0.041119
v 0.240931 1.464843 -0.042360
v 0.313490 1.433056 -0.049672
v 0.310551 1.411984 -0.053756
v 0.307546 1.390782 -0.050511
v 0.329048 1.371732 -0.038440
v 0.351560 1.370505 -0.037099
v 0.372866 1.369366 -0.035822
v 0.392189 1.358510 -0.019394
v 0.391785 1.354996 -0.000893
v 0.392108 1.357804 0.017731
v 0.372707 1.368032 0.034477
v 0.351338 1.369135 0.035702
v 0.328658 1.370342 0.036981
v 0.394898 1.382094 0.043134
v 0.397008 1.400474 0.046671
v 0.399133 1.418975 0.043844
v 0.380610 1.437882 0.035822
v 0.359687 1.441435 0.037099
v 0.337933 1.445127 0.038440
v 0.402031 1.444211 0.019394
v 0.402435 1.447725 0.000893
v 0.402112 1.444917 -0.017731
v 0.380769 1.439216 -0.034477
v 0.359910 1.442806 -0.035702
v 0.338323 1.446517 -0.036981
v 0.399323 1.420627 -0.043134
v 0.397212 1.402247 -0.046671
v 0.395087 1.383746 -0.043844
v 0.413187 1.367224 -0.033400
v 0.432562 1.366095 -0.032277
v 0.451447 1.364801 -0.031264
v 0.468688 1.354675 -0.017046
v 0.468269 1.351595 -0.000784
v 0.468604 1.354056 0.015584
v 0.451296 1.363637 0.030091
v 0.432413 1.364893 0.031065
v 0.413040 1.365979 0.032146
v 0.471504 1.375347 0.037911
v 0.473699 1.391458 0.041020
v 0.475908 1.407674 0.038535
v 0.459181 1.424476 0.031264
v 0.440181 1.427751 0.032277
v 0.420755 1.431065 0.033400
v 0.478921 1.429795 0.017046
v 0.479341 1.432875 0.000784
v 0.479005 1.430413 -0.015584
v 0.459332 1.425640 -0.030091
v 0.440329 1.428953 -0.031065
v 0.420902 1.432309 -0.032146
v 0.476105 1.409123 -0.037911
v 0.473911 1.393012 -0.041020
v 0.471702 1.376795 -0.038535
v 0.487797 1.361360 -0.029721
v 0.505270 1.359223 -0.029187
v 0.522267 1.356940 -0.028754
v 0.537518 1.346645 -0.015911
v 0.537063 1.343780 -0.000732
v 0.537426 1.346070 0.014546
v 0.522102 1.355874 0.027675
v 0.505108 1.358140 0.028091
v 0.487640 1.360256 0.028606
v 0.540569 1.365880 0.035387
v 0.542948 1.380871 0.038289
v 0.545342 1.395960 0.035970
v 0.530718 1.411637 0.028754
v 0.513555 1.414786 0.029187
v 0.495888 1.417990 0.029721
v 0.548607 1.416542 0.015911
v 0.549062 1.419408 0.000732
v 0.548698 1.417118 -0.014546
v 0.530883 1.412704 -0.027675
v 0.513716 1.415869 -0.028091
v 0.496046 1.419094 -0.028606
v 0.545555 1.397308 -0.035387
v 0.543177 1.382317 -0.038289
v 0.540783 1.367228 -0.035970
v 0.554826 1.352346 -0.028023
v 0.570459 1.350131 -0.027677
v 0.585760 1.347962 -0.027338
v 0.599568 1.338248 -0.015141
v 0.599123 1.335523 -0.000697
v 0.599479 1.337701 0.013842
v 0.585595 1.346950 0.026312
v 0.570292 1.349105 0.026638
v 0.554658 1.351307 0.026971
v 0.602555 1.356540 0.033674
v 0.604882 1.370795 0.036436
v 0.607225 1.385144 0.034229
v 0.594236 1.399899 0.027338
v 0.579013 1.402715 0.027677
v 0.563415 1.405599 0.028023
v 0.610420 1.404717 0.015141
v 0.610865 1.407442 0.000697
v 0.610510 1.405264 -0.013842
v 0.594401 1.400912 -0.026312
v 0.579180 1.403740 -0.026638
v 0.563582 1.406637 -0.026971
v 0.607434 1.386425 -0.033674
v 0.605107 1.372170 -0.036436
v 0.602764 1.357821 -0.034229
v 0.615658 1.343726 -0.026677
v 0.630316 1.341652 -0.026352
v 0.644761 1.339612 -0.026030
v 0.657693 1.330416 -0.014415
v 0.657232 1.327829 -0.000663
v 0.657601 1.329896 0.013179
v 0.644598 1.338649 0.025054
v 0.630155 1.340676 0.025363
v 0.615497 1.342738 0.025676
v 0.660792 1.347777 0.032061
v 0.663207 1.361307 0.034690
v 0.665639 1.374926 0.032589
v 0.653138 1.389000 0.026030
v 0.638579 1.391696 0.026352
v 0.623944 1.394404 0.026677
v 0.668955 1.393503 0.014415
v 0.669416 1.396090 0.000663
v 0.669047 1.394022 -0.013179
v 0.653301 1.389963 -0.025054
v 0.638740 1.392672 -0.025363
v 0.624106 1.395392 -0.025676
v 0.665856 1.376142 -0.032061
v 0.663441 1.362612 -0.034690
v 0.661009 1.348993 -0.032589
v 0.672952 1.335616 -0.025407
v 0.686678 1.333430 -0.025177
v 0.700154 1.330820 -0.025094
v 0.711488 1.320647 -0.014145
v 0.710809 1.318166 -0.000651
v 0.711352 1.320149 0.012932
v 0.699933 1.329906 0.024152
v 0.686480 1.332508 0.024233
v 0.672771 1.334681 0.024454
v 0.716046 1.337301 0.031459
v 0.719599 1.350281 0.034039
v 0.723174 1.363346 0.031977
v 0.711452 1.377678 0.025094
v 0.696810 1.380749 0.025177
v 0.682221 1.383588 0.025407
v 0.728052 1.381166 0.014145
v 0.728731 1.383648 0.000651
v 0.728188 1.381665 -0.012932
v 0.711673 1.378592 -0.024152
v 0.697008 1.381672 -0.024233
v 0.682401 1.384523 -0.024454
v 0.723494 1.364512 -0.031459
v 0.719941 1.351533 -0.034039
v 0.716366 1.338468 -0.031977
v 0.726338 1.323493 -0.025597
v 0.738988 1.318932 -0.025981
v 0.751271 1.314258 -0.026106
v 0.760364 1.303111 -0.014409
v 0.759368 1.300684 -0.000663
v 0.760164 1.302624 0.013173
v 0.750924 1.313345 0.025127
v 0.738669 1.318014 0.025006
v 0.726054 1.322578 0.024636
v 0.767043 1.319399 0.032046
v 0.772249 1.332094 0.034674
v 0.777489 1.344871 0.032574
v 0.769112 1.361098 0.026106
v 0.755330 1.366031 0.025981
v 0.740890 1.370401 0.025597
v 0.784636 1.362301 0.014409
v 0.785632 1.364728 0.000663
v 0.784836 1.362788 -0.013173
v 0.769460 1.362011 -0.025127
v 0.755648 1.366949 -0.025006
v 0.741174 1.371316 -0.024636
v 0.777957 1.346013 -0.032046
v 0.772751 1.333318 -0.034674
v 0.767511 1.320541 -0.032574
v 0.774417 1.306169 -0.024507
v 0.784581 1.303739 -0.022355
v 0.792961 1.303024 -0.019237
v 0.792658 1.302370 0.018515
v 0.784236 1.302975 0.021516
v 0.774052 1.305326 0.023587
v 0.808511 1.336613 0.019237
v 0.802263 1.342938 0.022355
v 0.793157 1.349401 0.024507
v 0.808814 1.337268 -0.018515
v 0.802608 1.343702 -0.021516
v 0.793522 1.350244 -0.023587
v -0.061519 1.048360 0.038675
v -0.064434 1.024403 0.036748
v -0.065088 0.999081 0.035585
v -0.052955 0.971008 0.014466
v -0.048843 0.970474 -0.010051
v -0.052600 0.971108 -0.034646
v -0.063282 0.999393 -0.056306
v -0.060687 1.023868 -0.057502
v -0.054313 1.044855 -0.058609
v -0.082784 0.975866 -0.068111
v -0.105356 0.979382 -0.072709
v -0.128092 0.982852 -0.068840
v -0.142114 1.022188 -0.058696
v -0.134091 1.060753 -0.061570
v -0.122041 1.100248 -0.064905
v -0.159558 0.987247 -0.035977
v -0.164271 0.987612 -0.011178
v -0.161114 0.986807 0.013698
v -0.147260 1.020165 0.034605
v -0.143158 1.053643 0.033929
v -0.137404 1.080678 0.031843
v -0.130931 0.982050 0.047163
v -0.107758 0.978703 0.051480
v -0.084422 0.975403 0.047330
v -0.065344 0.945680 0.033997
v -0.066149 0.918349 0.033271
v -0.067268 0.890943 0.032567
v -0.056758 0.863446 0.012902
v -0.052833 0.863359 -0.010000
v -0.056758 0.863446 -0.032902
v -0.067254 0.890947 -0.052573
v -0.066040 0.918380 -0.053322
v -0.064975 0.945784 -0.054170
v -0.087505 0.864129 -0.063657
v -0.110402 0.864638 -0.067583
v -0.133298 0.865147 -0.063657
v -0.152266 0.893005 -0.052592
v -0.151760 0.921643 -0.053476
v -0.150246 0.952263 -0.054688
v -0.164045 0.865830 -0.032902
v -0.167970 0.865917 -0.010000
v -0.164045 0.865830 0.012902
v -0.152307 0.892994 0.032560
v -0.152087 0.921551 0.033220
v -0.151352 0.951950 0.033824
v -0.133298 0.865147 0.043657
v -0.110402 0.864638 0.047583
v -0.087505 0.864129 0.043657
v -0.069808 0.836846 0.031201
v -0.071064 0.810374 0.030534
v -0.072303 0.784263 0.029875
v -0.062499 0.758234 0.011450
v -0.058823 0.758131 -0.010000
v -0.062500 0.758178 -0.031451
v -0.072304 0.784219 -0.049875
v -0.071064 0.810361 -0.050534
v -0.069808 0.836844 -0.051201
v -0.091299 0.758730 -0.060255
v -0.112745 0.759164 -0.063932
v -0.134191 0.759609 -0.060255
v -0.152035 0.785933 -0.049875
v -0.152112 0.812145 -0.050534
v -0.152190 0.838673 -0.051201
v -0.162989 0.760237 -0.031450
v -0.166665 0.760340 -0.010000
v -0.162988 0.760293 0.011451
v -0.152034 0.785977 0.029875
v -0.152112 0.812158 0.030534
v -0.152190 0.838674 0.031201
v -0.134188 0.759741 0.040255
v -0.112743 0.759307 0.043932
v -0.091297 0.758862 0.040255
v -0.074732 0.732981 0.028585
v -0.075878 0.707593 0.027992
v -0.076922 0.682131 0.027486
v -0.067471 0.656151 0.010429
v -0.064024 0.655944 -0.009698
v -0.067476 0.655816 -0.029825
v -0.076930 0.681668 -0.047232
v -0.075884 0.707271 -0.047918
v -0.074735 0.732782 -0.048576
v -0.094506 0.655898 -0.056851
v -0.114633 0.656097 -0.060300
v -0.134759 0.656353 -0.056848
v -0.151641 0.682720 -0.047229
v -0.151784 0.708535 -0.047916
v -0.151882 0.734236 -0.048575
v -0.161782 0.656884 -0.029819
v -0.165229 0.657091 -0.009692
v -0.161777 0.657219 0.010435
v -0.151634 0.683184 0.027489
v -0.151778 0.708857 0.027994
v -0.151879 0.734435 0.028586
v -0.134747 0.657137 0.037461
v -0.114620 0.656938 0.040910
v -0.094495 0.656681 0.037458
v -0.078540 0.630327 0.026879
v -0.079113 0.604182 0.026775
v -0.079581 0.578360 0.026755
v -0.070145 0.552982 0.010913
v -0.066866 0.552679 -0.008229
v -0.070152 0.552390 -0.027371
v -0.079593 0.577359 -0.044054
v -0.079124 0.603293 -0.044890
v -0.078551 0.629570 -0.045714
v -0.095864 0.552042 -0.053071
v -0.115009 0.552028 -0.056350
v -0.134152 0.552116 -0.053065
v -0.150408 0.577621 -0.044044
v -0.150794 0.603720 -0.044882
v -0.151145 0.630191 -0.045708
v -0.159855 0.552564 -0.027356
v -0.163134 0.552866 -0.008214
v -0.159848 0.553156 0.010928
v -0.150395 0.578621 0.026765
v -0.150782 0.604609 0.026784
v -0.151134 0.630948 0.026885
v -0.134136 0.553504 0.036628
v -0.114991 0.553517 0.039907
v -0.095848 0.553429 0.036622
v -0.080370 0.529133 0.026802
v -0.080737 0.505931 0.026828
v -0.081093 0.483458 0.026853
v -0.072005 0.461273 0.011674
v -0.068863 0.460962 -0.006674
v -0.072012 0.460651 -0.025021
v -0.081105 0.482311 -0.040940
v -0.080750 0.504783 -0.041676
v -0.080382 0.528003 -0.042437
v -0.096658 0.460234 -0.049654
v -0.115009 0.460180 -0.052796
v -0.133358 0.460234 -0.049647
v -0.148908 0.482313 -0.040927
v -0.149263 0.504800 -0.041664
v -0.149631 0.528060 -0.042425
v -0.157995 0.460651 -0.025005
v -0.161137 0.460962 -0.006657
v -0.157988 0.461273 0.011690
v -0.148895 0.483460 0.026866
v -0.149250 0.505948 0.026840
v -0.149618 0.529190 0.026814
v -0.133342 0.461691 0.036323
v -0.114991 0.461744 0.039465
v -0.096642 0.461691 0.036317
v -0.081780 0.439991 0.026902
v -0.082116 0.418778 0.026926
v -0.082447 0.397858 0.026950
v -0.073714 0.376948 0.012374
v -0.070697 0.376649 -0.005245
v -0.073721 0.376351 -0.022862
v -0.082459 0.396755 -0.038135
v -0.082128 0.417664 -0.038821
v -0.081793 0.438865 -0.039516
v -0.097387 0.375950 -0.046516
v -0.115008 0.375899 -0.049533
v -0.132628 0.375950 -0.046510
v -0.147554 0.396755 -0.038123
v -0.147884 0.417664 -0.038808
v -0.148220 0.438865 -0.039503
v -0.156286 0.376351 -0.022847
v -0.159303 0.376650 -0.005228
v -0.156279 0.376948 0.012390
v -0.147541 0.397858 0.026962
v -0.147872 0.418778 0.026939
v -0.148207 0.439991 0.026915
v -0.132613 0.377349 0.036044
v -0.114992 0.377400 0.039061
v -0.097372 0.377349 0.036037
v -0.083097 0.356758 0.026997
v -0.083417 0.336528 0.027020
v -0.083734 0.316488 0.027042
v -0.075347 0.296386 0.013043
v -0.072449 0.296099 -0.003879
v -0.075353 0.295812 -0.020800
v -0.083745 0.315429 -0.035470
v -0.083429 0.335458 -0.036126
v -0.083109 0.355677 -0.036789
v -0.098084 0.295427 -0.043519
v -0.115008 0.295378 -0.046416
v -0.131931 0.295427 -0.043512
v -0.146266 0.315429 -0.035458
v -0.146583 0.335458 -0.036114
v -0.146903 0.355677 -0.036777
v -0.154653 0.295812 -0.020785
v -0.157551 0.296099 -0.003863
v -0.154647 0.296386 0.013058
v -0.146255 0.316488 0.027054
v -0.146571 0.336528 0.027032
v -0.146891 0.356759 0.027009
v -0.131916 0.296771 0.035776
v -0.114992 0.296820 0.038674
v -0.098069 0.296771 0.035770
v -0.084360 0.276919 0.027087
v -0.084669 0.257364 0.027110
v -0.084976 0.237951 0.027132
v -0.076927 0.218442 0.013690
v -0.074144 0.218166 -0.002558
v -0.076933 0.217891 -0.018805
v -0.084987 0.236934 -0.032897
v -0.084680 0.256337 -0.033533
v -0.084371 0.275880 -0.034173
v -0.098758 0.217521 -0.040618
v -0.115008 0.217474 -0.043400
v -0.131257 0.217521 -0.040612
v -0.145024 0.236934 -0.032885
v -0.145331 0.256337 -0.033521
v -0.145640 0.275881 -0.034162
v -0.153074 0.217891 -0.018790
v -0.155856 0.218167 -0.002542
v -0.153067 0.218442 0.013704
v -0.145013 0.237951 0.027143
v -0.145320 0.257365 0.027121
v -0.145629 0.276919 0.027099
v -0.131242 0.218812 0.035518
v -0.114992 0.218859 0.038300
v -0.098743 0.218812 0.035512
v -0.085539 0.199360 0.027274
v -0.085526 0.179248 0.027990
v -0.084950 0.157246 0.029945
v -0.084953 0.154739 -0.033033
v -0.085535 0.177821 -0.031783
v -0.085550 0.198308 -0.031734
v -0.145057 0.154739 -0.033023
v -0.144476 0.177822 -0.031772
v -0.144461 0.198308 -0.031722
v -0.145040 0.157247 0.029955
v -0.144463 0.179248 0.028001
v -0.144450 0.199360 0.027285
v -0.088969 0.014865 0.055883
v -0.091253 0.009625 0.068242
v -0.094092 0.007352 0.078301
v -0.135908 0.007352 0.078301
v -0.138747 0.009625 0.068243
v -0.141030 0.014865 0.055883
v -0.135860 0.045075 0.096336
v -0.138362 0.052254 0.089118
v -0.139697 0.060761 0.079891
v -0.094140 0.045075 0.096336
v -0.091638 0.052254 0.089117
v -0.090302 0.060761 0.079890
v 0.054313 1.044855 -0.058609
v 0.060687 1.023868 -0.057502
v 0.063282 0.999393 -0.056306
v 0.052600 0.971108 -0.034646
v 0.048843 0.970474 -0.010051
v 0.052955 0.971008 0.014466
v 0.065088 0.999081 0.035585
v 0.064434 1.024403 0.036748
v 0.061519 1.048360 0.038675
v 0.084422 0.975403 0.047330
v 0.107758 0.978703 0.051480
v 0.130931 0.982049 0.047163
v 0.147260 1.020165 0.034605
v 0.143158 1.053643 0.033929
v 0.137404 1.080678 0.031843
v 0.161114 0.986807 0.013698
v 0.164271 0.987612 -0.011178
v 0.159558 0.987247 -0.035977
v 0.142114 1.022188 -0.058696
v 0.134091 1.060753 -0.061570
v 0.122041 1.100248 -0.064905
v 0.128092 0.982852 -0.068840
v 0.105356 0.979382 -0.072709
v 0.082784 0.975866 -0.068111
v 0.064975 0.945784 -0.054170
v 0.066040 0.918380 -0.053322
v 0.067254 0.890947 -0.052573
v 0.056758 0.863446 -0.032902
v 0.052833 0.863359 -0.010000
v 0.056758 0.863446 0.012902
v 0.067268 0.890943 0.032567
v 0.066149 0.918349 0.033271
v 0.065344 0.945680 0.033997
v 0.087505 0.864129 0.043657
v 0.110402 0.864638 0.047583
v 0.133298 0.865147 0.043657
v 0.152307 0.892994 0.032560
v 0.152087 0.921551 0.033220
v 0.151352 0.951950 0.033824
v 0.164045 0.865830 0.012902
v 0.167970 0.865917 -0.010000
v 0.164045 0.865830 -0.032902
v 0.152266 0.893005 -0.052592
v 0.151760 0.921643 -0.053476
v 0.150246 0.952263 -0.054688
v 0.133298 0.865147 -0.063657
v 0.110402 0.864638 -0.067583
v 0.087505 0.864129 -0.063657
v 0.069808 0.836844 -0.051201
v 0.071064 0.810361 -0.050534
v 0.072304 0.784219 -0.049875
v 0.062500 0.758178 -0.031451
v 0.058823 0.758131 -0.010000
v 0.062499 0.758234 0.011450
v 0.072303 0.784263 0.029875
v 0.071064 0.810374 0.030534
v 0.069808 0.836846 0.031201
v 0.091297 0.758862 0.040255
v 0.112743 0.759307 0.043932
v 0.134188 0.759741 0.040255
v 0.152034 0.785977 0.029875
v 0.152112 0.812158 0.030534
v 0.152190 0.838674 0.031201
v 0.162988 0.760293 0.011451
v 0.166665 0.760340 -0.010000
v 0.162989 0.760237 -0.031450
v 0.152035 0.785934 -0.049875
v 0.152112 0.812145 -0.050534
v 0.152190 0.838673 -0.051201
v 0.134191 0.759609 -0.060255
v 0.112745 0.759164 -0.063932
v 0.091299 0.758730 -0.060255
v 0.074735 0.732782 -0.048576
v 0.075884 0.707271 -0.047918
v 0.076930 0.681668 -0.047232
v 0.067476 0.655816 -0.029825
v 0.064024 0.655944 -0.009698
v 0.067471 0.656151 0.010429
v 0.076922 0.682131 0.027486
v 0.075878 0.707593 0.027992
v 0.074732 0.732981 0.028585
v 0.094495 0.656681 0.037458
v 0.114620 0.656938 0.040910
v 0.134747 0.657137 0.037461
v 0.151634 0.683183 0.027489
v 0.151778 0.708857 0.027994
v 0.151879 0.734435 0.028586
v 0.161777 0.657219 0.010435
v 0.165229 0.657090 -0.009692
v 0.161782 0.656884 -0.029819
v 0.151641 0.682720 -0.047229
v 0.151784 0.708535 -0.047916
v 0.151882 0.734236 -0.048575
v 0.134759 0.656353 -0.056848
v 0.114633 0.656097 -0.060300
v 0.094506 0.655898 -0.056851
v 0.078551 0.629570 -0.045714
v 0.079124 0.603293 -0.044890
v 0.079593 0.577359 -0.044054
v 0.070152 0.552390 -0.027371
v 0.066866 0.552679 -0.008229
v 0.070145 0.552982 0.010913
v 0.079581 0.578360 0.026755
v 0.079113 0.604182 0.026775
v 0.078540 0.630327 0.026879
v 0.095848 0.553429 0.036622
v 0.114991 0.553517 0.039907
v 0.134136 0.553504 0.036628
v 0.150395 0.578621 0.026765
v 0.150782 0.604609 0.026784
v 0.151134 0.630948 0.026885
v 0.159848 0.553156 0.010928
v 0.163134 0.552866 -0.008214
v 0.159855 0.552564 -0.027356
v 0.150408 0.577621 -0.044044
v 0.150794 0.603720 -0.044882
v 0.151145 0.630191 -0.045708
v 0.134152 0.552116 -0.053065
v 0.115009 0.552028 -0.056350
v 0.095864 0.552042 -0.053071
v 0.080382 0.528003 -0.042437
v 0.080750 0.504783 -0.041676
v 0.081105 0.482311 -0.040940
v 0.072012 0.460651 -0.025021
v 0.068863 0.460962 -0.006674
v 0.072005 0.461273 0.011674
v 0.081093 0.483458 0.026853
v 0.080737 0.505931 0.026828
v 0.080370 0.529133 0.026802
v 0.096642 0.461691 0.036317
v 0.114991 0.461744 0.039465
v 0.133342 0.461691 0.036323
v 0.148895 0.483460 0.026866
v 0.149250 0.505948 0.026840
v 0.149618 0.529190 0.026814
v 0.157988 0.461273 0.011690
v 0.161137 0.460963 -0.006657
v 0.157995 0.460651 -0.025005
v 0.148908 0.482313 -0.040927
v 0.149263 0.504800 -0.041664
v 0.149631 0.528060 -0.042425
v 0.133358 0.460234 -0.049647
v 0.115009 0.460180 -0.052796
v 0.096658 0.460234 -0.049654
v 0.081793 0.438865 -0.039516
v 0.082128 0.417664 -0.038821
v 0.082459 0.396755 -0.038135
v 0.073721 0.376351 -0.022862
v 0.070697 0.376649 -0.005245
v 0.073714 0.376948 0.012374
v 0.082447 0.397858 0.026950
v 0.082116 0.418778 0.026926
v 0.081780 0.439991 0.026902
v 0.097372 0.377349 0.036037
v 0.114992 0.377400 0.039061
v 0.132613 0.377349 0.036044
v 0.147541 0.397858 0.026962
v 0.147872 0.418778 0.026939
v 0.148207 0.439991 0.026915
v 0.156279 0.376948 0.012390
v 0.159303 0.376650 -0.005228
v 0.156286 0.376351 -0.022847
v 0.147554 0.396755 -0.038123
v 0.147884 0.417664 -0.038808
v 0.148220 0.438865 -0.039503
v 0.132628 0.375950 -0.046510
v 0.115008 0.375899 -0.049533
v 0.097387 0.375950 -0.046516
v 0.083109 0.355677 -0.036789
v 0.083429 0.335458 -0.036126
v 0.083745 0.315428 -0.035470
v 0.075353 0.295812 -0.020800
v 0.072449 0.296099 -0.003879
v 0.075347 0.296386 0.013043
v 0.083734 0.316488 0.027042
v 0.083417 0.336528 0.027020
v 0.083097 0.356758 0.026997
v 0.098069 0.296771 0.035770
v 0.114992 0.296820 0.038674
v 0.131916 0.296771 0.035776
v 0.146255 0.316488 0.027054
v 0.146572 0.336528 0.027032
v 0.146891 0.356759 0.027009
v 0.154647 0.296386 0.013058
v 0.157551 0.296099 -0.003863
v 0.154653 0.295812 -0.020785
v 0.146266 0.315429 -0.035458
v 0.146583 0.335458 -0.036114
v 0.146903 0.355677 -0.036777
v 0.131931 0.295427 -0.043512
v 0.115008 0.295378 -0.046416
v 0.098084 0.295427 -0.043519
v 0.084371 0.275880 -0.034173
v 0.084680 0.256337 -0.033533
v 0.084987 0.236934 -0.032897
v 0.076933 0.217891 -0.018805
v 0.074144 0.218166 -0.002558
v 0.076927 0.218442 0.013690
v 0.084976 0.237951 0.027132
v 0.084669 0.257364 0.027110
v 0.084360 0.276919 0.027087
v 0.098743 0.218812 0.035512
v 0.114992 0.218859 0.038300
v 0.131242 0.218812 0.035518
v 0.145013 0.237951 0.027143
v 0.145320 0.257365 0.027121
v 0.145629 0.276919 0.027099
v 0.153067 0.218442 0.013704
v 0.155856 0.218167 -0.002542
v 0.153074 0.217891 -0.018790
v 0.145024 0.236934 -0.032885
v 0.145331 0.256337 -0.033521
v 0.145640 0.275881 -0.034162
v 0.131257 0.217521 -0.040612
v 0.115008 0.217474 -0.043400
v 0.098758 0.217521 -0.040618
v 0.085550 0.198308 -0.031734
v 0.085535 0.177821 -0.031783
v 0.084953 0.154739 -0.033033
v 0.084950 0.157246 0.029945
v 0.085526 0.179248 0.027990
v 0.085539 0.199360 0.027274
v 0.145040 0.157247 0.029955
v 0.144463 0.179248 0.028001
v 0.144450 0.199360 0.027285
v 0.145057 0.154739 -0.033023
v 0.144476 0.177822 -0.031772
v 0.144461 0.198308 -0.031722
v 0.141030 0.014865 0.055883
v 0.138747 0.009625 0.068243
v 0.135908 0.007352 0.078301
v 0.094092 0.007352 0.078301
v 0.091253 0.009625 0.068242
v 0.088969 0.014865 0.055883
v 0.094140 0.045075 0.096336
v 0.091638 0.052254 0.089117
v 0.090302 0.060761 0.079890
v 0.135860 0.045075 0.096336
v 0.138362 0.052254 0.089118
v 0.139697 0.060761 0.079891
v -0.000000 1.295727 0.101610
v 0.034299 1.287833 0.095815
v 0.019146 1.302052 0.102987
v 0.000000 1.314959 0.107585
v -0.019146 1.302052 0.102987
v -0.034299 1.287833 0.095815
v -0.000000 1.284157 0.096864
v -0.006264 1.717932 -0.051572
v 0.000000 1.717017 -0.051011
v 0.006264 1.717932 -0.051572
v -0.006353 1.721369 -0.045718
v -0.000000 1.720438 -0.045163
v 0.006353 1.721369 -0.045718
v -0.006444 1.724802 -0.040065
v -0.000000 1.723851 -0.039538
v 0.006444 1.724802 -0.040065
v -0.014676 1.735766 -0.062523
v -0.015750 1.730431 -0.059247
v -0.014676 1.725096 -0.055971
v -0.014884 1.739516 -0.056557
v -0.015973 1.734087 -0.053315
v -0.014884 1.728659 -0.050073
v -0.015097 1.743372 -0.050338
v -0.016201 1.737817 -0.047265
v -0.015097 1.732262 -0.044192
v 0.006264 1.742930 -0.066921
v -0.000000 1.743845 -0.067483
v -0.006264 1.742930 -0.066921
v 0.006353 1.746806 -0.060911
v 0.000000 1.747736 -0.061467
v -0.006353 1.746806 -0.060911
v 0.006444 1.750831 -0.054465
v 0.000000 1.751783 -0.054991
v -0.006444 1.750831 -0.054465
v 0.015534 1.739501 -0.032634
v 0.016671 1.745455 -0.034710
v 0.015534 1.751409 -0.036787
v 0.015737 1.742556 -0.027001
v 0.016888 1.748729 -0.028254
v 0.015737 1.754903 -0.029507
v 0.015899 1.744489 -0.021475
v 0.017063 1.750809 -0.021776
v 0.015899 1.757129 -0.022077
v -0.006630 1.731507 -0.029845
v -0.000000 1.730486 -0.029489
v 0.006630 1.731507 -0.029845
v -0.006717 1.734266 -0.025319
v -0.000000 1.733208 -0.025104
v 0.006717 1.734266 -0.025319
v -0.006786 1.736002 -0.021072
v 0.000000 1.734919 -0.021020
v 0.006786 1.736002 -0.021072
v -0.015534 1.751409 -0.036787
v -0.016671 1.745455 -0.034710
v -0.015534 1.739501 -0.032634
v -0.015737 1.754903 -0.029507
v -0.016888 1.748730 -0.028254
v -0.015737 1.742556 -0.027001
v -0.015899 1.757129 -0.022077
v -0.017063 1.750809 -0.021776
v -0.015899 1.744489 -0.021475
v 0.006630 1.759404 -0.039575
v 0.000000 1.760424 -0.039931
v -0.006630 1.759404 -0.039575
v 0.006717 1.763193 -0.031190
v 0.000000 1.764251 -0.031405
v -0.006717 1.763193 -0.031190
v 0.006786 1.765615 -0.022480
v -0.000000 1.766699 -0.022532
v -0.006786 1.765615 -0.022480
v 0.016020 1.742845 -0.010750
v 0.017192 1.748987 -0.009045
v 0.016020 1.755130 -0.007340
v 0.015976 1.739233 -0.005471
v 0.017145 1.745066 -0.002844
v 0.015976 1.750899 -0.000217
v 0.015890 1.734433 -0.000138
v 0.017052 1.739910 0.003276
v 0.015890 1.745388 0.006690
v -0.006838 1.734596 -0.013040
v 0.000000 1.733543 -0.013332
v 0.006838 1.734596 -0.013040
v -0.006819 1.731401 -0.008998
v 0.000000 1.730401 -0.009448
v 0.006819 1.731401 -0.008998
v -0.006782 1.727077 -0.004722
v 0.000000 1.726138 -0.005307
v 0.006782 1.727077 -0.004722
v -0.016020 1.755130 -0.007340
v -0.017192 1.748987 -0.009045
v -0.016020 1.742844 -0.010750
v -0.015976 1.750899 -0.000217
v -0.017145 1.745066 -0.002844
v -0.015976 1.739233 -0.005471
v -0.015890 1.745388 0.006690
v -0.017052 1.739910 0.003276
v -0.015890 1.734433 -0.000138
v 0.006838 1.763379 -0.005050
v -0.000000 1.764431 -0.004758
v -0.006838 1.763379 -0.005050
v 0.006819 1.758732 0.003310
v -0.000000 1.759732 0.003760
v -0.006819 1.758732 0.003310
v 0.006782 1.752743 0.011274
v -0.000000 1.753682 0.011859
v -0.006782 1.752743 0.011274
v 0.015671 1.723376 0.011003
v 0.016818 1.728317 0.015369
v 0.015671 1.733257 0.019735
v 0.015561 1.717702 0.016830
v 0.016700 1.722515 0.021364
v 0.015561 1.727328 0.025898
v 0.015452 1.712005 0.022745
v 0.016582 1.716750 0.027321
v 0.015452 1.721494 0.031897
v -0.006689 1.716741 0.005141
v 0.000000 1.715894 0.004393
v 0.006689 1.716741 0.005141
v -0.006642 1.711240 0.010741
v 0.000000 1.710415 0.009964
v 0.006642 1.711240 0.010741
v -0.006595 1.705635 0.016601
v -0.000000 1.704821 0.015816
v 0.006595 1.705634 0.016601
v -0.108832 1.348842 0.066709
v -0.107842 1.326102 0.069037
v -0.106704 1.348895 0.070844
v -0.103459 1.372002 0.066244
v -0.107635 1.363048 0.061648
v -0.110402 1.352990 0.053001
v -0.110522 1.337040 0.061606
v -0.015671 1.733258 0.019735
v -0.016818 1.728317 0.015369
v -0.015671 1.723376 0.011003
v -0.015561 1.727328 0.025898
v -0.016700 1.722515 0.021364
v -0.015561 1.717702 0.016830
v -0.015452 1.721494 0.031897
v -0.016582 1.716750 0.027321
v -0.015452 1.712006 0.022745
v 0.006689 1.739893 0.025597
v -0.000000 1.740740 0.026345
v -0.006689 1.739893 0.025597
v 0.006642 1.733791 0.031987
v -0.000000 1.734616 0.032764
v -0.006642 1.733791 0.031987
v 0.006595 1.727865 0.038042
v 0.000000 1.728679 0.038826
v -0.006595 1.727865 0.038042
v 0.015235 1.700692 0.034580
v 0.016350 1.705346 0.039105
v 0.015235 1.710000 0.043631
v 0.015129 1.695237 0.040396
v 0.016236 1.699727 0.044912
v 0.015129 1.704216 0.049428
v 0.015023 1.690084 0.046094
v 0.016123 1.694183 0.050640
v 0.015023 1.698283 0.055186
v 0.063325 1.481586 -0.068359
v 0.069097 1.494647 -0.063359
v 0.067724 1.481967 -0.064296
v 0.061111 1.469306 -0.063376
v 0.056994 1.474144 -0.069421
v 0.051928 1.481148 -0.072545
v 0.060991 1.488777 -0.069420
v -0.006503 1.694442 0.028503
v -0.000000 1.693644 0.027727
v 0.006503 1.694442 0.028503
v -0.006457 1.689208 0.034331
v 0.000000 1.688438 0.033557
v 0.006457 1.689208 0.034331
v -0.006412 1.684579 0.039990
v -0.000000 1.683876 0.039210
v 0.006412 1.684579 0.039990
v -0.061198 1.442953 0.055927
v -0.039235 1.447109 0.063920
v -0.052023 1.447453 0.054376
v -0.065963 1.445341 0.043456
v -0.072594 1.438806 0.049834
v -0.072969 1.432794 0.057416
v -0.056715 1.441285 0.061909
v -0.015235 1.710000 0.043631
v -0.016350 1.705346 0.039105
v -0.015235 1.700692 0.034580
v -0.015129 1.704216 0.049428
v -0.016236 1.699727 0.044912
v -0.015129 1.695237 0.040396
v -0.015023 1.698283 0.055186
v -0.016123 1.694183 0.050640
v -0.015023 1.690084 0.046094
v 0.006503 1.716250 0.049708
v 0.000000 1.717048 0.050484
v -0.006503 1.716250 0.049708
v 0.006457 1.710245 0.055493
v -0.000000 1.711015 0.056267
v -0.006457 1.710245 0.055493
v 0.006412 1.703788 0.061291
v 0.000000 1.704491 0.062070
v -0.006412 1.703788 0.061291
v -0.000000 1.455109 0.044143
v -0.000000 1.453409 0.056165
v 0.016737 1.454381 0.047449
v 0.027534 1.453986 0.037852
v -0.000000 1.454882 0.037591
v -0.027534 1.453986 0.037852
v -0.016737 1.454381 0.047449
v 0.014962 1.681335 0.056928
v 0.016068 1.683553 0.061724
v 0.014984 1.685770 0.066520
v 0.015868 1.678828 0.061585
v 0.017121 1.679483 0.066619
v 0.016040 1.680137 0.071653
v 0.018500 1.678797 0.065167
v 0.020165 1.677523 0.070514
v 0.019079 1.676249 0.075861
v -0.006380 1.678357 0.050488
v -0.000000 1.677977 0.049666
v 0.006380 1.678357 0.050488
v -0.006724 1.677948 0.054825
v -0.000000 1.677836 0.053962
v 0.006724 1.677948 0.054825
v -0.007730 1.680508 0.057986
v 0.000000 1.680727 0.057070
v 0.007730 1.680508 0.057986
v -0.014984 1.685770 0.066520
v -0.016068 1.683553 0.061724
v -0.014962 1.681335 0.056928
v -0.016040 1.680137 0.071653
v -0.017121 1.679483 0.066619
v -0.015868 1.678828 0.061585
v -0.019079 1.676249 0.075861
v -0.020165 1.677523 0.070514
v -0.018500 1.678797 0.065167
v 0.006402 1.688748 0.072960
v 0.000000 1.689128 0.073782
v -0.006402 1.688748 0.072960
v 0.006895 1.681017 0.078413
v 0.000000 1.681129 0.079276
v -0.006895 1.681017 0.078413
v 0.008310 1.674538 0.083041
v -0.000000 1.674320 0.083958
v -0.008310 1.674538 0.083041
v 0.108832 1.348842 0.066709
v 0.110402 1.352990 0.053001
v 0.107635 1.363048 0.061648
v 0.103459 1.372002 0.066244
v 0.106704 1.348895 0.070844
v 0.107842 1.326102 0.069037
v 0.110522 1.337040 0.061606
v -0.084525 1.655284 0.027347
v -0.090924 1.649693 -0.009797
v -0.084924 1.644103 -0.046941
v -0.085781 1.650184 0.028138
v -0.091553 1.643497 -0.008543
v -0.084841 1.636810 -0.045224
v -0.084584 1.644892 0.028200
v -0.090107 1.637160 -0.007824
v -0.083343 1.629428 -0.043847
v 0.061198 1.442953 0.055927
v 0.072969 1.432794 0.057416
v 0.072594 1.438806 0.049834
v 0.065963 1.445341 0.043456
v 0.052023 1.447453 0.054376
v 0.039235 1.447109 0.063920
v 0.056715 1.441285 0.061909
v 0.035964 1.662792 0.077226
v 0.000000 1.663750 0.083593
v -0.035964 1.662791 0.077226
v 0.036883 1.659163 0.077395
v 0.000000 1.660309 0.083684
v -0.036883 1.659163 0.077395
v 0.036459 1.655275 0.076574
v -0.000000 1.656601 0.082749
v -0.036459 1.655275 0.076574
v 0.084924 1.644103 -0.046941
v 0.090924 1.649693 -0.009797
v 0.084525 1.655284 0.027347
v 0.084841 1.636810 -0.045224
v 0.091553 1.643497 -0.008543
v 0.085781 1.650184 0.028138
v 0.083343 1.629428 -0.043847
v 0.090107 1.637160 -0.007824
v 0.084584 1.644892 0.028200
v -0.036362 1.636595 -0.096820
v -0.000000 1.635637 -0.103188
v 0.036362 1.636595 -0.096820
v -0.035943 1.627830 -0.094482
v 0.000000 1.626684 -0.100770
v 0.035943 1.627830 -0.094482
v -0.035217 1.619045 -0.092221
v 0.000000 1.617719 -0.098396
v 0.035217 1.619045 -0.092221
v 0.073064 1.573696 -0.040006
v 0.074746 1.568671 -0.013115
v 0.067830 1.563247 0.012601
v 0.074060 1.557598 -0.038828
v 0.076456 1.554289 -0.014534
v 0.069958 1.550217 0.009357
v 0.078141 1.540530 -0.034441
v 0.080146 1.539736 -0.012626
v 0.075237 1.536605 0.009083
v -0.033624 1.577933 -0.078298
v 0.000000 1.577833 -0.083214
v 0.033624 1.577933 -0.078298
v -0.033777 1.561945 -0.072351
v 0.000000 1.562676 -0.076813
v 0.033777 1.561945 -0.072351
v -0.036285 1.544001 -0.066045
v 0.000000 1.545754 -0.070609
v 0.036285 1.544001 -0.066045
v -0.067830 1.563247 0.012601
v -0.074746 1.568671 -0.013115
v -0.073064 1.573696 -0.040006
v -0.069958 1.550217 0.009357
v -0.076456 1.554290 -0.014534
v -0.074060 1.557598 -0.038828
v -0.075237 1.536605 0.009083
v -0.080146 1.539736 -0.012626
v -0.078141 1.540530 -0.034441
v 0.028239 1.553841 0.043745
v -0.000000 1.552231 0.046921
v -0.028239 1.553841 0.043745
v 0.029674 1.544146 0.040441
v 0.000000 1.543395 0.044198
v -0.029674 1.544146 0.040441
v 0.033459 1.532014 0.038508
v 0.000000 1.531992 0.042301
v -0.033459 1.532014 0.038508
v 0.065088 1.459014 -0.051752
v 0.065943 1.451650 -0.021435
v 0.061422 1.444286 0.008881
v 0.069659 1.448958 -0.053416
v 0.072449 1.443336 -0.021896
v 0.067781 1.437713 0.009623
v 0.079095 1.439666 -0.059359
v 0.081619 1.435022 -0.022357
v 0.078332 1.430377 0.014645
v -0.031018 1.467326 -0.087067
v 0.000000 1.467873 -0.089825
v 0.031018 1.467325 -0.087067
v -0.031837 1.455841 -0.091999
v 0.000000 1.456520 -0.095804
v 0.031837 1.455841 -0.091999
v -0.037187 1.445180 -0.101551
v 0.000000 1.445650 -0.104499
v 0.037187 1.445180 -0.101551
v -0.061422 1.444286 0.008881
v -0.065943 1.451650 -0.021435
v -0.065088 1.459014 -0.051752
v -0.067781 1.437713 0.009623
v -0.072449 1.443336 -0.021896
v -0.069659 1.448958 -0.053416
v -0.078332 1.430377 0.014645
v -0.081619 1.435022 -0.022357
v -0.079095 1.439666 -0.059359
v 0.027352 1.435974 0.044196
v -0.000000 1.435426 0.046954
v -0.027352 1.435974 0.044196
v 0.029958 1.430831 0.048207
v -0.000000 1.430152 0.052011
v -0.029958 1.430831 0.048207
v 0.036424 1.424863 0.056837
v -0.000000 1.424393 0.059785
v -0.036424 1.424863 0.056837
v -0.100182 1.246815 0.025926
v -0.105523 1.242081 -0.015649
v -0.098266 1.238427 -0.055265
v -0.096277 1.222748 0.024595
v -0.104905 1.218201 -0.013165
v -0.100318 1.213332 -0.050890
v -0.093627 1.200576 0.026005
v -0.105080 1.196036 -0.008502
v -0.104319 1.189299 -0.044765
v -0.063325 1.481586 -0.068359
v -0.061111 1.469306 -0.063376
v -0.067724 1.481967 -0.064296
v -0.069097 1.494647 -0.063359
v -0.060991 1.488777 -0.069420
v -0.051928 1.481148 -0.072545
v -0.056994 1.474145 -0.069421
v 0.043909 1.249588 0.079201
v -0.000000 1.248509 0.084354
v -0.043909 1.249588 0.079201
v 0.040641 1.227228 0.073833
v -0.000000 1.227393 0.079656
v -0.040641 1.227228 0.073833
v 0.038194 1.204680 0.070724
v -0.000000 1.205125 0.076353
v -0.038194 1.204680 0.070724
v 0.098266 1.238427 -0.055265
v 0.105523 1.242081 -0.015649
v 0.100182 1.246815 0.025926
v 0.100318 1.213332 -0.050890
v 0.104905 1.218201 -0.013165
v 0.096277 1.222748 0.024595
v 0.104319 1.189299 -0.044765
v 0.105080 1.196036 -0.008502
v 0.093627 1.200575 0.026005
v -0.042490 1.234594 -0.106744
v -0.000000 1.234164 -0.113274
v 0.042490 1.234594 -0.106744
v -0.044681 1.207709 -0.101044
v -0.000000 1.207346 -0.107318
v 0.044681 1.207709 -0.101044
v -0.048400 1.181878 -0.094712
v -0.000000 1.182285 -0.100597
v 0.048400 1.181878 -0.094712
v 0.126286 0.031107 0.103108
v 0.115000 0.031006 0.104673
v 0.103714 0.031107 0.103108
v 0.126868 0.020291 0.099571
v 0.115000 0.019608 0.101006
v 0.103132 0.020291 0.099571
v 0.126286 0.010727 0.093404
v 0.115000 0.009576 0.094468
v 0.103714 0.010727 0.093404
v 0.102620 0.038690 -0.059537
v 0.115001 0.036904 -0.060310
v 0.127382 0.038690 -0.059536
v 0.101493 0.026049 -0.051933
v 0.115000 0.023440 -0.052275
v 0.128508 0.026049 -0.051932
v 0.100965 0.016710 -0.040697
v 0.115000 0.013376 -0.040726
v 0.129035 0.016710 -0.040696
v -0.103714 0.031107 0.103108
v -0.115000 0.031006 0.104673
v -0.126286 0.031107 0.103108
v -0.103132 0.020291 0.099571
v -0.115000 0.019608 0.101006
v -0.126868 0.020291 0.099571
v -0.103714 0.010727 0.093404
v -0.115000 0.009576 0.094468
v -0.126286 0.010727 0.093404
v -0.127382 0.038690 -0.059536
v -0.115001 0.036904 -0.060310
v -0.102620 0.038690 -0.059537
v -0.128508 0.026049 -0.051932
v -0.115000 0.023440 -0.052275
v -0.101493 0.026049 -0.051933
v -0.129035 0.016710 -0.040696
v -0.115000 0.013376 -0.040726
v -0.100965 0.016710 -0.040697
v 0.813796 1.324265 -0.009438
v 0.814960 1.323921 0.000192
v 0.813638 1.323933 0.009806
v 0.810719 1.315061 -0.010018
v 0.811790 1.314311 0.000000
v 0.810554 1.314715 0.010018
v 0.805522 1.306899 -0.009806
v 0.806313 1.305855 -0.000192
v 0.805364 1.306567 0.009438
v -0.813638 1.323933 0.009806
v -0.814960 1.323921 0.000192
v -0.813796 1.324265 -0.009438
v -0.810554 1.314715 0.010018
v -0.811790 1.314311 -0.000000
v -0.810719 1.315061 -0.010018
v -0.805364 1.306567 0.009438
v -0.806313 1.305855 -0.000192
v -0.805522 1.306899 -0.009806
v 0.111585 1.484379 -0.021176
v 0.111728 1.484774 -0.005011
v 0.109116 1.484412 0.010855
v 0.106961 1.469345 -0.022309
v 0.106824 1.468957 -0.005345
v 0.104405 1.469468 0.011372
v 0.100064 1.455128 -0.022007
v 0.099638 1.454040 -0.005926
v 0.097784 1.455356 0.010000
v -0.109116 1.484412 0.010855
v -0.111728 1.484774 -0.005011
v -0.111585 1.484379 -0.021176
v -0.104405 1.469468 0.011372
v -0.106824 1.468957 -0.005345
v -0.106961 1.469345 -0.022309
v -0.097784 1.455356 0.010000
v -0.099638 1.454040 -0.005926
v -0.100064 1.455128 -0.022007
v 0.070627 1.414716 0.063081
v 0.053570 1.418409 0.070119
v 0.036500 1.418767 0.078871
v 0.073934 1.397292 0.068319
v 0.055702 1.400322 0.076425
v 0.037221 1.401640 0.085554
v 0.075073 1.378033 0.075664
v 0.057586 1.380523 0.083754
v 0.039657 1.383208 0.092006
v -0.036500 1.418767 0.078871
v -0.053570 1.418409 0.070119
v -0.070627 1.414716 0.063081
v -0.037221 1.401640 0.085554
v -0.055702 1.400322 0.076425
v -0.073934 1.397292 0.068319
v -0.039657 1.383208 0.092006
v -0.057586 1.380523 0.083754
v -0.075073 1.378033 0.075664
v 0.005131 1.710238 -0.082225
v 0.000000 1.709641 -0.082685
v -0.005131 1.710239 -0.082225
v 0.005399 1.714236 -0.085518
v -0.000000 1.713831 -0.086174
v -0.005399 1.714236 -0.085518
v 0.005131 1.718975 -0.087610
v -0.000000 1.718832 -0.088351
v -0.005131 1.718974 -0.087610
v -0.071209 1.663550 0.021997
v -0.077771 1.663499 -0.015370
v -0.069691 1.661259 0.011074
v -0.057554 1.661754 0.039654
v -0.062880 1.664335 0.043461
v -0.071094 1.668709 0.040205
v -0.078053 1.666684 0.010928
v -0.074193 1.657367 -0.045368
v -0.076289 1.655442 -0.048599
v -0.079889 1.653409 -0.049237
v -0.071022 1.658573 -0.007688
v -0.076156 1.658075 -0.010729
v -0.082410 1.657065 -0.011530
v -0.059459 1.660574 0.029068
v -0.066022 1.660937 0.026839
v -0.073741 1.660749 0.026139
v -0.021963 1.663900 0.077742
v -0.025485 1.664983 0.077017
v -0.029744 1.665722 0.076690
v 0.000000 1.664334 0.083945
v 0.000000 1.665502 0.083419
v 0.000000 1.666357 0.083142
v 0.021963 1.663900 0.077742
v 0.025485 1.664983 0.077017
v 0.029744 1.665722 0.076690
v 0.071209 1.663550 0.021997
v 0.057554 1.661754 0.039654
v 0.069691 1.661259 0.011074
v 0.077771 1.663499 -0.015370
v 0.078053 1.666684 0.010928
v 0.071094 1.668709 0.040205
v 0.062880 1.664335 0.043461
v 0.059459 1.660574 0.029068
v 0.066022 1.660937 0.026839
v 0.073741 1.660749 0.026139
v 0.071022 1.658573 -0.007688
v 0.076156 1.658075 -0.010729
v 0.082410 1.657065 -0.011530
v 0.074193 1.657367 -0.045368
v 0.076289 1.655442 -0.048599
v 0.079889 1.653409 -0.049237
v -0.033756 1.598561 -0.086445
v -0.033164 1.603220 -0.088486
v -0.033477 1.606951 -0.089509
v 0.000000 1.597013 -0.092079
v 0.000000 1.601601 -0.094148
v -0.000000 1.605374 -0.095335
v 0.033756 1.598561 -0.086445
v 0.033164 1.603220 -0.088486
v 0.033477 1.606951 -0.089509
v -0.151805 0.074458 0.049893
v -0.150520 0.094809 0.043723
v -0.152669 0.074588 0.043324
v -0.151862 0.054580 0.046029
v -0.151517 0.062717 0.053907
v -0.148316 0.073565 0.058886
v -0.149203 0.085727 0.051953
v 0.073158 1.613584 -0.042070
v 0.074686 1.616614 -0.044134
v 0.077549 1.619393 -0.043874
v 0.074270 1.624957 -0.010321
v 0.077954 1.626684 -0.011334
v 0.082545 1.628670 -0.009920
v 0.066310 1.635682 0.020291
v 0.070903 1.636572 0.021107
v 0.076323 1.637925 0.023990
v 0.026995 1.649547 0.060474
v 0.029381 1.649670 0.064347
v 0.032251 1.650330 0.069486
v 0.000000 1.651309 0.065590
v -0.000000 1.651340 0.069863
v 0.000000 1.651913 0.075293
v -0.026995 1.649548 0.060474
v -0.029381 1.649670 0.064347
v -0.032251 1.650330 0.069486
v 0.032174 1.451087 0.025707
v 0.029383 1.448627 0.027224
v 0.027691 1.444974 0.033660
v -0.000000 1.451453 0.028903
v -0.000000 1.448540 0.030668
v -0.000000 1.444729 0.036106
v -0.032174 1.451087 0.025707
v -0.029383 1.448627 0.027224
v -0.027691 1.444974 0.033660
v 0.151805 0.074458 0.049893
v 0.151862 0.054580 0.046029
v 0.152669 0.074588 0.043324
v 0.150520 0.094808 0.043723
v 0.149203 0.085727 0.051953
v 0.148316 0.073565 0.058886
v 0.151517 0.062717 0.053907
v 0.028086 1.085256 -0.075808
v 0.000000 1.088931 -0.076162
v -0.028086 1.085256 -0.075808
v 0.035200 1.105008 -0.084711
v 0.000000 1.108952 -0.085676
v -0.035200 1.105008 -0.084711
v 0.043873 1.128915 -0.088244
v 0.000000 1.132542 -0.090761
v -0.043873 1.128916 -0.088244
v -0.074661 1.448040 -0.005248
v -0.067770 1.450362 -0.004907
v -0.062171 1.450853 0.001241
v -0.080038 1.445388 -0.030500
v -0.072843 1.451799 -0.030676
v -0.066627 1.456362 -0.026801
v -0.076260 1.441712 -0.056876
v -0.069421 1.452952 -0.056813
v -0.065491 1.461835 -0.054888
v -0.078190 0.074458 0.049888
v -0.078135 0.054580 0.046025
v -0.077326 0.074588 0.043318
v -0.079473 0.094808 0.043715
v -0.080791 0.085727 0.051947
v -0.081680 0.073565 0.058883
v -0.078479 0.062717 0.053904
v -0.034039 1.155003 0.066830
v -0.031534 1.127969 0.063136
v -0.028877 1.101475 0.055795
v -0.000000 1.154698 0.070717
v -0.000000 1.127461 0.065724
v -0.000000 1.101578 0.056841
v 0.034039 1.155003 0.066830
v 0.031534 1.127969 0.063136
v 0.028877 1.101475 0.055795
v 0.078190 0.074458 0.049888
v 0.079473 0.094808 0.043715
v 0.077326 0.074588 0.043318
v 0.078135 0.054580 0.046025
v 0.078479 0.062717 0.053904
v 0.081680 0.073565 0.058883
v 0.080791 0.085727 0.051947
v -0.033916 1.436499 -0.095125
v -0.031035 1.454099 -0.090936
v -0.031011 1.467641 -0.087557
v -0.000000 1.436276 -0.100189
v 0.000000 1.454202 -0.094917
v -0.000000 1.467888 -0.090070
v 0.033916 1.436499 -0.095125
v 0.031035 1.454099 -0.090936
v 0.031011 1.467641 -0.087557
v 0.059718 1.438027 0.010337
v 0.066160 1.431988 0.012063
v 0.077370 1.427021 0.016319
v 0.061896 1.437002 -0.012805
v 0.069610 1.432886 -0.016146
v 0.080150 1.429560 -0.019483
v 0.059778 1.438368 -0.035984
v 0.066137 1.434464 -0.044373
v 0.077338 1.432184 -0.055287
v 0.027936 1.439889 -0.069509
v 0.029884 1.436312 -0.080750
v 0.036221 1.435034 -0.096148
v 0.000000 1.439305 -0.074345
v 0.000000 1.436278 -0.084937
v 0.000000 1.435155 -0.099010
v -0.027936 1.439889 -0.069509
v -0.029884 1.436312 -0.080750
v -0.036221 1.435034 -0.096148
v -0.059778 1.438368 -0.035984
v -0.066137 1.434464 -0.044373
v -0.077338 1.432183 -0.055287
v -0.061896 1.437002 -0.012805
v -0.069610 1.432886 -0.016146
v -0.080150 1.429560 -0.019483
v -0.059718 1.438027 0.010337
v -0.066160 1.431988 0.012063
v -0.077370 1.427021 0.016319
v 0.096978 1.389263 0.064532
v 0.095227 1.397048 0.060821
v 0.091681 1.403529 0.058546
v 0.102986 1.362069 0.069319
v 0.101522 1.373339 0.065518
v 0.097449 1.383708 0.062825
v 0.102726 1.334958 0.074995
v 0.101399 1.350508 0.072508
v 0.097311 1.364079 0.070059
v 0.074433 1.313401 0.092691
v 0.077603 1.329352 0.091010
v 0.077004 1.344396 0.087829
v 0.051479 1.322132 0.102448
v 0.057077 1.333743 0.100213
v 0.059031 1.346566 0.096331
v 0.029590 1.336033 0.109391
v 0.036391 1.344443 0.107076
v 0.040415 1.354206 0.102974
v 0.004730 1.377558 0.109582
v 0.009458 1.380239 0.107915
v 0.015472 1.383173 0.104406
v 0.002424 1.401409 0.102691
v 0.005922 1.401557 0.101746
v 0.011732 1.401795 0.098952
v 0.004016 1.423148 0.092980
v 0.008086 1.421102 0.092957
v 0.013662 1.419104 0.091106
v -0.080036 0.060001 -0.048738
v -0.081513 0.042996 -0.040704
v -0.082868 0.047354 -0.050121
v -0.085906 0.056775 -0.056197
v -0.082109 0.070939 -0.052421
v -0.079697 0.083684 -0.044639
v -0.078363 0.062875 -0.041681
v -0.029590 1.336033 0.109391
v -0.036391 1.344443 0.107076
v -0.040415 1.354205 0.102974
v -0.051479 1.322132 0.102448
v -0.057077 1.333743 0.100213
v -0.059031 1.346566 0.096331
v -0.074433 1.313401 0.092691
v -0.077603 1.329352 0.091010
v -0.077004 1.344396 0.087829
v -0.149969 0.060001 -0.048733
v -0.144098 0.056775 -0.056194
v -0.147136 0.047354 -0.050117
v -0.148490 0.042996 -0.040700
v -0.151643 0.062876 -0.041675
v -0.150310 0.083684 -0.044632
v -0.147897 0.070939 -0.052416
v -0.102726 1.334958 0.074995
v -0.101399 1.350508 0.072508
v -0.097311 1.364080 0.070059
v -0.102986 1.362069 0.069319
v -0.101522 1.373339 0.065518
v -0.097449 1.383709 0.062825
v -0.096978 1.389263 0.064532
v -0.095227 1.397048 0.060821
v -0.091681 1.403529 0.058546
v -0.068756 1.430266 0.063355
v -0.067407 1.432684 0.061306
v -0.066627 1.432476 0.059933
v -0.049203 1.440425 0.067772
v -0.049078 1.440919 0.066536
v -0.049989 1.438908 0.065381
v -0.028838 1.443845 0.074145
v -0.030995 1.442097 0.074101
v -0.033859 1.438767 0.073292
v 0.028102 1.671231 0.085134
v 0.021528 1.670089 0.087656
v 0.015595 1.669301 0.088054
v -0.000000 1.669724 0.087814
v 0.000000 1.668724 0.089228
v -0.000000 1.668280 0.089168
v -0.028102 1.671231 0.085134
v -0.021528 1.670090 0.087656
v -0.015595 1.669301 0.088054
v -0.059865 1.685767 0.069353
v -0.046772 1.681548 0.077045
v -0.034667 1.677390 0.079541
v -0.059515 1.697170 0.060924
v -0.047459 1.690270 0.069936
v -0.035733 1.683437 0.073300
v -0.052009 1.708344 0.053870
v -0.041960 1.698927 0.063258
v -0.031962 1.689476 0.067113
v 0.036505 1.656871 -0.098192
v 0.035752 1.652174 -0.099832
v 0.035892 1.648534 -0.099919
v -0.000000 1.656811 -0.105021
v -0.000000 1.651779 -0.106409
v -0.000000 1.647914 -0.106394
v -0.036505 1.656871 -0.098192
v -0.035752 1.652174 -0.099832
v -0.035892 1.648533 -0.099919
v 0.020145 1.622346 0.060598
v 0.000000 1.623204 0.060067
v -0.020145 1.622346 0.060598
v 0.020564 1.607612 0.058002
v -0.000000 1.607664 0.057472
v -0.020564 1.607612 0.058002
v 0.019361 1.592783 0.056377
v 0.000000 1.592021 0.055937
v -0.019361 1.592783 0.056377
v -0.020546 1.723136 0.045453
v -0.016716 1.710478 0.054645
v -0.012891 1.697576 0.058850
v 0.000000 1.725022 0.044395
v 0.000000 1.711951 0.053551
v 0.000000 1.698610 0.057796
v 0.020546 1.723137 0.045453
v 0.016716 1.710478 0.054645
v 0.012891 1.697576 0.058850
v -0.029106 1.646056 0.077924
v -0.026335 1.644844 0.074119
v -0.022648 1.641302 0.069086
v -0.000000 1.648837 0.079093
v 0.000000 1.647608 0.074814
v -0.000000 1.643799 0.069296
v 0.029106 1.646056 0.077924
v 0.026335 1.644844 0.074119
v 0.022648 1.641302 0.069086
v 0.065309 1.624198 0.068722
v 0.059283 1.623297 0.068004
v 0.050152 1.621998 0.065244
v 0.068161 1.607368 0.062134
v 0.061874 1.607101 0.063402
v 0.052308 1.607230 0.061903
v 0.062320 1.589621 0.056114
v 0.056297 1.590623 0.059087
v 0.047820 1.592397 0.058909
v 0.025968 1.565160 0.051967
v 0.023349 1.568388 0.054371
v 0.020316 1.573007 0.055243
v -0.000000 1.562270 0.052339
v -0.000000 1.565593 0.054026
v -0.000000 1.570537 0.054764
v -0.025968 1.565160 0.051967
v -0.023349 1.568389 0.054371
v -0.020316 1.573007 0.055243
v -0.066310 1.635682 0.020291
v -0.070903 1.636572 0.021107
v -0.076323 1.637924 0.023990
v -0.074270 1.624957 -0.010321
v -0.077954 1.626685 -0.011334
v -0.082545 1.628670 -0.009920
v -0.073158 1.613583 -0.042070
v -0.074686 1.616614 -0.044134
v -0.077550 1.619393 -0.043874
v 0.038751 1.377523 -0.104808
v 0.039236 1.339003 -0.109006
v 0.040146 1.300447 -0.111087
v 0.000000 1.378078 -0.111103
v 0.000000 1.339717 -0.115419
v -0.000000 1.300816 -0.117653
v -0.038751 1.377523 -0.104808
v -0.039236 1.339003 -0.109006
v -0.040146 1.300447 -0.111087
v 0.149969 0.060001 -0.048733
v 0.144098 0.056775 -0.056194
v 0.147897 0.070939 -0.052416
v 0.150310 0.083684 -0.044632
v 0.151643 0.062876 -0.041675
v 0.148490 0.042996 -0.040700
v 0.147136 0.047354 -0.050117
v -0.062320 1.589621 0.056114
v -0.056297 1.590623 0.059087
v -0.047820 1.592397 0.058909
v -0.068161 1.607368 0.062134
v -0.061874 1.607101 0.063402
v -0.052308 1.607230 0.061903
v -0.065309 1.624198 0.068722
v -0.059283 1.623297 0.068004
v -0.050152 1.621998 0.065244
v 0.080036 0.060001 -0.048738
v 0.085906 0.056775 -0.056197
v 0.082868 0.047354 -0.050121
v 0.081513 0.042996 -0.040704
v 0.078363 0.062875 -0.041681
v 0.079697 0.083684 -0.044639
v 0.082109 0.070939 -0.052421
v -0.025626 1.738162 0.007268
v 0.000000 1.740627 0.006610
v 0.025626 1.738162 0.007268
v -0.025818 1.738336 -0.018516
v -0.000000 1.740843 -0.019160
v 0.025818 1.738335 -0.018516
v -0.024357 1.733924 -0.043124
v 0.000000 1.736141 -0.044364
v 0.024357 1.733924 -0.043124
v 0.052009 1.708344 0.053870
v 0.041960 1.698927 0.063258
v 0.031962 1.689476 0.067113
v 0.059515 1.697170 0.060924
v 0.047459 1.690270 0.069936
v 0.035733 1.683437 0.073300
v 0.059865 1.685767 0.069353
v 0.046772 1.681548 0.077045
v 0.034667 1.677390 0.079541
v 0.026467 1.712571 -0.077481
v 0.030839 1.696725 -0.086818
v 0.034694 1.679819 -0.092282
v -0.000000 1.712989 -0.081646
v 0.000000 1.696594 -0.092086
v 0.000000 1.679686 -0.098504
v -0.026467 1.712571 -0.077481
v -0.030839 1.696725 -0.086818
v -0.034694 1.679819 -0.092282
v -0.004016 1.423148 0.092980
v -0.008086 1.421102 0.092957
v -0.013662 1.419104 0.091106
v -0.002424 1.401409 0.102691
v -0.005922 1.401557 0.101746
v -0.011732 1.401795 0.098952
v -0.004730 1.377558 0.109582
v -0.009458 1.380239 0.107915
v -0.015472 1.383173 0.104406
v 0.021827 1.065039 0.018358
v 0.000000 1.067492 0.018093
v -0.021827 1.065039 0.018358
v 0.019578 1.059717 -0.009549
v 0.000000 1.062453 -0.009660
v -0.019578 1.059717 -0.009549
v 0.020065 1.061837 -0.036986
v 0.000000 1.064781 -0.037088
v -0.020065 1.061837 -0.036986
v -0.037113 1.501313 0.040525
v -0.034578 1.484202 0.041868
v -0.031929 1.467267 0.040809
v 0.000000 1.501741 0.042266
v 0.000000 1.484263 0.042945
v -0.000000 1.467044 0.042760
v 0.037113 1.501313 0.040525
v 0.034578 1.484202 0.041868
v 0.031929 1.467267 0.040809
v 0.076260 1.441712 -0.056876
v 0.069421 1.452952 -0.056813
v 0.065491 1.461835 -0.054888
v 0.080038 1.445389 -0.030500
v 0.072843 1.451799 -0.030676
v 0.066627 1.456362 -0.026801
v 0.074661 1.448040 -0.005248
v 0.067770 1.450362 -0.004907
v 0.062171 1.450854 0.001241
v -0.023380 1.490806 -0.075250
v -0.028110 1.501505 -0.071878
v -0.033840 1.512848 -0.066601
v -0.000000 1.491626 -0.075800
v -0.000000 1.503091 -0.072778
v 0.000000 1.515330 -0.068897
v 0.023380 1.490806 -0.075250
v 0.028110 1.501504 -0.071878
v 0.033840 1.512848 -0.066601
v 0.026013 1.453167 -0.067035
v -0.000000 1.451467 -0.069487
v -0.026013 1.453167 -0.067035
v 0.023504 1.461570 -0.071978
v 0.000000 1.460149 -0.072922
v -0.023504 1.461570 -0.071978
v 0.021354 1.470920 -0.075249
v 0.000000 1.470010 -0.075804
v -0.021354 1.470920 -0.075249
v 0.026465 1.648787 0.063214
v -0.000000 1.650855 0.067119
v -0.026465 1.648787 0.063214
v 0.028078 1.647879 0.069194
v -0.000000 1.650159 0.072342
v -0.028078 1.647880 0.069194
v 0.029691 1.646973 0.075174
v 0.000000 1.649463 0.077565
v -0.029691 1.646973 0.075174
v 0.110375 1.347428 0.012044
v 0.110967 1.323448 0.015545
v 0.109243 1.298416 0.021482
v 0.105110 1.354426 -0.020313
v 0.106247 1.325873 -0.021374
v 0.106663 1.296471 -0.019834
v 0.093184 1.364613 -0.055187
v 0.094217 1.331100 -0.058700
v 0.095653 1.297454 -0.059457
v -0.095653 1.297454 -0.059457
v -0.106663 1.296471 -0.019834
v -0.109243 1.298416 0.021482
v -0.094217 1.331100 -0.058700
v -0.106247 1.325873 -0.021374
v -0.110967 1.323448 0.015545
v -0.093184 1.364613 -0.055187
v -0.105110 1.354426 -0.020313
v -0.110375 1.347428 0.012044
v 0.060453 1.715606 -0.043553
v 0.065838 1.718453 -0.016389
v 0.065415 1.718799 0.012250
v 0.071226 1.700534 -0.045528
v 0.077288 1.703257 -0.014438
v 0.076270 1.704175 0.017190
v 0.078105 1.684277 -0.044355
v 0.083146 1.687596 -0.009936
v 0.080525 1.689228 0.024482
v -0.060453 1.715606 -0.043553
v -0.071226 1.700534 -0.045528
v -0.078105 1.684277 -0.044355
v -0.065838 1.718453 -0.016389
v -0.077288 1.703257 -0.014438
v -0.083146 1.687596 -0.009936
v -0.065415 1.718799 0.012250
v -0.076270 1.704175 0.017190
v -0.080525 1.689228 0.024482
v -0.021548 1.664196 0.080138
v 0.000000 1.664518 0.085318
v 0.021548 1.664196 0.080138
v -0.025102 1.666184 0.081019
v -0.000000 1.666304 0.085738
v 0.025102 1.666184 0.081019
v -0.029844 1.668917 0.081141
v 0.000000 1.668509 0.085784
v 0.029844 1.668917 0.081141
v 0.028838 1.443845 0.074145
v 0.030995 1.442097 0.074101
v 0.033859 1.438767 0.073292
v 0.049203 1.440425 0.067772
v 0.049078 1.440920 0.066536
v 0.049989 1.438908 0.065381
v 0.068756 1.430266 0.063355
v 0.067407 1.432684 0.061306
v 0.066627 1.432476 0.059933
v -0.028028 1.440158 0.042103
v -0.029907 1.431186 0.047974
v -0.036253 1.424302 0.057122
v 0.000000 1.439942 0.046280
v 0.000000 1.431016 0.051968
v 0.000000 1.424155 0.059959
v 0.028028 1.440158 0.042103
v 0.029907 1.431186 0.047974
v 0.036253 1.424302 0.057122
v -0.080971 0.042815 -0.013168
v -0.076884 0.069481 -0.014759
v -0.075888 0.099064 -0.016898
v -0.080715 0.044242 0.003058
v -0.076551 0.071539 0.001682
v -0.075057 0.101264 0.000409
v -0.080226 0.045932 0.019525
v -0.076647 0.073140 0.018009
v -0.075872 0.102292 0.017487
v 0.080971 0.042815 -0.013168
v 0.080715 0.044242 0.003058
v 0.080226 0.045932 0.019525
v 0.076884 0.069481 -0.014759
v 0.076551 0.071539 0.001682
v 0.076647 0.073140 0.018009
v 0.075888 0.099064 -0.016898
v 0.075057 0.101264 0.000409
v 0.075872 0.102292 0.017487
v -0.149031 0.042816 -0.013163
v -0.149285 0.044242 0.003062
v -0.149773 0.045932 0.019530
v -0.153119 0.069481 -0.014752
v -0.153449 0.071540 0.001690
v -0.153350 0.073140 0.018016
v -0.154116 0.099064 -0.016888
v -0.154943 0.101264 0.000419
v -0.154124 0.102292 0.017497
v 0.149031 0.042816 -0.013163
v 0.153119 0.069481 -0.014752
v 0.154116 0.099064 -0.016888
v 0.149285 0.044242 0.003062
v 0.153449 0.071540 0.001690
v 0.154943 0.101264 0.000419
v 0.149773 0.045932 0.019530
v 0.153350 0.073140 0.018016
v 0.154124 0.102292 0.017497
v -0.088969 1.434149 0.011835
v -0.094259 1.425047 -0.008301
v -0.094940 1.412626 -0.028961
v -0.093893 1.422819 0.026559
v -0.099535 1.411732 0.011789
v -0.102317 1.397834 -0.002996
v -0.096742 1.409727 0.042405
v -0.102905 1.397347 0.032224
v -0.106453 1.384003 0.021297
v 0.106453 1.384003 0.021297
v 0.102317 1.397834 -0.002996
v 0.094940 1.412626 -0.028961
v 0.102905 1.397347 0.032224
v 0.099535 1.411732 0.011789
v 0.094259 1.425047 -0.008301
v 0.096742 1.409727 0.042405
v 0.093893 1.422819 0.026559
v 0.088969 1.434149 0.011835
v -0.102319 0.070543 -0.062681
v -0.115003 0.071500 -0.063750
v -0.127686 0.070543 -0.062679
v -0.100648 0.089720 -0.058715
v -0.115004 0.091672 -0.059751
v -0.129359 0.089720 -0.058713
v -0.099211 0.110786 -0.052113
v -0.115005 0.113266 -0.053583
v -0.130800 0.110786 -0.052109
v 0.127686 0.070543 -0.062679
v 0.115003 0.071500 -0.063750
v 0.102319 0.070543 -0.062681
v 0.129359 0.089720 -0.058713
v 0.115004 0.091672 -0.059751
v 0.100648 0.089720 -0.058715
v 0.130800 0.110786 -0.052109
v 0.115005 0.113266 -0.053583
v 0.099211 0.110786 -0.052113
v 0.130838 0.121042 0.048375
v 0.114995 0.123600 0.049508
v 0.099152 0.121042 0.048371
v 0.129873 0.104956 0.055879
v 0.114996 0.107248 0.056539
v 0.100120 0.104956 0.055876
v 0.129260 0.090278 0.063891
v 0.114998 0.092416 0.064525
v 0.100735 0.090278 0.063889
v -0.099152 0.121042 0.048371
v -0.114995 0.123600 0.049508
v -0.130838 0.121042 0.048375
v -0.100120 0.104956 0.055876
v -0.114996 0.107248 0.056539
v -0.129873 0.104956 0.055879
v -0.100735 0.090278 0.063889
v -0.114998 0.092416 0.064525
v -0.129261 0.090278 0.063891
v -0.129175 0.009064 -0.011580
v -0.115000 0.004791 -0.011400
v -0.100825 0.009064 -0.011581
v -0.129376 0.009379 0.004633
v -0.115000 0.004984 0.004719
v -0.100624 0.009379 0.004632
v -0.129828 0.010385 0.021285
v -0.115000 0.006012 0.021088
v -0.100172 0.010385 0.021284
v 0.100825 0.009064 -0.011581
v 0.115000 0.004791 -0.011400
v 0.129175 0.009064 -0.011580
v 0.100624 0.009379 0.004632
v 0.115000 0.004984 0.004719
v 0.129376 0.009379 0.004633
v 0.100172 0.010385 0.021284
v 0.115000 0.006012 0.021088
v 0.129828 0.010385 0.021285
v -0.082467 1.109962 0.046742
v -0.085608 1.134398 0.042295
v -0.088708 1.157307 0.036143
v -0.104307 1.116285 0.037504
v -0.105615 1.137069 0.025803
v -0.106015 1.156314 0.012146
v -0.121379 1.116897 0.025895
v -0.120928 1.133983 0.008283
v -0.117112 1.149631 -0.013431
v 0.088708 1.157307 0.036143
v 0.085608 1.134398 0.042295
v 0.082467 1.109962 0.046742
v 0.106015 1.156314 0.012146
v 0.105615 1.137069 0.025803
v 0.104307 1.116285 0.037504
v 0.117112 1.149631 -0.013431
v 0.120928 1.133983 0.008283
v 0.121379 1.116897 0.025895
v 0.064179 1.632455 0.032531
v 0.066156 1.629884 0.044538
v 0.068025 1.627312 0.056506
v 0.072483 1.619485 0.009120
v 0.073353 1.615603 0.026196
v 0.073363 1.611713 0.042969
v 0.075043 1.604879 -0.014968
v 0.075164 1.599661 0.008036
v 0.072327 1.594354 0.030026
v -0.072327 1.594354 0.030026
v -0.073363 1.611713 0.042969
v -0.068025 1.627313 0.056506
v -0.075164 1.599661 0.008036
v -0.073353 1.615603 0.026196
v -0.066156 1.629884 0.044538
v -0.075043 1.604879 -0.014968
v -0.072483 1.619485 0.009120
v -0.064179 1.632455 0.032531
v 0.014676 1.725096 -0.055971
v 0.015750 1.730431 -0.059247
v 0.014676 1.735766 -0.062523
v 0.014884 1.728658 -0.050073
v 0.015973 1.734087 -0.053315
v 0.014884 1.739516 -0.056557
v 0.015097 1.732262 -0.044192
v 0.016201 1.737817 -0.047265
v 0.015097 1.743371 -0.050338
v 0.005215 1.727776 -0.086438
v 0.000000 1.728387 -0.087092
v -0.005215 1.727776 -0.086438
v 0.005765 1.731637 -0.083036
v 0.000000 1.732442 -0.083617
v -0.005765 1.731637 -0.083036
v 0.006060 1.735403 -0.078238
v 0.000000 1.736283 -0.078791
v -0.006060 1.735403 -0.078238
v -0.012009 1.721993 -0.082873
v -0.012872 1.717430 -0.080337
v -0.012009 1.713114 -0.077400
v -0.013510 1.725044 -0.078972
v -0.014500 1.720098 -0.076008
v -0.013510 1.715229 -0.072921
v -0.014198 1.728475 -0.073967
v -0.015238 1.723312 -0.070795
v -0.014198 1.718158 -0.067607
v -0.005215 1.707331 -0.073835
v -0.000000 1.706473 -0.073583
v 0.005215 1.707331 -0.073835
v -0.005765 1.708635 -0.068857
v 0.000000 1.707755 -0.068399
v 0.005765 1.708635 -0.068857
v -0.006060 1.711230 -0.063337
v 0.000000 1.710341 -0.062799
v 0.006060 1.711230 -0.063337
v 0.012009 1.713114 -0.077400
v 0.012872 1.717430 -0.080337
v 0.012009 1.721993 -0.082873
v 0.013510 1.715229 -0.072921
v 0.014500 1.720098 -0.076008
v 0.013510 1.725044 -0.078972
v 0.014198 1.718158 -0.067607
v 0.015238 1.723312 -0.070795
v 0.014198 1.728475 -0.073967
v -0.082521 1.439626 0.008991
v -0.082786 1.436777 -0.007324
v -0.084269 1.439102 -0.023575
v -0.074261 1.438822 0.010034
v -0.074082 1.435640 -0.008026
v -0.075769 1.438058 -0.025997
v -0.065611 1.441170 0.010256
v -0.065072 1.437786 -0.008740
v -0.066571 1.440096 -0.027669
v -0.093000 1.458078 -0.044331
v -0.099277 1.472699 -0.046666
v -0.104460 1.487620 -0.043691
v -0.085159 1.459360 -0.049823
v -0.091637 1.475506 -0.052639
v -0.097549 1.491788 -0.049283
v -0.075693 1.462040 -0.052917
v -0.082148 1.478871 -0.056013
v -0.088308 1.495790 -0.052595
v -0.110419 1.506859 -0.021997
v -0.110564 1.509135 -0.005568
v -0.108093 1.506787 0.010645
v -0.104297 1.513520 -0.024633
v -0.104267 1.516182 -0.006495
v -0.101944 1.513412 0.011508
v -0.095336 1.518354 -0.026808
v -0.095307 1.521116 -0.007731
v -0.093187 1.518204 0.011273
v -0.099362 1.487812 0.031400
v -0.094073 1.473213 0.033774
v -0.088480 1.458865 0.030685
v -0.092554 1.492110 0.035335
v -0.086712 1.476316 0.038118
v -0.081009 1.460554 0.034684
v -0.084065 1.496260 0.036521
v -0.078230 1.480031 0.039541
v -0.072638 1.463734 0.036043
v 0.084269 1.439102 -0.023575
v 0.082786 1.436777 -0.007324
v 0.082521 1.439626 0.008991
v 0.075769 1.438058 -0.025997
v 0.074082 1.435640 -0.008026
v 0.074261 1.438822 0.010034
v 0.066571 1.440096 -0.027669
v 0.065072 1.437786 -0.008740
v 0.065611 1.441170 0.010256
v 0.088480 1.458865 0.030685
v 0.094073 1.473212 0.033774
v 0.099362 1.487812 0.031400
v 0.081009 1.460554 0.034684
v 0.086712 1.476316 0.038118
v 0.092554 1.492110 0.035335
v 0.072638 1.463734 0.036043
v 0.078230 1.480031 0.039541
v 0.084065 1.496260 0.036521
v 0.108093 1.506787 0.010645
v 0.110564 1.509135 -0.005568
v 0.110419 1.506859 -0.021997
v 0.101944 1.513412 0.011508
v 0.104267 1.516182 -0.006495
v 0.104297 1.513520 -0.024633
v 0.093187 1.518204 0.011273
v 0.095307 1.521116 -0.007731
v 0.095336 1.518354 -0.026808
v 0.104460 1.487620 -0.043691
v 0.099277 1.472699 -0.046666
v 0.093000 1.458077 -0.044331
v 0.097550 1.491788 -0.049283
v 0.091637 1.475506 -0.052639
v 0.085159 1.459360 -0.049823
v 0.088308 1.495790 -0.052595
v 0.082148 1.478871 -0.056013
v 0.075693 1.462040 -0.052917
v -0.155090 1.391164 0.018927
v -0.154692 1.387482 -0.003926
v -0.156324 1.391133 -0.026650
v -0.122641 1.407252 0.016358
v -0.122107 1.403590 -0.005569
v -0.123629 1.406804 -0.027397
v -0.089799 1.425627 0.013262
v -0.089099 1.422012 -0.007455
v -0.090431 1.424706 -0.028110
v -0.165272 1.420009 -0.056768
v -0.171445 1.441548 -0.060317
v -0.177364 1.463048 -0.056047
v -0.132621 1.433716 -0.056422
v -0.138943 1.453979 -0.059914
v -0.145025 1.474247 -0.055897
v -0.099214 1.449206 -0.055695
v -0.105544 1.467885 -0.059104
v -0.111663 1.486617 -0.055407
v -0.184315 1.491617 -0.024915
v -0.184460 1.495040 -0.002029
v -0.182576 1.491129 0.020729
v -0.152139 1.501193 -0.026094
v -0.152263 1.504432 -0.004114
v -0.150331 1.500796 0.017768
v -0.118801 1.511535 -0.027331
v -0.118908 1.514540 -0.006536
v -0.116983 1.511236 0.014196
v -0.173628 1.462252 0.050846
v -0.167707 1.440973 0.054362
v -0.162041 1.419733 0.050059
v -0.141339 1.473884 0.046793
v -0.135428 1.454043 0.050232
v -0.129756 1.434198 0.046161
v -0.108200 1.486735 0.041781
v -0.102463 1.468667 0.045113
v -0.096936 1.450545 0.041338
v -0.276314 1.362471 0.021099
v -0.276024 1.359098 -0.001138
v -0.276973 1.363201 -0.023223
v -0.247893 1.365078 0.021566
v -0.247625 1.361582 -0.001353
v -0.248851 1.365739 -0.024113
v -0.217988 1.370056 0.021527
v -0.217721 1.366459 -0.001816
v -0.219193 1.370582 -0.025001
v -0.282268 1.392976 -0.052388
v -0.285937 1.414845 -0.055744
v -0.289494 1.436589 -0.051502
v -0.255355 1.396169 -0.054166
v -0.259802 1.418557 -0.057622
v -0.264082 1.440828 -0.053247
v -0.226848 1.401218 -0.055625
v -0.232053 1.423818 -0.059155
v -0.237043 1.446319 -0.054707
v -0.293901 1.465380 -0.021148
v -0.294188 1.468751 0.001090
v -0.293237 1.464645 0.023175
v -0.269275 1.470347 -0.021956
v -0.269526 1.473826 0.000965
v -0.268284 1.469652 0.023728
v -0.243004 1.476171 -0.022841
v -0.243214 1.479712 0.000509
v -0.241687 1.475531 0.023701
v -0.287943 1.434871 0.052340
v -0.284275 1.413003 0.055696
v -0.280720 1.391261 0.051453
v -0.261780 1.439222 0.053781
v -0.257350 1.416851 0.057235
v -0.253086 1.394596 0.052857
v -0.234032 1.444896 0.054325
v -0.228882 1.422352 0.057848
v -0.223949 1.399909 0.053393
v -0.371632 1.358511 0.018361
v -0.371305 1.355602 -0.000925
v -0.371719 1.359241 -0.020084
v -0.350214 1.359278 0.019011
v -0.349883 1.356264 -0.000960
v -0.350336 1.360028 -0.020801
v -0.327442 1.360140 0.019688
v -0.327114 1.357015 -0.001003
v -0.327655 1.360900 -0.021557
v -0.374679 1.385379 -0.045403
v -0.376847 1.404541 -0.048331
v -0.379001 1.423578 -0.044668
v -0.353483 1.387079 -0.047020
v -0.355777 1.406912 -0.050050
v -0.358050 1.426618 -0.046256
v -0.331204 1.388871 -0.048715
v -0.333759 1.409385 -0.051852
v -0.336277 1.429769 -0.047917
v -0.381844 1.448737 -0.018361
v -0.382171 1.451646 0.000925
v -0.381757 1.448007 0.020084
v -0.361034 1.452662 -0.019011
v -0.361364 1.455676 0.000960
v -0.360912 1.451913 0.020801
v -0.339539 1.456719 -0.019688
v -0.339868 1.459844 0.001003
v -0.339326 1.455958 0.021557
v -0.378797 1.421869 0.045403
v -0.376629 1.402707 0.048331
v -0.374475 1.383670 0.044668
v -0.357764 1.424862 0.047020
v -0.355471 1.405028 0.050050
v -0.353198 1.385322 0.046256
v -0.335777 1.427988 0.048715
v -0.333223 1.407474 0.051852
v -0.330704 1.387090 0.047917
v -0.450221 1.355345 0.016025
v -0.449893 1.352812 -0.000807
v -0.450304 1.355982 -0.017528
v -0.431355 1.356326 0.016544
v -0.431031 1.353708 -0.000833
v -0.431436 1.356983 -0.018096
v -0.411988 1.357108 0.017120
v -0.411667 1.354398 -0.000862
v -0.412069 1.357789 -0.018726
v -0.453255 1.378748 -0.039626
v -0.455418 1.395439 -0.042181
v -0.457567 1.412020 -0.038985
v -0.434342 1.380505 -0.040910
v -0.436473 1.397749 -0.043548
v -0.438590 1.414881 -0.040247
v -0.414956 1.382145 -0.042333
v -0.417073 1.400000 -0.045063
v -0.419175 1.417738 -0.041647
v -0.460407 1.433932 -0.016025
v -0.460735 1.436466 0.000807
v -0.460325 1.433296 0.017528
v -0.441388 1.437520 -0.016544
v -0.441711 1.440137 0.000833
v -0.441307 1.436862 0.018096
v -0.421954 1.441180 -0.017120
v -0.422275 1.443891 0.000862
v -0.421873 1.440499 0.018726
v -0.457374 1.410529 0.039626
v -0.455211 1.393839 0.042181
v -0.453061 1.377257 0.038985
v -0.438400 1.413340 0.040910
v -0.436269 1.396096 0.043548
v -0.434152 1.378965 0.040247
v -0.418986 1.416144 0.042333
v -0.416870 1.398288 0.045063
v -0.414767 1.380550 0.041647
v -0.520928 1.348274 0.014739
v -0.520569 1.345951 -0.000742
v -0.521018 1.348857 -0.016121
v -0.503957 1.350420 0.014960
v -0.503605 1.348060 -0.000753
v -0.504045 1.351012 -0.016364
v -0.486516 1.352387 0.015234
v -0.486172 1.349983 -0.000767
v -0.486602 1.352991 -0.016663
v -0.524242 1.369724 -0.036445
v -0.526605 1.385022 -0.038795
v -0.528954 1.400220 -0.035855
v -0.507206 1.372209 -0.036993
v -0.509523 1.387749 -0.039378
v -0.511825 1.403188 -0.036394
v -0.489688 1.374596 -0.037671
v -0.491951 1.390434 -0.040100
v -0.494199 1.406169 -0.037061
v -0.532057 1.420304 -0.014739
v -0.532416 1.422626 0.000742
v -0.531967 1.419721 0.016121
v -0.514867 1.423589 -0.014960
v -0.515219 1.425949 0.000753
v -0.514779 1.422997 0.016364
v -0.497170 1.426963 -0.015234
v -0.497514 1.429367 0.000767
v -0.497084 1.426359 0.016663
v -0.528743 1.398853 0.036445
v -0.526379 1.383556 0.038795
v -0.524031 1.368358 0.035855
v -0.511618 1.401800 0.036993
v -0.509301 1.386260 0.039378
v -0.506999 1.370821 0.036394
v -0.493997 1.404755 0.037671
v -0.491734 1.388916 0.040100
v -0.489486 1.373181 0.037061
v -0.584417 1.339733 0.014013
v -0.584058 1.337528 -0.000705
v -0.584508 1.340287 -0.015327
v -0.569104 1.341799 0.014186
v -0.568741 1.339566 -0.000714
v -0.569195 1.342359 -0.015517
v -0.553465 1.343908 0.014364
v -0.553100 1.341647 -0.000723
v -0.553556 1.344476 -0.015711
v -0.587741 1.360101 -0.034650
v -0.590112 1.374627 -0.036884
v -0.592467 1.389058 -0.034089
v -0.572459 1.362421 -0.035079
v -0.574851 1.377128 -0.037341
v -0.577228 1.391738 -0.034511
v -0.556833 1.364792 -0.035518
v -0.559236 1.379686 -0.037809
v -0.561622 1.394482 -0.034943
v -0.595579 1.408129 -0.014013
v -0.595939 1.410334 0.000705
v -0.595488 1.407575 0.015327
v -0.580369 1.411047 -0.014186
v -0.580732 1.413279 0.000714
v -0.580277 1.410486 0.015517
v -0.564776 1.414036 -0.014364
v -0.565141 1.416298 0.000723
v -0.564684 1.413469 0.015711
v -0.592255 1.387761 0.034650
v -0.589885 1.373235 0.036884
v -0.587530 1.358804 0.034089
v -0.577014 1.390425 0.035079
v -0.574622 1.375718 0.037341
v -0.572245 1.361107 0.034511
v -0.561408 1.393152 0.035518
v -0.559005 1.378258 0.037809
v -0.556619 1.363462 0.034943
v -0.643434 1.331787 0.013342
v -0.643078 1.329690 -0.000672
v -0.643523 1.332313 -0.014594
v -0.629006 1.333722 0.013507
v -0.628656 1.331598 -0.000680
v -0.629094 1.334256 -0.014774
v -0.614346 1.335696 0.013674
v -0.613994 1.333544 -0.000688
v -0.614434 1.336236 -0.014957
v -0.646719 1.351155 -0.032993
v -0.649062 1.364968 -0.035120
v -0.651389 1.378691 -0.032459
v -0.632247 1.353348 -0.033401
v -0.634558 1.367345 -0.035554
v -0.636854 1.381250 -0.032860
v -0.617595 1.355570 -0.033812
v -0.619912 1.369744 -0.035993
v -0.622214 1.383826 -0.033265
v -0.654465 1.396826 -0.013342
v -0.654820 1.398923 0.000672
v -0.654375 1.396299 0.014594
v -0.639888 1.399625 -0.013507
v -0.640239 1.401750 0.000680
v -0.639800 1.399092 0.014774
v -0.625257 1.402434 -0.013674
v -0.625609 1.404586 0.000688
v -0.625168 1.401893 0.014957
v -0.651180 1.377457 0.032993
v -0.648837 1.363644 0.035120
v -0.646510 1.349921 0.032459
v -0.636648 1.380000 0.033401
v -0.634337 1.366003 0.035554
v -0.632041 1.352098 0.032860
v -0.622007 1.382560 0.033812
v -0.619690 1.368386 0.035993
v -0.617388 1.354305 0.033265
v -0.698363 1.323395 0.012862
v -0.697884 1.321406 -0.000647
v -0.698484 1.323895 -0.014069
v -0.685072 1.325933 0.012905
v -0.684642 1.323924 -0.000650
v -0.685180 1.326437 -0.014116
v -0.671483 1.328015 0.013023
v -0.671089 1.325978 -0.000656
v -0.671582 1.328527 -0.014245
v -0.702794 1.341772 -0.031806
v -0.705955 1.354877 -0.033857
v -0.709094 1.367897 -0.031291
v -0.689046 1.344490 -0.031912
v -0.691880 1.357724 -0.033969
v -0.694695 1.370872 -0.031395
v -0.675118 1.346828 -0.032203
v -0.677710 1.360245 -0.034279
v -0.680286 1.373574 -0.031682
v -0.713243 1.385103 -0.012862
v -0.713722 1.387092 0.000647
v -0.713122 1.384603 0.014069
v -0.698416 1.388247 -0.012905
v -0.698846 1.390256 0.000650
v -0.698308 1.387742 0.014116
v -0.683689 1.391189 -0.013023
v -0.684083 1.393226 0.000656
v -0.683591 1.390677 0.014245
v -0.708812 1.366726 0.031806
v -0.705652 1.353621 0.033857
v -0.702512 1.340601 0.031291
v -0.694442 1.369690 0.031912
v -0.691608 1.356455 0.033969
v -0.688793 1.343308 0.031395
v -0.680054 1.372376 0.032203
v -0.677462 1.358959 0.034279
v -0.674887 1.345630 0.031682
v -0.748445 1.306837 0.013381
v -0.747687 1.304848 -0.000674
v -0.748635 1.307336 -0.014637
v -0.736399 1.311469 0.013317
v -0.735705 1.309470 -0.000670
v -0.736573 1.311972 -0.014566
v -0.724032 1.316060 0.013120
v -0.723414 1.314069 -0.000660
v -0.724187 1.316560 -0.014351
v -0.755441 1.325206 -0.033089
v -0.760431 1.338306 -0.035223
v -0.765388 1.351320 -0.032553
v -0.742807 1.329940 -0.032930
v -0.747378 1.343112 -0.035053
v -0.751918 1.356199 -0.032396
v -0.729739 1.334456 -0.032443
v -0.733809 1.347576 -0.034535
v -0.737852 1.360610 -0.031918
v -0.771939 1.368519 -0.013381
v -0.772696 1.370508 0.000674
v -0.771749 1.368020 0.014637
v -0.757919 1.373493 -0.013317
v -0.758613 1.375493 0.000670
v -0.757745 1.372991 0.014566
v -0.743196 1.377834 -0.013120
v -0.743813 1.379825 0.000660
v -0.743040 1.377334 0.014351
v -0.764942 1.350150 0.033089
v -0.759953 1.337050 0.035223
v -0.754995 1.324036 0.032553
v -0.751510 1.355023 0.032930
v -0.746940 1.341850 0.035053
v -0.742399 1.328763 0.032396
v -0.737489 1.359438 0.032443
v -0.733419 1.346318 0.034535
v -0.729376 1.333285 0.031918
v -0.791023 1.297821 0.009992
v -0.790763 1.296361 -0.000487
v -0.791190 1.298184 -0.010904
v -0.781900 1.297523 0.011473
v -0.781266 1.295836 -0.000575
v -0.782089 1.297941 -0.012546
v -0.771463 1.299318 0.012563
v -0.770682 1.297480 -0.000632
v -0.771663 1.299779 -0.013741
v -0.796948 1.310552 -0.024040
v -0.801698 1.319882 -0.025463
v -0.805715 1.329509 -0.023640
v -0.788818 1.312833 -0.028286
v -0.793875 1.323755 -0.030081
v -0.798683 1.334714 -0.027826
v -0.778810 1.316265 -0.031056
v -0.784065 1.328351 -0.033055
v -0.789259 1.340372 -0.030553
v -0.811256 1.341412 -0.009992
v -0.812222 1.342520 0.000487
v -0.811089 1.341050 0.010904
v -0.805160 1.349047 -0.011473
v -0.806010 1.350626 0.000575
v -0.804971 1.348629 0.012546
v -0.796138 1.356238 -0.012563
v -0.796946 1.358063 0.000632
v -0.795938 1.355778 0.013741
v -0.805331 1.328682 0.024040
v -0.801288 1.318999 0.025463
v -0.796564 1.309725 0.023640
v -0.798242 1.333736 0.028286
v -0.793401 1.322707 0.030081
v -0.788377 1.311856 0.027826
v -0.788791 1.339292 0.031056
v -0.783563 1.327192 0.033055
v -0.778342 1.315185 0.030553
v 0.156324 1.391133 -0.026650
v 0.154692 1.387482 -0.003926
v 0.155090 1.391164 0.018927
v 0.123629 1.406804 -0.027397
v 0.122107 1.403590 -0.005569
v 0.122641 1.407252 0.016358
v 0.090431 1.424706 -0.028110
v 0.089099 1.422012 -0.007455
v 0.089799 1.425627 0.013262
v 0.162041 1.419733 0.050059
v 0.167707 1.440973 0.054362
v 0.173628 1.462252 0.050846
v 0.129756 1.434198 0.046161
v 0.135428 1.454043 0.050232
v 0.141339 1.473884 0.046793
v 0.096936 1.450545 0.041338
v 0.102463 1.468667 0.045113
v 0.108200 1.486736 0.041781
v 0.182576 1.491129 0.020729
v 0.184460 1.495040 -0.002029
v 0.184315 1.491617 -0.024915
v 0.150331 1.500796 0.017768
v 0.152263 1.504432 -0.004114
v 0.152139 1.501193 -0.026094
v 0.116983 1.511235 0.014196
v 0.118908 1.514540 -0.006536
v 0.118800 1.511535 -0.027331
v 0.177364 1.463048 -0.056047
v 0.171445 1.441548 -0.060317
v 0.165272 1.420009 -0.056768
v 0.145025 1.474247 -0.055897
v 0.138943 1.453979 -0.059914
v 0.132621 1.433716 -0.056422
v 0.111663 1.486617 -0.055407
v 0.105544 1.467885 -0.059104
v 0.099214 1.449206 -0.055695
v 0.276973 1.363201 -0.023223
v 0.276024 1.359098 -0.001138
v 0.276314 1.362471 0.021099
v 0.248851 1.365739 -0.024113
v 0.247625 1.361582 -0.001353
v 0.247893 1.365078 0.021566
v 0.219193 1.370582 -0.025001
v 0.217721 1.366458 -0.001816
v 0.217988 1.370056 0.021527
v 0.280720 1.391261 0.051453
v 0.284275 1.413003 0.055696
v 0.287943 1.434871 0.052340
v 0.253086 1.394596 0.052857
v 0.257350 1.416851 0.057235
v 0.261780 1.439222 0.053781
v 0.223949 1.399909 0.053393
v 0.228882 1.422352 0.057848
v 0.234032 1.444896 0.054325
v 0.293238 1.464645 0.023175
v 0.294188 1.468751 0.001090
v 0.293901 1.465380 -0.021148
v 0.268284 1.469652 0.023728
v 0.269526 1.473826 0.000965
v 0.269275 1.470347 -0.021956
v 0.241687 1.475531 0.023701
v 0.243214 1.479712 0.000509
v 0.243004 1.476171 -0.022841
v 0.289494 1.436589 -0.051502
v 0.285937 1.414845 -0.055744
v 0.282268 1.392976 -0.052388
v 0.264082 1.440829 -0.053247
v 0.259802 1.418557 -0.057622
v 0.255355 1.396169 -0.054166
v 0.237043 1.446319 -0.054707
v 0.232053 1.423818 -0.059155
v 0.226848 1.401218 -0.055625
v 0.371719 1.359241 -0.020084
v 0.371305 1.355602 -0.000925
v 0.371632 1.358511 0.018361
v 0.350336 1.360028 -0.020801
v 0.349883 1.356264 -0.000960
v 0.350214 1.359278 0.019011
v 0.327655 1.360900 -0.021557
v 0.327114 1.357015 -0.001003
v 0.327442 1.360140 0.019688
v 0.374475 1.383670 0.044668
v 0.376629 1.402707 0.048331
v 0.378797 1.421869 0.045403
v 0.353198 1.385322 0.046256
v 0.355471 1.405028 0.050050
v 0.357764 1.424861 0.047020
v 0.330705 1.387090 0.047917
v 0.333223 1.407474 0.051852
v 0.335777 1.427988 0.048715
v 0.381757 1.448007 0.020084
v 0.382171 1.451646 0.000925
v 0.381844 1.448737 -0.018361
v 0.360912 1.451913 0.020801
v 0.361364 1.455676 0.000960
v 0.361034 1.452662 -0.019011
v 0.339326 1.455958 0.021557
v 0.339868 1.459844 0.001003
v 0.339539 1.456719 -0.019688
v 0.379001 1.423579 -0.044668
v 0.376847 1.404541 -0.048331
v 0.374679 1.385379 -0.045403
v 0.358050 1.426618 -0.046256
v 0.355777 1.406913 -0.050050
v 0.353483 1.387079 -0.047020
v 0.336277 1.429769 -0.047917
v 0.333759 1.409385 -0.051852
v 0.331204 1.388871 -0.048715
v 0.450304 1.355981 -0.017528
v 0.449893 1.352812 -0.000807
v 0.450221 1.355345 0.016025
v 0.431436 1.356983 -0.018096
v 0.431031 1.353708 -0.000833
v 0.431355 1.356326 0.016544
v 0.412069 1.357789 -0.018726
v 0.411667 1.354398 -0.000862
v 0.411988 1.357108 0.017120
v 0.453062 1.377257 0.038985
v 0.455211 1.393839 0.042181
v 0.457374 1.410529 0.039626
v 0.434152 1.378965 0.040247
v 0.436269 1.396096 0.043548
v 0.438400 1.413340 0.040910
v 0.414767 1.380550 0.041647
v 0.416870 1.398289 0.045063
v 0.418986 1.416144 0.042333
v 0.460325 1.433296 0.017528
v 0.460735 1.436466 0.000807
v 0.460407 1.433932 -0.016025
v 0.441307 1.436862 0.018096
v 0.441711 1.440137 0.000833
v 0.441388 1.437520 -0.016544
v 0.421873 1.440499 0.018726
v 0.422275 1.443891 0.000862
v 0.421954 1.441180 -0.017120
v 0.457567 1.412020 -0.038985
v 0.455418 1.395439 -0.042181
v 0.453255 1.378748 -0.039626
v 0.438590 1.414881 -0.040247
v 0.436473 1.397749 -0.043548
v 0.434342 1.380505 -0.040910
v 0.419175 1.417738 -0.041647
v 0.417073 1.400000 -0.045063
v 0.414956 1.382145 -0.042333
v 0.521018 1.348857 -0.016121
v 0.520569 1.345951 -0.000742
v 0.520928 1.348274 0.014739
v 0.504045 1.351012 -0.016364
v 0.503605 1.348060 -0.000753
v 0.503957 1.350420 0.014960
v 0.486602 1.352991 -0.016663
v 0.486172 1.349983 -0.000767
v 0.486516 1.352387 0.015234
v 0.524031 1.368358 0.035855
v 0.526379 1.383556 0.038795
v 0.528742 1.398853 0.036445
v 0.506999 1.370821 0.036394
v 0.509301 1.386260 0.039378
v 0.511618 1.401800 0.036993
v 0.489486 1.373181 0.037061
v 0.491734 1.388916 0.040100
v 0.493997 1.404755 0.037671
v 0.531967 1.419721 0.016121
v 0.532416 1.422626 0.000742
v 0.532057 1.420304 -0.014739
v 0.514779 1.422997 0.016364
v 0.515219 1.425949 0.000753
v 0.514867 1.423589 -0.014960
v 0.497084 1.426359 0.016663
v 0.497514 1.429367 0.000767
v 0.497170 1.426963 -0.015234
v 0.528954 1.400220 -0.035855
v 0.526605 1.385022 -0.038795
v 0.524242 1.369724 -0.036445
v 0.511825 1.403188 -0.036394
v 0.509523 1.387749 -0.039378
v 0.507206 1.372209 -0.036993
v 0.494199 1.406169 -0.037061
v 0.491951 1.390434 -0.040100
v 0.489688 1.374596 -0.037671
v 0.584508 1.340287 -0.015327
v 0.584058 1.337528 -0.000705
v 0.584417 1.339733 0.014013
v 0.569195 1.342359 -0.015517
v 0.568741 1.339566 -0.000714
v 0.569104 1.341799 0.014186
v 0.553556 1.344476 -0.015711
v 0.553100 1.341647 -0.000723
v 0.553465 1.343908 0.014364
v 0.587530 1.358804 0.034089
v 0.589885 1.373235 0.036884
v 0.592255 1.387761 0.034650
v 0.572245 1.361107 0.034511
v 0.574622 1.375718 0.037341
v 0.577014 1.390425 0.035079
v 0.556619 1.363462 0.034943
v 0.559005 1.378258 0.037809
v 0.561408 1.393152 0.035518
v 0.595488 1.407575 0.015327
v 0.595939 1.410334 0.000705
v 0.595579 1.408129 -0.014013
v 0.580277 1.410486 0.015517
v 0.580732 1.413279 0.000714
v 0.580369 1.411047 -0.014186
v 0.564684 1.413469 0.015711
v 0.565141 1.416298 0.000723
v 0.564776 1.414036 -0.014364
v 0.592467 1.389058 -0.034089
v 0.590112 1.374627 -0.036884
v 0.587741 1.360101 -0.034650
v 0.577228 1.391738 -0.034511
v 0.574851 1.377128 -0.037341
v 0.572459 1.362421 -0.035079
v 0.561622 1.394483 -0.034943
v 0.559236 1.379686 -0.037809
v 0.556833 1.364792 -0.035518
v 0.643523 1.332313 -0.014594
v 0.643078 1.329690 -0.000672
v 0.643434 1.331787 0.013342
v 0.629094 1.334256 -0.014774
v 0.628656 1.331597 -0.000680
v 0.629006 1.333722 0.013507
v 0.614434 1.336236 -0.014957
v 0.613994 1.333544 -0.000688
v 0.614346 1.335696 0.013674
v 0.646510 1.349921 0.032459
v 0.648837 1.363644 0.035120
v 0.651180 1.377457 0.032993
v 0.632041 1.352098 0.032860
v 0.634337 1.366003 0.035554
v 0.636648 1.380000 0.033401
v 0.617388 1.354305 0.033265
v 0.619690 1.368386 0.035993
v 0.622007 1.382560 0.033812
v 0.654375 1.396299 0.014594
v 0.654820 1.398923 0.000672
v 0.654465 1.396826 -0.013342
v 0.639800 1.399092 0.014774
v 0.640239 1.401750 0.000680
v 0.639888 1.399625 -0.013507
v 0.625168 1.401894 0.014957
v 0.625609 1.404586 0.000688
v 0.625257 1.402434 -0.013674
v 0.651389 1.378691 -0.032459
v 0.649062 1.364968 -0.035120
v 0.646719 1.351155 -0.032993
v 0.636854 1.381250 -0.032860
v 0.634558 1.367345 -0.035554
v 0.632247 1.353348 -0.033401
v 0.622214 1.383826 -0.033265
v 0.619912 1.369744 -0.035993
v 0.617595 1.355570 -0.033812
v 0.698484 1.323895 -0.014069
v 0.697884 1.321406 -0.000647
v 0.698363 1.323395 0.012862
v 0.685180 1.326437 -0.014116
v 0.684642 1.323924 -0.000650
v 0.685072 1.325933 0.012905
v 0.671582 1.328527 -0.014245
v 0.671089 1.325978 -0.000656
v 0.671483 1.328015 0.013023
v 0.702512 1.340601 0.031291
v 0.705652 1.353621 0.033857
v 0.708812 1.366726 0.031806
v 0.688793 1.343308 0.031395
v 0.691608 1.356456 0.033969
v 0.694442 1.369690 0.031912
v 0.674887 1.345630 0.031682
v 0.677462 1.358959 0.034279
v 0.680054 1.372376 0.032203
v 0.713122 1.384603 0.014069
v 0.713722 1.387092 0.000647
v 0.713243 1.385103 -0.012862
v 0.698308 1.387742 0.014116
v 0.698846 1.390256 0.000650
v 0.698416 1.388247 -0.012905
v 0.683591 1.390677 0.014245
v 0.684083 1.393226 0.000656
v 0.683689 1.391189 -0.013023
v 0.709094 1.367897 -0.031291
v 0.705955 1.354877 -0.033857
v 0.702795 1.341772 -0.031806
v 0.694695 1.370872 -0.031395
v 0.691880 1.357724 -0.033969
v 0.689046 1.344490 -0.031912
v 0.680286 1.373574 -0.031682
v 0.677710 1.360245 -0.034279
v 0.675118 1.346828 -0.032203
v 0.748635 1.307336 -0.014637
v 0.747687 1.304848 -0.000674
v 0.748445 1.306837 0.013381
v 0.736573 1.311972 -0.014566
v 0.735705 1.309470 -0.000670
v 0.736399 1.311469 0.013317
v 0.724188 1.316561 -0.014351
v 0.723414 1.314069 -0.000660
v 0.724032 1.316060 0.013120
v 0.754996 1.324036 0.032553
v 0.759953 1.337050 0.035223
v 0.764942 1.350150 0.033089
v 0.742399 1.328763 0.032396
v 0.746940 1.341850 0.035053
v 0.751510 1.355023 0.032930
v 0.729376 1.333284 0.031918
v 0.733419 1.346318 0.034535
v 0.737489 1.359438 0.032443
v 0.771749 1.368020 0.014637
v 0.772696 1.370508 0.000674
v 0.771939 1.368519 -0.013381
v 0.757745 1.372991 0.014566
v 0.758613 1.375493 0.000670
v 0.757919 1.373493 -0.013317
v 0.743040 1.377334 0.014351
v 0.743813 1.379825 0.000660
v 0.743196 1.377834 -0.013120
v 0.765388 1.351320 -0.032553
v 0.760431 1.338306 -0.035223
v 0.755441 1.325206 -0.033089
v 0.751918 1.356199 -0.032396
v 0.747378 1.343112 -0.035053
v 0.742807 1.329940 -0.032930
v 0.737852 1.360609 -0.031918
v 0.733809 1.347576 -0.034535
v 0.729739 1.334456 -0.032443
v 0.791190 1.298184 -0.010904
v 0.790763 1.296361 -0.000487
v 0.791023 1.297822 0.009992
v 0.782089 1.297941 -0.012546
v 0.781266 1.295836 -0.000575
v 0.781900 1.297523 0.011473
v 0.771663 1.299779 -0.013741
v 0.770682 1.297480 -0.000632
v 0.771463 1.299318 0.012563
v 0.796564 1.309725 0.023640
v 0.801287 1.318999 0.025463
v 0.805331 1.328682 0.024040
v 0.788377 1.311856 0.027826
v 0.793402 1.322707 0.030081
v 0.798242 1.333736 0.028286
v 0.778342 1.315185 0.030553
v 0.783563 1.327192 0.033055
v 0.788791 1.339292 0.031056
v 0.811089 1.341050 0.010904
v 0.812222 1.342520 0.000487
v 0.811256 1.341412 -0.009992
v 0.804971 1.348629 0.012546
v 0.806010 1.350626 0.000575
v 0.805160 1.349047 -0.011473
v 0.795938 1.355778 0.013741
v 0.796946 1.358063 0.000632
v 0.796138 1.356239 -0.012563
v 0.805715 1.329509 -0.023640
v 0.801698 1.319882 -0.025463
v 0.796948 1.310552 -0.024040
v 0.798683 1.334714 -0.027826
v 0.793875 1.323755 -0.030081
v 0.788818 1.312833 -0.028286
v 0.789259 1.340372 -0.030553
v 0.784065 1.328351 -0.033055
v 0.778810 1.316265 -0.031056
v -0.053226 0.996066 0.014945
v -0.049089 0.995067 -0.010075
v -0.052498 0.996165 -0.035223
v -0.052584 1.019414 0.015771
v -0.048289 1.017479 -0.009974
v -0.051109 1.018972 -0.035801
v -0.049077 1.040253 0.017153
v -0.044461 1.036679 -0.009686
v -0.046438 1.038327 -0.036308
v -0.080733 1.004592 -0.069808
v -0.101982 1.010887 -0.074864
v -0.123605 1.017179 -0.071254
v -0.076301 1.031865 -0.071632
v -0.095676 1.041952 -0.077331
v -0.116031 1.052579 -0.074258
v -0.067358 1.055740 -0.073375
v -0.084261 1.070261 -0.079936
v -0.103378 1.086987 -0.077873
v -0.154512 1.024859 -0.037719
v -0.159810 1.025228 -0.012148
v -0.157536 1.023584 0.013419
v -0.146884 1.063938 -0.039461
v -0.153118 1.062902 -0.012762
v -0.152016 1.059125 0.012971
v -0.136512 1.101579 -0.039899
v -0.144053 1.096445 -0.011689
v -0.144253 1.088633 0.012959
v -0.129301 1.015278 0.047814
v -0.106917 1.009584 0.052365
v -0.084133 1.003868 0.048290
v -0.126824 1.047205 0.047285
v -0.105731 1.039845 0.052390
v -0.083437 1.031746 0.049053
v -0.123555 1.074756 0.044446
v -0.104200 1.067874 0.050624
v -0.081870 1.058404 0.049359
v -0.055307 0.890655 0.013278
v -0.051319 0.890559 -0.010001
v -0.055301 0.890656 -0.033281
v -0.054047 0.917904 0.013663
v -0.050001 0.917759 -0.010006
v -0.054002 0.917917 -0.033685
v -0.053192 0.944815 0.014058
v -0.049102 0.944537 -0.010022
v -0.053042 0.944857 -0.034134
v -0.086512 0.891414 -0.064551
v -0.109755 0.891978 -0.068547
v -0.133001 0.892540 -0.064562
v -0.085438 0.919126 -0.065538
v -0.108859 0.920023 -0.069645
v -0.132300 0.920915 -0.065629
v -0.084217 0.947274 -0.066698
v -0.107473 0.949063 -0.070993
v -0.130797 0.950832 -0.067006
v -0.164231 0.893292 -0.033302
v -0.168229 0.893385 -0.010018
v -0.164255 0.893285 0.013266
v -0.163896 0.922079 -0.033852
v -0.168017 0.922203 -0.010147
v -0.164091 0.922024 0.013567
v -0.162514 0.953095 -0.034695
v -0.166856 0.953302 -0.010497
v -0.163170 0.952910 0.013734
v -0.133045 0.892528 0.044536
v -0.109793 0.891967 0.048528
v -0.086537 0.891407 0.044538
v -0.132655 0.920814 0.045419
v -0.109159 0.919939 0.049491
v -0.085642 0.919068 0.045440
v -0.131995 0.950493 0.046298
v -0.108486 0.948776 0.050474
v -0.084908 0.947079 0.046368
v -0.061091 0.784012 0.011806
v -0.057354 0.783919 -0.010000
v -0.061091 0.783988 -0.031807
v -0.059666 0.810120 0.012167
v -0.055867 0.810033 -0.010000
v -0.059666 0.810113 -0.032167
v -0.058223 0.836588 0.012532
v -0.054361 0.836502 -0.010000
v -0.058223 0.836587 -0.032532
v -0.090368 0.784601 -0.061090
v -0.112170 0.785068 -0.064828
v -0.133971 0.785539 -0.061090
v -0.089426 0.810763 -0.061934
v -0.111588 0.811250 -0.065734
v -0.133749 0.811739 -0.061934
v -0.088472 0.837258 -0.062789
v -0.110999 0.837758 -0.066652
v -0.133525 0.838258 -0.062789
v -0.163247 0.786184 -0.031806
v -0.166984 0.786277 -0.010000
v -0.163247 0.786208 0.011807
v -0.163509 0.812399 -0.032167
v -0.167308 0.812486 -0.010000
v -0.163509 0.812406 0.012167
v -0.163775 0.838930 -0.032532
v -0.167637 0.839016 -0.010000
v -0.163775 0.838931 0.012532
v -0.133970 0.785595 0.041090
v -0.112169 0.785128 0.044828
v -0.090367 0.784657 0.041090
v -0.133749 0.811755 0.041934
v -0.111588 0.811268 0.045734
v -0.089426 0.810780 0.041934
v -0.133525 0.838260 0.042789
v -0.110999 0.837760 0.046652
v -0.088472 0.837260 0.042789
v -0.066418 0.681878 0.010558
v -0.062918 0.681702 -0.009873
v -0.066422 0.681625 -0.030304
v -0.065206 0.707343 0.010794
v -0.061650 0.707195 -0.009963
v -0.065209 0.707166 -0.030720
v -0.063884 0.732732 0.011103
v -0.060268 0.732609 -0.009996
v -0.063886 0.732623 -0.031095
v -0.093858 0.681841 -0.057739
v -0.114287 0.682107 -0.061240
v -0.134716 0.682416 -0.057737
v -0.093080 0.707512 -0.058593
v -0.113835 0.707842 -0.062150
v -0.134588 0.708203 -0.058592
v -0.092214 0.733084 -0.059427
v -0.113309 0.733472 -0.063043
v -0.134404 0.733879 -0.059426
v -0.162146 0.682973 -0.030300
v -0.165646 0.683149 -0.009869
v -0.162142 0.683226 0.010561
v -0.162456 0.708785 -0.030717
v -0.166012 0.708933 -0.009961
v -0.162453 0.708962 0.010796
v -0.162730 0.734485 -0.031093
v -0.166346 0.734608 -0.009994
v -0.162729 0.734594 0.011104
v -0.134706 0.683010 0.037996
v -0.114277 0.682744 0.041498
v -0.093848 0.682435 0.037994
v -0.134582 0.708616 0.038669
v -0.113827 0.708286 0.042227
v -0.093074 0.707925 0.038668
v -0.134400 0.734133 0.039436
v -0.113305 0.733745 0.043053
v -0.092210 0.733339 0.039436
v -0.069625 0.578097 0.010711
v -0.066309 0.577811 -0.008651
v -0.069632 0.577549 -0.028013
v -0.069037 0.603921 0.010538
v -0.065681 0.603658 -0.009059
v -0.069043 0.603435 -0.028655
v -0.068334 0.630068 0.010431
v -0.064934 0.629832 -0.009419
v -0.068340 0.629654 -0.029268
v -0.095639 0.577278 -0.054009
v -0.115003 0.577302 -0.057325
v -0.134365 0.577421 -0.054003
v -0.095364 0.603265 -0.054966
v -0.114961 0.603340 -0.058323
v -0.134558 0.603498 -0.054962
v -0.094999 0.629604 -0.055921
v -0.114850 0.629739 -0.059322
v -0.134699 0.629944 -0.055918
v -0.160363 0.577884 -0.028000
v -0.163679 0.578170 -0.008638
v -0.160356 0.578431 0.010724
v -0.160870 0.603982 -0.028644
v -0.164226 0.604245 -0.009048
v -0.160863 0.604468 0.010548
v -0.161351 0.630450 -0.029260
v -0.164751 0.630686 -0.009410
v -0.161345 0.630864 0.010439
v -0.134350 0.578703 0.036720
v -0.114986 0.578679 0.040036
v -0.095623 0.578560 0.036715
v -0.134543 0.604638 0.036860
v -0.114945 0.604563 0.040217
v -0.095349 0.604404 0.036855
v -0.134686 0.630913 0.037092
v -0.114835 0.630779 0.040493
v -0.094986 0.630574 0.037089
v -0.071561 0.483198 0.011492
v -0.068386 0.482884 -0.007046
v -0.071568 0.482570 -0.025582
v -0.071105 0.505668 0.011305
v -0.067897 0.505354 -0.007427
v -0.071112 0.505041 -0.026158
v -0.070634 0.528869 0.011113
v -0.067392 0.528557 -0.007820
v -0.070641 0.528251 -0.026752
v -0.096468 0.482150 -0.050470
v -0.115009 0.482097 -0.053644
v -0.133548 0.482151 -0.050463
v -0.096274 0.504625 -0.051307
v -0.115009 0.504576 -0.054514
v -0.133742 0.504635 -0.051300
v -0.096073 0.527857 -0.052171
v -0.115009 0.527820 -0.055414
v -0.133943 0.527888 -0.052165
v -0.158439 0.482573 -0.025566
v -0.161614 0.482887 -0.007028
v -0.158432 0.483201 0.011508
v -0.158895 0.505063 -0.026141
v -0.162103 0.505377 -0.007409
v -0.158888 0.505690 0.011322
v -0.159366 0.528324 -0.026736
v -0.162608 0.528636 -0.007803
v -0.159359 0.528942 0.011129
v -0.133532 0.483621 0.036396
v -0.114991 0.483674 0.039570
v -0.096452 0.483620 0.036389
v -0.133726 0.506106 0.036471
v -0.114991 0.506155 0.039678
v -0.096258 0.506096 0.036464
v -0.133927 0.529336 0.036548
v -0.114991 0.529373 0.039790
v -0.096057 0.529305 0.036541
v -0.073295 0.397608 0.012202
v -0.070247 0.397307 -0.005595
v -0.073302 0.397005 -0.023391
v -0.072871 0.418526 0.012029
v -0.069792 0.418221 -0.005949
v -0.072878 0.417916 -0.023927
v -0.072442 0.439736 0.011853
v -0.069331 0.439428 -0.006309
v -0.072448 0.439120 -0.024470
v -0.097209 0.396600 -0.047285
v -0.115008 0.396548 -0.050333
v -0.132807 0.396600 -0.047278
v -0.097028 0.417507 -0.048063
v -0.115009 0.417455 -0.051142
v -0.132988 0.417507 -0.048057
v -0.096844 0.438707 -0.048853
v -0.115009 0.438654 -0.051963
v -0.133172 0.438707 -0.048846
v -0.156705 0.397005 -0.023375
v -0.159753 0.397307 -0.005578
v -0.156698 0.397608 0.012218
v -0.157129 0.417917 -0.023911
v -0.160208 0.418221 -0.005932
v -0.157122 0.418526 0.012045
v -0.157558 0.439120 -0.024453
v -0.160669 0.439428 -0.006292
v -0.157552 0.439736 0.011869
v -0.132792 0.398013 0.036112
v -0.114992 0.398065 0.039160
v -0.097193 0.398013 0.036106
v -0.132972 0.418935 0.036182
v -0.114992 0.418987 0.039260
v -0.097012 0.418935 0.036175
v -0.133156 0.440149 0.036252
v -0.114991 0.440202 0.039362
v -0.096828 0.440149 0.036245
v -0.074944 0.316248 0.012878
v -0.072017 0.315958 -0.004216
v -0.074951 0.315669 -0.021308
v -0.074538 0.336285 0.012712
v -0.071581 0.335993 -0.004555
v -0.074545 0.335700 -0.021821
v -0.074128 0.356513 0.012544
v -0.071141 0.356218 -0.004898
v -0.074135 0.355922 -0.022339
v -0.097912 0.315280 -0.044258
v -0.115008 0.315230 -0.047185
v -0.132103 0.315280 -0.044251
v -0.097739 0.335307 -0.045003
v -0.115008 0.335257 -0.047960
v -0.132277 0.335307 -0.044997
v -0.097564 0.355525 -0.045756
v -0.115008 0.355475 -0.048743
v -0.132452 0.355525 -0.045749
v -0.155056 0.315669 -0.021293
v -0.157983 0.315959 -0.004200
v -0.155049 0.316248 0.012893
v -0.155462 0.335700 -0.021806
v -0.158419 0.335993 -0.004539
v -0.155455 0.336286 0.012727
v -0.155872 0.355922 -0.022324
v -0.158859 0.356218 -0.004882
v -0.155865 0.356514 0.012559
v -0.132088 0.316637 0.035842
v -0.114992 0.316687 0.038769
v -0.097897 0.316637 0.035836
v -0.132261 0.336679 0.035909
v -0.114992 0.336729 0.038865
v -0.097723 0.336678 0.035902
v -0.132436 0.356911 0.035976
v -0.114992 0.356961 0.038963
v -0.097548 0.356910 0.035969
v -0.076536 0.237721 0.013530
v -0.073725 0.237442 -0.002885
v -0.076542 0.237164 -0.019298
v -0.076142 0.257131 0.013369
v -0.073303 0.256850 -0.003214
v -0.076149 0.256569 -0.019795
v -0.075746 0.276683 0.013206
v -0.072877 0.276400 -0.003545
v -0.075752 0.276116 -0.020296
v -0.098591 0.236791 -0.041336
v -0.115008 0.236743 -0.044146
v -0.131424 0.236791 -0.041329
v -0.098423 0.256192 -0.042058
v -0.115008 0.256144 -0.044897
v -0.131592 0.256192 -0.042052
v -0.098254 0.275734 -0.042785
v -0.115008 0.275686 -0.045654
v -0.131761 0.275735 -0.042779
v -0.153464 0.237164 -0.019284
v -0.156275 0.237443 -0.002869
v -0.153458 0.237721 0.013544
v -0.153858 0.256570 -0.019780
v -0.156698 0.256851 -0.003198
v -0.153851 0.257132 0.013383
v -0.154254 0.276116 -0.020281
v -0.157123 0.276400 -0.003529
v -0.154248 0.276684 0.013221
v -0.131409 0.238094 0.035582
v -0.114992 0.238142 0.038393
v -0.098576 0.238094 0.035576
v -0.131577 0.257509 0.035646
v -0.114992 0.257557 0.038486
v -0.098408 0.257509 0.035640
v -0.131746 0.277065 0.035711
v -0.114992 0.277113 0.038579
v -0.098239 0.277065 0.035705
v -0.077273 0.156391 0.015801
v -0.074936 0.155866 -0.001337
v -0.077274 0.155042 -0.018589
v -0.077454 0.178793 0.014530
v -0.074832 0.178427 -0.001839
v -0.077458 0.178006 -0.018241
v -0.077284 0.199105 0.013914
v -0.074543 0.198820 -0.002224
v -0.077290 0.198529 -0.018366
v -0.098481 0.156355 -0.041512
v -0.115007 0.157315 -0.044168
v -0.131533 0.156355 -0.041506
v -0.098833 0.178093 -0.040076
v -0.115007 0.178332 -0.042796
v -0.131181 0.178093 -0.040070
v -0.098891 0.198219 -0.040015
v -0.115008 0.198208 -0.042768
v -0.131123 0.198219 -0.040009
v -0.152731 0.155042 -0.018576
v -0.155064 0.155866 -0.001323
v -0.152721 0.156391 0.015814
v -0.152548 0.178007 -0.018228
v -0.155168 0.178427 -0.001824
v -0.152540 0.178793 0.014544
v -0.152716 0.198529 -0.018352
v -0.155457 0.198820 -0.002209
v -0.152710 0.199105 0.013928
v -0.131515 0.159458 0.038084
v -0.114993 0.160580 0.040589
v -0.098472 0.159458 0.038078
v -0.131165 0.179896 0.036201
v -0.114993 0.180253 0.038876
v -0.098821 0.179896 0.036195
v -0.131108 0.199564 0.035556
v -0.114992 0.199649 0.038303
v -0.098877 0.199563 0.035549
v -0.103450 0.001957 0.076357
v -0.115000 0.000000 0.075980
v -0.126550 0.001957 0.076357
v -0.101958 0.003151 0.065402
v -0.115000 0.000844 0.064595
v -0.128041 0.003151 0.065402
v -0.100682 0.006640 0.052476
v -0.115000 0.003626 0.051542
v -0.129318 0.006640 0.052476
v -0.141539 0.015587 0.082872
v -0.143415 0.025792 0.088313
v -0.141506 0.036402 0.092834
v -0.145205 0.019427 0.073349
v -0.147212 0.031025 0.079372
v -0.144941 0.042650 0.084807
v -0.147545 0.026094 0.062413
v -0.149236 0.038536 0.069504
v -0.146661 0.050724 0.075469
v -0.126517 0.049930 0.099254
v -0.115000 0.051435 0.100506
v -0.103483 0.049930 0.099254
v -0.127777 0.058108 0.091989
v -0.115000 0.060018 0.093037
v -0.102223 0.058108 0.091989
v -0.128511 0.066971 0.082596
v -0.114999 0.069035 0.083509
v -0.101488 0.066971 0.082596
v -0.088494 0.036402 0.092834
v -0.086585 0.025792 0.088313
v -0.088461 0.015587 0.082872
v -0.085059 0.042650 0.084807
v -0.082787 0.031025 0.079372
v -0.084795 0.019427 0.073349
v -0.083338 0.050724 0.075468
v -0.080763 0.038536 0.069503
v -0.082455 0.026094 0.062412
v 0.052498 0.996165 -0.035223
v 0.049089 0.995067 -0.010075
v 0.053226 0.996066 0.014945
v 0.051109 1.018972 -0.035801
v 0.048289 1.017479 -0.009974
v 0.052584 1.019414 0.015771
v 0.046438 1.038327 -0.036308
v 0.044461 1.036679 -0.009686
v 0.049077 1.040253 0.017153
v 0.084133 1.003868 0.048290
v 0.106917 1.009584 0.052365
v 0.129301 1.015278 0.047814
v 0.083437 1.031746 0.049053
v 0.105731 1.039845 0.052390
v 0.126824 1.047205 0.047285
v 0.081870 1.058404 0.049359
v 0.104200 1.067874 0.050624
v 0.123555 1.074756 0.044446
v 0.157536 1.023584 0.013419
v 0.159810 1.025228 -0.012148
v 0.154512 1.024859 -0.037719
v 0.152016 1.059125 0.012971
v 0.153118 1.062902 -0.012762
v 0.146884 1.063938 -0.039461
v 0.144253 1.088633 0.012959
v 0.144053 1.096445 -0.011689
v 0.136512 1.101579 -0.039899
v 0.123605 1.017179 -0.071254
v 0.101982 1.010887 -0.074864
v 0.080733 1.004592 -0.069808
v 0.116031 1.052580 -0.074258
v 0.095676 1.041952 -0.077331
v 0.076301 1.031865 -0.071632
v 0.103378 1.086987 -0.077873
v 0.084261 1.070261 -0.079936
v 0.067358 1.055740 -0.073375
v 0.055301 0.890656 -0.033281
v 0.051319 0.890559 -0.010001
v 0.055307 0.890655 0.013278
v 0.054002 0.917917 -0.033685
v 0.050001 0.917759 -0.010006
v 0.054047 0.917904 0.013663
v 0.053042 0.944857 -0.034134
v 0.049102 0.944537 -0.010022
v 0.053192 0.944815 0.014058
v 0.086537 0.891407 0.044538
v 0.109793 0.891967 0.048528
v 0.133045 0.892528 0.044536
v 0.085642 0.919068 0.045440
v 0.109159 0.919939 0.049491
v 0.132655 0.920814 0.045419
v 0.084908 0.947079 0.046368
v 0.108486 0.948776 0.050474
v 0.131995 0.950493 0.046298
v 0.164255 0.893285 0.013266
v 0.168229 0.893385 -0.010018
v 0.164231 0.893292 -0.033302
v 0.164091 0.922024 0.013567
v 0.168017 0.922203 -0.010147
v 0.163896 0.922079 -0.033852
v 0.163170 0.952910 0.013734
v 0.166856 0.953302 -0.010497
v 0.162514 0.953096 -0.034695
v 0.133001 0.892540 -0.064562
v 0.109755 0.891977 -0.068547
v 0.086512 0.891414 -0.064551
v 0.132300 0.920915 -0.065629
v 0.108859 0.920023 -0.069645
v 0.085438 0.919126 -0.065538
v 0.130797 0.950832 -0.067006
v 0.107473 0.949063 -0.070993
v 0.084217 0.947274 -0.066698
v 0.061091 0.783988 -0.031807
v 0.057354 0.783919 -0.010000
v 0.061091 0.784012 0.011806
v 0.059666 0.810113 -0.032167
v 0.055867 0.810033 -0.010000
v 0.059666 0.810120 0.012167
v 0.058223 0.836587 -0.032532
v 0.054361 0.836502 -0.010000
v 0.058223 0.836588 0.012532
v 0.090367 0.784657 0.041090
v 0.112169 0.785128 0.044828
v 0.133970 0.785595 0.041090
v 0.089426 0.810780 0.041934
v 0.111588 0.811268 0.045734
v 0.133749 0.811755 0.041934
v 0.088472 0.837260 0.042789
v 0.110999 0.837760 0.046652
v 0.133525 0.838260 0.042789
v 0.163247 0.786208 0.011807
v 0.166984 0.786277 -0.010000
v 0.163247 0.786184 -0.031806
v 0.163509 0.812406 0.012167
v 0.167308 0.812486 -0.010000
v 0.163509 0.812399 -0.032167
v 0.163775 0.838931 0.012532
v 0.167637 0.839016 -0.010000
v 0.163775 0.838930 -0.032532
v 0.133971 0.785539 -0.061090
v 0.112170 0.785068 -0.064828
v 0.090368 0.784601 -0.061090
v 0.133749 0.811739 -0.061934
v 0.111588 0.811250 -0.065734
v 0.089426 0.810763 -0.061934
v 0.133525 0.838258 -0.062789
v 0.110999 0.837758 -0.066652
v 0.088472 0.837258 -0.062789
v 0.066422 0.681625 -0.030304
v 0.062918 0.681702 -0.009873
v 0.066418 0.681878 0.010558
v 0.065209 0.707166 -0.030720
v 0.061650 0.707195 -0.009963
v 0.065206 0.707342 0.010794
v 0.063886 0.732623 -0.031095
v 0.060268 0.732609 -0.009996
v 0.063884 0.732732 0.011103
v 0.093848 0.682435 0.037994
v 0.114277 0.682744 0.041498
v 0.134706 0.683010 0.037996
v 0.093074 0.707925 0.038668
v 0.113827 0.708286 0.042227
v 0.134582 0.708616 0.038669
v 0.092210 0.733339 0.039436
v 0.113305 0.733745 0.043053
v 0.134400 0.734133 0.039436
v 0.162142 0.683227 0.010561
v 0.165646 0.683149 -0.009869
v 0.162146 0.682973 -0.030300
v 0.162453 0.708962 0.010796
v 0.166012 0.708933 -0.009961
v 0.162456 0.708785 -0.030717
v 0.162729 0.734594 0.011104
v 0.166346 0.734608 -0.009994
v 0.162730 0.734486 -0.031093
v 0.134716 0.682416 -0.057737
v 0.114287 0.682107 -0.061240
v 0.093858 0.681841 -0.057739
v 0.134588 0.708203 -0.058592
v 0.113835 0.707842 -0.062150
v 0.093080 0.707512 -0.058593
v 0.134404 0.733879 -0.059426
v 0.113309 0.733472 -0.063043
v 0.092214 0.733084 -0.059427
v 0.069632 0.577549 -0.028013
v 0.066309 0.577811 -0.008651
v 0.069625 0.578097 0.010711
v 0.069043 0.603435 -0.028655
v 0.065681 0.603658 -0.009059
v 0.069037 0.603921 0.010538
v 0.068340 0.629654 -0.029268
v 0.064934 0.629832 -0.009419
v 0.068334 0.630068 0.010431
v 0.095623 0.578560 0.036715
v 0.114986 0.578678 0.040036
v 0.134350 0.578703 0.036720
v 0.095349 0.604404 0.036855
v 0.114945 0.604563 0.040217
v 0.134543 0.604638 0.036860
v 0.094986 0.630574 0.037089
v 0.114835 0.630779 0.040493
v 0.134686 0.630914 0.037092
v 0.160357 0.578432 0.010724
v 0.163679 0.578170 -0.008638
v 0.160363 0.577884 -0.028000
v 0.160863 0.604468 0.010548
v 0.164226 0.604245 -0.009048
v 0.160870 0.603981 -0.028644
v 0.161345 0.630864 0.010439
v 0.164751 0.630686 -0.009410
v 0.161351 0.630450 -0.029260
v 0.134365 0.577421 -0.054003
v 0.115003 0.577302 -0.057325
v 0.095639 0.577278 -0.054009
v 0.134558 0.603498 -0.054962
v 0.114961 0.603340 -0.058323
v 0.095364 0.603265 -0.054966
v 0.134699 0.629944 -0.055918
v 0.114850 0.629739 -0.059322
v 0.094999 0.629604 -0.055921
v 0.071568 0.482570 -0.025582
v 0.068386 0.482884 -0.007046
v 0.071561 0.483198 0.011492
v 0.071112 0.505041 -0.026158
v 0.067897 0.505354 -0.007427
v 0.071105 0.505668 0.011305
v 0.070641 0.528251 -0.026752
v 0.067392 0.528557 -0.007820
v 0.070634 0.528869 0.011113
v 0.096452 0.483620 0.036389
v 0.114991 0.483674 0.039570
v 0.133532 0.483621 0.036396
v 0.096258 0.506096 0.036464
v 0.114991 0.506155 0.039678
v 0.133726 0.506106 0.036471
v 0.096057 0.529305 0.036541
v 0.114991 0.529373 0.039790
v 0.133927 0.529336 0.036548
v 0.158432 0.483201 0.011508
v 0.161614 0.482887 -0.007028
v 0.158439 0.482573 -0.025566
v 0.158888 0.505690 0.011322
v 0.162103 0.505377 -0.007409
v 0.158895 0.505063 -0.026141
v 0.159359 0.528942 0.011129
v 0.162608 0.528636 -0.007803
v 0.159366 0.528324 -0.026736
v 0.133548 0.482151 -0.050463
v 0.115009 0.482097 -0.053644
v 0.096469 0.482150 -0.050470
v 0.133742 0.504635 -0.051300
v 0.115009 0.504576 -0.054514
v 0.096274 0.504625 -0.051307
v 0.133943 0.527888 -0.052165
v 0.115009 0.527820 -0.055414
v 0.096073 0.527857 -0.052171
v 0.073302 0.397005 -0.023391
v 0.070247 0.397307 -0.005595
v 0.073295 0.397608 0.012202
v 0.072878 0.417916 -0.023927
v 0.069792 0.418221 -0.005949
v 0.072871 0.418526 0.012029
v 0.072448 0.439120 -0.024470
v 0.069331 0.439428 -0.006309
v 0.072442 0.439736 0.011853
v 0.097193 0.398013 0.036106
v 0.114992 0.398065 0.039160
v 0.132792 0.398013 0.036112
v 0.097012 0.418935 0.036175
v 0.114992 0.418987 0.039260
v 0.132972 0.418935 0.036182
v 0.096828 0.440149 0.036245
v 0.114991 0.440202 0.039362
v 0.133156 0.440149 0.036252
v 0.156698 0.397608 0.012218
v 0.159753 0.397307 -0.005578
v 0.156705 0.397005 -0.023375
v 0.157122 0.418526 0.012045
v 0.160208 0.418221 -0.005932
v 0.157129 0.417917 -0.023911
v 0.157552 0.439736 0.011869
v 0.160669 0.439428 -0.006292
v 0.157558 0.439120 -0.024453
v 0.132807 0.396600 -0.047278
v 0.115008 0.396548 -0.050333
v 0.097209 0.396600 -0.047285
v 0.132988 0.417507 -0.048057
v 0.115009 0.417455 -0.051142
v 0.097028 0.417507 -0.048063
v 0.133172 0.438707 -0.048846
v 0.115009 0.438654 -0.051963
v 0.096844 0.438707 -0.048853
v 0.074951 0.315669 -0.021308
v 0.072017 0.315958 -0.004216
v 0.074944 0.316248 0.012878
v 0.074545 0.335700 -0.021821
v 0.071581 0.335993 -0.004555
v 0.074538 0.336285 0.012712
v 0.074135 0.355922 -0.022339
v 0.071141 0.356218 -0.004898
v 0.074128 0.356513 0.012544
v 0.097897 0.316637 0.035836
v 0.114992 0.316687 0.038769
v 0.132088 0.316637 0.035842
v 0.097723 0.336678 0.035902
v 0.114992 0.336729 0.038865
v 0.132261 0.336679 0.035909
v 0.097548 0.356910 0.035969
v 0.114992 0.356961 0.038963
v 0.132436 0.356911 0.035976
v 0.155049 0.316248 0.012893
v 0.157983 0.315959 -0.004200
v 0.155056 0.315669 -0.021293
v 0.155455 0.336286 0.012727
v 0.158419 0.335993 -0.004539
v 0.155462 0.335700 -0.021806
v 0.155865 0.356514 0.012559
v 0.158859 0.356218 -0.004882
v 0.155872 0.355922 -0.022324
v 0.132103 0.315280 -0.044251
v 0.115008 0.315230 -0.047185
v 0.097912 0.315280 -0.044258
v 0.132277 0.335307 -0.044997
v 0.115008 0.335257 -0.047960
v 0.097739 0.335307 -0.045003
v 0.132452 0.355525 -0.045749
v 0.115008 0.355475 -0.048743
v 0.097564 0.355525 -0.045756
v 0.076542 0.237164 -0.019298
v 0.073725 0.237442 -0.002885
v 0.076536 0.237721 0.013530
v 0.076149 0.256569 -0.019795
v 0.073302 0.256850 -0.003214
v 0.076142 0.257132 0.013369
v 0.075752 0.276116 -0.020296
v 0.072877 0.276400 -0.003545
v 0.075746 0.276683 0.013206
v 0.098576 0.238094 0.035576
v 0.114992 0.238142 0.038393
v 0.131409 0.238094 0.035582
v 0.098408 0.257509 0.035640
v 0.114992 0.257557 0.038486
v 0.131577 0.257509 0.035646
v 0.098239 0.277065 0.035705
v 0.114992 0.277113 0.038579
v 0.131746 0.277065 0.035711
v 0.153458 0.237721 0.013544
v 0.156275 0.237443 -0.002869
v 0.153464 0.237164 -0.019284
v 0.153851 0.257132 0.013383
v 0.156698 0.256851 -0.003198
v 0.153858 0.256570 -0.019780
v 0.154248 0.276684 0.013221
v 0.157123 0.276400 -0.003529
v 0.154254 0.276116 -0.020281
v 0.131424 0.236791 -0.041329
v 0.115008 0.236743 -0.044146
v 0.098591 0.236791 -0.041336
v 0.131592 0.256192 -0.042052
v 0.115008 0.256144 -0.044897
v 0.098423 0.256192 -0.042058
v 0.131761 0.275735 -0.042779
v 0.115008 0.275686 -0.045654
v 0.098254 0.275734 -0.042785
v 0.077274 0.155042 -0.018589
v 0.074936 0.155866 -0.001337
v 0.077273 0.156391 0.015801
v 0.077458 0.178006 -0.018241
v 0.074832 0.178427 -0.001839
v 0.077454 0.178793 0.014530
v 0.077290 0.198529 -0.018366
v 0.074543 0.198820 -0.002224
v 0.077284 0.199105 0.013914
v 0.098472 0.159458 0.038078
v 0.114993 0.160580 0.040589
v 0.131515 0.159458 0.038084
v 0.098821 0.179896 0.036195
v 0.114993 0.180253 0.038876
v 0.131165 0.179896 0.036201
v 0.098877 0.199563 0.035549
v 0.114992 0.199649 0.038303
v 0.131108 0.199564 0.035556
v 0.152721 0.156391 0.015814
v 0.155064 0.155866 -0.001323
v 0.152731 0.155042 -0.018576
v 0.152540 0.178793 0.014544
v 0.155168 0.178427 -0.001824
v 0.152548 0.178007 -0.018228
v 0.152710 0.199105 0.013928
v 0.155457 0.198820 -0.002209
v 0.152716 0.198529 -0.018352
v 0.131533 0.156355 -0.041506
v 0.115007 0.157315 -0.044168
v 0.098481 0.156355 -0.041512
v 0.131181 0.178093 -0.040070
v 0.115007 0.178332 -0.042796
v 0.098833 0.178093 -0.040076
v 0.131123 0.198219 -0.040009
v 0.115008 0.198208 -0.042768
v 0.098891 0.198219 -0.040015
v 0.126550 0.001957 0.076357
v 0.115000 0.000000 0.075980
v 0.103450 0.001957 0.076357
v 0.128041 0.003151 0.065402
v 0.115000 0.000844 0.064595
v 0.101958 0.003151 0.065402
v 0.129318 0.006640 0.052476
v 0.115000 0.003626 0.051542
v 0.100682 0.006640 0.052476
v 0.088461 0.015587 0.082872
v 0.086585 0.025792 0.088313
v 0.088494 0.036402 0.092834
v 0.084795 0.019427 0.073349
v 0.082787 0.031025 0.079372
v 0.085059 0.042650 0.084807
v 0.082455 0.026094 0.062412
v 0.080763 0.038536 0.069503
v 0.083338 0.050724 0.075468
v 0.103483 0.049930 0.099254
v 0.115000 0.051435 0.100506
v 0.126517 0.049930 0.099254
v 0.102223 0.058108 0.091989
v 0.115000 0.060018 0.093037
v 0.127777 0.058108 0.091989
v 0.101488 0.066971 0.082596
v 0.114999 0.069035 0.083509
v 0.128511 0.066971 0.082596
v 0.141506 0.036402 0.092834
v 0.143415 0.025792 0.088313
v 0.141539 0.015587 0.082872
v 0.144941 0.042650 0.084807
v 0.147212 0.031025 0.079372
v 0.145205 0.019427 0.073349
v 0.146661 0.050724 0.075469
v 0.149236 0.038536 0.069504
v 0.147545 0.026094 0.062413
v -0.098000 1.686059 -0.012918
v -0.098000 1.684160 -0.017500
v -0.098000 1.677206 -0.024454
v -0.098000 1.672624 -0.026353
v -0.098000 1.667706 -0.027000
v -0.098000 1.662789 -0.026353
v -0.098000 1.658206 -0.024454
v -0.098000 1.651252 -0.017500
v -0.098000 1.649353 -0.012918
v -0.097341 1.686059 -0.012543
v -0.096728 1.684160 -0.016777
v -0.096201 1.681141 -0.020412
v -0.095796 1.677206 -0.023202
v -0.095542 1.672624 -0.024956
v -0.095455 1.667706 -0.025554
v -0.095542 1.662789 -0.024956
v -0.095796 1.658206 -0.023202
v -0.096201 1.654271 -0.020412
v -0.096728 1.651252 -0.016777
v -0.097341 1.649353 -0.012543
v -0.098000 1.686706 -0.008000
v -0.096783 1.686059 -0.011477
v -0.095649 1.684160 -0.014718
v -0.094675 1.681141 -0.017500
v -0.093928 1.677206 -0.019635
v -0.093458 1.672624 -0.020977
v -0.093298 1.667706 -0.021435
v -0.093458 1.662789 -0.020977
v -0.093928 1.658206 -0.019635
v -0.094675 1.654271 -0.017500
v -0.095649 1.651252 -0.014718
v -0.096783 1.649353 -0.011477
v -0.096410 1.686059 -0.009882
v -0.094928 1.684160 -0.011635
v -0.093656 1.681141 -0.013141
v -0.092679 1.677206 -0.014297
v -0.092066 1.672624 -0.015023
v -0.091856 1.667706 -0.015271
v -0.092066 1.662789 -0.015023
v -0.092679 1.658206 -0.014297
v -0.093656 1.654271 -0.013141
v -0.094928 1.651252 -0.011635
v -0.096410 1.649353 -0.009882
v -0.096279 1.686059 -0.008000
v -0.094675 1.684160 -0.008000
v -0.093298 1.681141 -0.008000
v -0.092241 1.677206 -0.008000
v -0.091577 1.672624 -0.008000
v -0.091350 1.667706 -0.008000
v -0.091577 1.662789 -0.008000
v -0.092241 1.658206 -0.008000
v -0.093298 1.654271 -0.008000
v -0.094675 1.651252 -0.008000
v -0.096279 1.649353 -0.008000
v -0.096410 1.686059 -0.006118
v -0.094928 1.684160 -0.004365
v -0.093656 1.681141 -0.002859
v -0.092679 1.677206 -0.001703
v -0.092066 1.672624 -0.000977
v -0.091856 1.667706 -0.000729
v -0.092066 1.662789 -0.000977
v -0.092679 1.658206 -0.001703
v -0.093656 1.654271 -0.002859
v -0.094928 1.651252 -0.004365
v -0.096410 1.649353 -0.006118
v -0.096783 1.686059 -0.004523
v -0.095649 1.684160 -0.001282
v -0.094675 1.681141 0.001500
v -0.093928 1.677206 0.003635
v -0.093458 1.672624 0.004977
v -0.093298 1.667706 0.005435
v -0.093458 1.662789 0.004977
v -0.093928 1.658206 0.003635
v -0.094675 1.654271 0.001500
v -0.095649 1.651252 -0.001282
v -0.096783 1.649353 -0.004523
v -0.097341 1.686059 -0.003457
v -0.096728 1.684160 0.000777
v -0.096201 1.681141 0.004412
v -0.095796 1.677206 0.007202
v -0.095542 1.672624 0.008956
v -0.095455 1.667706 0.009554
v -0.095542 1.662789 0.008956
v -0.095796 1.658206 0.007202
v -0.096201 1.654271 0.004412
v -0.096728 1.651252 0.000777
v -0.097341 1.649353 -0.003457
v -0.098000 1.686059 -0.003082
v -0.098000 1.684160 0.001500
v -0.098000 1.681141 0.005435
v -0.098000 1.677206 0.008454
v -0.098000 1.672624 0.010353
v -0.098000 1.667706 0.011000
v -0.098000 1.662789 0.010353
v -0.098000 1.658206 0.008454
v -0.098000 1.654271 0.005435
v -0.098000 1.651252 0.001500
v -0.098000 1.649353 -0.003082
v -0.098659 1.686059 -0.003457
v -0.099272 1.684160 0.000777
v -0.099799 1.681141 0.004412
v -0.100204 1.677206 0.007202
v -0.100458 1.672624 0.008956
v -0.100545 1.667706 0.009554
v -0.100458 1.662789 0.008956
v -0.100204 1.658206 0.007202
v -0.099799 1.654271 0.004412
v -0.099272 1.651252 0.000777
v -0.098659 1.649353 -0.003457
v -0.098000 1.648706 -0.008000
v -0.099217 1.686059 -0.004523
v -0.100351 1.684160 -0.001282
v -0.101325 1.681141 0.001500
v -0.102072 1.677206 0.003635
v -0.102542 1.672624 0.004977
v -0.102702 1.667706 0.005435
v -0.102542 1.662789 0.004977
v -0.102072 1.658206 0.003635
v -0.101325 1.654271 0.001500
v -0.100351 1.651252 -0.001282
v -0.099217 1.649353 -0.004523
v -0.099590 1.686059 -0.006118
v -0.101072 1.684160 -0.004365
v -0.102344 1.681141 -0.002859
v -0.103321 1.677206 -0.001703
v -0.103934 1.672624 -0.000977
v -0.104144 1.667706 -0.000729
v -0.103934 1.662789 -0.000977
v -0.103321 1.658206 -0.001703
v -0.102344 1.654271 -0.002859
v -0.101072 1.651252 -0.004365
v -0.099590 1.649353 -0.006118
v -0.099721 1.686059 -0.008000
v -0.101325 1.684160 -0.008000
v -0.102702 1.681141 -0.008000
v -0.103759 1.677206 -0.008000
v -0.104423 1.672624 -0.008000
v -0.104650 1.667706 -0.008000
v -0.104423 1.662789 -0.008000
v -0.103759 1.658206 -0.008000
v -0.102702 1.654271 -0.008000
v -0.101325 1.651252 -0.008000
v -0.099721 1.649353 -0.008000
v -0.099590 1.686059 -0.009882
v -0.101072 1.684160 -0.011635
v -0.102344 1.681141 -0.013141
v -0.103321 1.677206 -0.014297
v -0.103934 1.672624 -0.015023
v -0.104144 1.667706 -0.015271
v -0.103934 1.662789 -0.015023
v -0.103321 1.658206 -0.014297
v -0.102344 1.654271 -0.013141
v -0.101072 1.651252 -0.011635
v -0.099590 1.649353 -0.009882
v -0.099217 1.686059 -0.011477
v -0.100351 1.684160 -0.014718
v -0.101325 1.681141 -0.017500
v -0.102072 1.677206 -0.019635
v -0.102542 1.672624 -0.020977
v -0.102702 1.667706 -0.021435
v -0.102542 1.662789 -0.020977
v -0.102072 1.658206 -0.019635
v -0.101325 1.654271 -0.017500
v -0.100351 1.651252 -0.014718
v -0.099217 1.649353 -0.011477
v -0.098659 1.686059 -0.012543
v -0.099272 1.684160 -0.016777
v -0.099799 1.681141 -0.020412
v -0.100204 1.677206 -0.023202
v -0.100458 1.672624 -0.024956
v -0.100545 1.667706 -0.025554
v -0.100458 1.662789 -0.024956
v -0.100204 1.658206 -0.023202
v -0.099799 1.654271 -0.020412
v -0.099272 1.651252 -0.016777
v -0.098659 1.649353 -0.012543
v -0.098000 1.681141 -0.021435
v -0.098000 1.654271 -0.021435
v 0.098000 1.686059 -0.012918
v 0.098000 1.684160 -0.017500
v 0.098000 1.677206 -0.024454
v 0.098000 1.672624 -0.026353
v 0.098000 1.667706 -0.027000
v 0.098000 1.662789 -0.026353
v 0.098000 1.658206 -0.024454
v 0.098000 1.651252 -0.017500
v 0.098000 1.649353 -0.012918
v 0.098659 1.686059 -0.012543
v 0.099272 1.684160 -0.016777
v 0.099799 1.681141 -0.020412
v 0.100204 1.677206 -0.023202
v 0.100458 1.672624 -0.024956
v 0.100545 1.667706 -0.025554
v 0.100458 1.662789 -0.024956
v 0.100204 1.658206 -0.023202
v 0.099799 1.654271 -0.020412
v 0.099272 1.651252 -0.016777
v 0.098659 1.649353 -0.012543
v 0.098000 1.686706 -0.008000
v 0.099217 1.686059 -0.011477
v 0.100351 1.684160 -0.014718
v 0.101325 1.681141 -0.017500
v 0.102072 1.677206 -0.019635
v 0.102542 1.672624 -0.020977
v 0.102702 1.667706 -0.021435
v 0.102542 1.662789 -0.020977
v 0.102072 1.658206 -0.019635
v 0.101325 1.654271 -0.017500
v 0.100351 1.651252 -0.014718
v 0.099217 1.649353 -0.011477
v 0.099590 1.686059 -0.009882
v 0.101072 1.684160 -0.011635
v 0.102344 1.681141 -0.013141
v 0.103321 1.677206 -0.014297
v 0.103934 1.672624 -0.015023
v 0.104144 1.667706 -0.015271
v 0.103934 1.662789 -0.015023
v 0.103321 1.658206 -0.014297
v 0.102344 1.654271 -0.013141
v 0.101072 1.651252 -0.011635
v 0.099590 1.649353 -0.009882
v 0.099721 1.686059 -0.008000
v 0.101325 1.684160 -0.008000
v 0.102702 1.681141 -0.008000
v 0.103759 1.677206 -0.008000
v 0.104423 1.672624 -0.008000
v 0.104650 1.667706 -0.008000
v 0.104423 1.662789 -0.008000
v 0.103759 1.658206 -0.008000
v 0.102702 1.654271 -0.008000
v 0.101325 1.651252 -0.008000
v 0.099721 1.649353 -0.008000
v 0.099590 1.686059 -0.006118
v 0.101072 1.684160 -0.004365
v 0.102344 1.681141 -0.002859
v 0.103321 1.677206 -0.001703
v 0.103934 1.672624 -0.000977
v 0.104144 1.667706 -0.000729
v 0.103934 1.662789 -0.000977
v 0.103321 1.658206 -0.001703
v 0.102344 1.654271 -0.002859
v 0.101072 1.651252 -0.004365
v 0.099590 1.649353 -0.006118
v 0.099217 1.686059 -0.004523
v 0.100351 1.684160 -0.001282
v 0.101325 1.681141 0.001500
v 0.102072 1.677206 0.003635
v 0.102542 1.672624 0.004977
v 0.102702 1.667706 0.005435
v 0.102542 1.662789 0.004977
v 0.102072 1.658206 0.003635
v 0.101325 1.654271 0.001500
v 0.100351 1.651252 -0.001282
v 0.099217 1.649353 -0.004523
v 0.098659 1.686059 -0.003457
v 0.099272 1.684160 0.000777
v 0.099799 1.681141 0.004412
v 0.100204 1.677206 0.007202
v 0.100458 1.672624 0.008956
v 0.100545 1.667706 0.009554
v 0.100458 1.662789 0.008956
v 0.100204 1.658206 0.007202
v 0.099799 1.654271 0.004412
v 0.099272 1.651252 0.000777
v 0.098659 1.649353 -0.003457
v 0.098000 1.686059 -0.003082
v 0.098000 1.684160 0.001500
v 0.098000 1.681141 0.005435
v 0.098000 1.677206 0.008454
v 0.098000 1.672624 0.010353
v 0.098000 1.667706 0.011000
v 0.098000 1.662789 0.010353
v 0.098000 1.658206 0.008454
v 0.098000 1.654271 0.005435
v 0.098000 1.651252 0.001500
v 0.098000 1.649353 -0.003082
v 0.097341 1.686059 -0.003457
v 0.096728 1.684160 0.000777
v 0.096201 1.681141 0.004412
v 0.095796 1.677206 0.007202
v 0.095542 1.672624 0.008956
v 0.095455 1.667706 0.009554
v 0.095542 1.662789 0.008956
v 0.095796 1.658206 0.007202
v 0.096201 1.654271 0.004412
v 0.096728 1.651252 0.000777
v 0.097341 1.649353 -0.003457
v 0.098000 1.648706 -0.008000
v 0.096783 1.686059 -0.004523
v 0.095649 1.684160 -0.001282
v 0.094675 1.681141 0.001500
v 0.093928 1.677206 0.003635
v 0.093458 1.672624 0.004977
v 0.093298 1.667706 0.005435
v 0.093458 1.662789 0.004977
v 0.093928 1.658206 0.003635
v 0.094675 1.654271 0.001500
v 0.095649 1.651252 -0.001282
v 0.096783 1.649353 -0.004523
v 0.096410 1.686059 -0.006118
v 0.094928 1.684160 -0.004365
v 0.093656 1.681141 -0.002859
v 0.092679 1.677206 -0.001703
v 0.092066 1.672624 -0.000977
v 0.091856 1.667706 -0.000729
v 0.092066 1.662789 -0.000977
v 0.092679 1.658206 -0.001703
v 0.093656 1.654271 -0.002859
v 0.094928 1.651252 -0.004365
v 0.096410 1.649353 -0.006118
v 0.096279 1.686059 -0.008000
v 0.094675 1.684160 -0.008000
v 0.093298 1.681141 -0.008000
v 0.092241 1.677206 -0.008000
v 0.091577 1.672624 -0.008000
v 0.091350 1.667706 -0.008000
v 0.091577 1.662789 -0.008000
v 0.092241 1.658206 -0.008000
v 0.093298 1.654271 -0.008000
v 0.094675 1.651252 -0.008000
v 0.096279 1.649353 -0.008000
v 0.096410 1.686059 -0.009882
v 0.094928 1.684160 -0.011635
v 0.093656 1.681141 -0.013141
v 0.092679 1.677206 -0.014297
v 0.092066 1.672624 -0.015023
v 0.091856 1.667706 -0.015271
v 0.092066 1.662789 -0.015023
v 0.092679 1.658206 -0.014297
v 0.093656 1.654271 -0.013141
v 0.094928 1.651252 -0.011635
v 0.096410 1.649353 -0.009882
v 0.096783 1.686059 -0.011477
v 0.095649 1.684160 -0.014718
v 0.094675 1.681141 -0.017500
v 0.093928 1.677206 -0.019635
v 0.093458 1.672624 -0.020977
v 0.093298 1.667706 -0.021435
v 0.093458 1.662789 -0.020977
v 0.093928 1.658206 -0.019635
v 0.094675 1.654271 -0.017500
v 0.095649 1.651252 -0.014718
v 0.096783 1.649353 -0.011477
v 0.097341 1.686059 -0.012543
v 0.096728 1.684160 -0.016777
v 0.096201 1.681141 -0.020412
v 0.095796 1.677206 -0.023202
v 0.095542 1.672624 -0.024956
v 0.095455 1.667706 -0.025554
v 0.095542 1.662789 -0.024956
v 0.095796 1.658206 -0.023202
v 0.096201 1.654271 -0.020412
v 0.096728 1.651252 -0.016777
v 0.097341 1.649353 -0.012543
v 0.098000 1.681141 -0.021435
v 0.098000 1.654271 -0.021435
vt 0.261368 0.624774
vt 0.256898 0.629317
vt 0.251250 0.627296
vt 0.251250 0.623600
vt 0.251250 0.633440
vt 0.245602 0.629317
vt 0.241132 0.624774
vt 0.278298 0.624285
vt 0.269597 0.628031
vt 0.264259 0.619368
vt 0.262834 0.632327
vt 0.251250 0.618364
vt 0.251250 0.643933
vt 0.246007 0.637250
vt 0.256493 0.637250
vt 0.239666 0.632327
vt 0.224202 0.624286
vt 0.238241 0.619368
vt 0.232903 0.628031
vt 0.748194 0.061421
vt 0.750000 0.061898
vt 0.750000 0.060112
vt 0.748169 0.059627
vt 0.751806 0.061421
vt 0.751831 0.059627
vt 0.750000 0.058331
vt 0.748143 0.057834
vt 0.751857 0.057834
vt 0.746745 0.061795
vt 0.748220 0.063206
vt 0.746698 0.059989
vt 0.750000 0.063677
vt 0.751780 0.063206
vt 0.753255 0.061795
vt 0.753302 0.059989
vt 0.753348 0.058169
vt 0.753396 0.056343
vt 0.753445 0.054515
vt 0.751884 0.056053
vt 0.750000 0.056566
vt 0.748116 0.056053
vt 0.746604 0.056343
vt 0.746555 0.054515
vt 0.746652 0.058169
vt 0.745770 0.052112
vt 0.745460 0.054896
vt 0.745396 0.052988
vt 0.745710 0.050154
vt 0.745770 0.057681
vt 0.745710 0.055821
vt 0.745330 0.051041
vt 0.745649 0.048142
vt 0.745649 0.053941
vt 0.746745 0.051758
vt 0.745829 0.054032
vt 0.746698 0.049804
vt 0.745524 0.056776
vt 0.745829 0.059521
vt 0.745586 0.052037
vt 0.745263 0.049047
vt 0.745586 0.046056
vt 0.746604 0.045739
vt 0.746555 0.043578
vt 0.746652 0.047806
vt 0.751806 0.048372
vt 0.750000 0.047895
vt 0.750000 0.045863
vt 0.751831 0.046349
vt 0.748194 0.048372
vt 0.748169 0.046349
vt 0.750000 0.043751
vt 0.751857 0.044248
vt 0.748143 0.044248
vt 0.753255 0.051758
vt 0.751780 0.050346
vt 0.753302 0.049804
vt 0.750000 0.049876
vt 0.748220 0.050346
vt 0.748116 0.042040
vt 0.750000 0.041528
vt 0.751884 0.042040
vt 0.753396 0.045739
vt 0.753445 0.043578
vt 0.753348 0.047806
vt 0.754477 0.050162
vt 0.754805 0.047054
vt 0.754868 0.045345
vt 0.754536 0.048567
vt 0.754477 0.043946
vt 0.754536 0.042122
vt 0.754918 0.044259
vt 0.754583 0.047558
vt 0.754583 0.040961
vt 0.754414 0.052037
vt 0.753495 0.052737
vt 0.754737 0.049047
vt 0.754414 0.046056
vt 0.753495 0.041371
vt 0.753540 0.039452
vt 0.753577 0.038227
vt 0.753599 0.038102
vt 0.754611 0.040837
vt 0.754949 0.044138
vt 0.754611 0.047440
vt 0.753577 0.050292
vt 0.753599 0.050175
vt 0.753540 0.051237
vt 0.748089 0.054335
vt 0.750000 0.054868
vt 0.750000 0.053447
vt 0.748064 0.052894
vt 0.751911 0.054335
vt 0.751936 0.052894
vt 0.750000 0.052554
vt 0.748044 0.051988
vt 0.751956 0.051988
vt 0.746505 0.052737
vt 0.751968 0.051872
vt 0.750000 0.052438
vt 0.748032 0.051872
vt 0.746423 0.050292
vt 0.746401 0.050175
vt 0.746460 0.051237
vt 0.745523 0.043946
vt 0.745195 0.047054
vt 0.745132 0.045345
vt 0.745464 0.042122
vt 0.745523 0.050162
vt 0.745464 0.048567
vt 0.745082 0.044259
vt 0.745417 0.040961
vt 0.745417 0.047558
vt 0.746505 0.041371
vt 0.745389 0.047439
vt 0.745051 0.044138
vt 0.745389 0.040837
vt 0.746423 0.038227
vt 0.746401 0.038102
vt 0.746460 0.039452
vt 0.751911 0.039773
vt 0.750000 0.039240
vt 0.750000 0.037243
vt 0.751936 0.037795
vt 0.748089 0.039773
vt 0.748064 0.037795
vt 0.750000 0.035965
vt 0.751956 0.036531
vt 0.748044 0.036531
vt 0.748032 0.036405
vt 0.750000 0.035839
vt 0.751968 0.036405
vt 0.754618 0.048417
vt 0.754955 0.045210
vt 0.754942 0.047257
vt 0.754605 0.050302
vt 0.754618 0.042004
vt 0.754605 0.044212
vt 0.256280 0.769415
vt 0.754580 0.052807
vt 0.255937 0.771246
vt 0.753604 0.051073
vt 0.753604 0.039347
vt 0.254928 0.774704
vt 0.254909 0.772763
vt 0.254884 0.770643
vt 0.255906 0.769214
vt 0.256246 0.767490
vt 0.255906 0.765766
vt 0.753575 0.055176
vt 0.254884 0.764337
vt 0.753594 0.052824
vt 0.748029 0.052722
vt 0.750000 0.053272
vt 0.750000 0.054912
vt 0.748034 0.054390
vt 0.751971 0.052722
vt 0.751966 0.054390
vt 0.750000 0.057137
vt 0.748045 0.056647
vt 0.751955 0.056647
vt 0.746396 0.051073
vt 0.751942 0.059263
vt 0.750000 0.059725
vt 0.748058 0.059263
vt 0.746425 0.055176
vt 0.247616 0.764337
vt 0.746406 0.052824
vt 0.745382 0.042004
vt 0.745045 0.045210
vt 0.745058 0.047257
vt 0.745395 0.044212
vt 0.745382 0.048417
vt 0.745395 0.050302
vt 0.246220 0.769415
vt 0.246563 0.771246
vt 0.745420 0.052807
vt 0.746396 0.039347
vt 0.246594 0.765766
vt 0.246254 0.767490
vt 0.246594 0.769214
vt 0.247591 0.772763
vt 0.247616 0.770643
vt 0.247572 0.774704
vt 0.751971 0.037698
vt 0.750000 0.037149
vt 0.251250 0.776040
vt 0.253262 0.775706
vt 0.748029 0.037698
vt 0.249238 0.775706
vt 0.251250 0.774018
vt 0.253251 0.773704
vt 0.249249 0.773704
vt 0.249263 0.771530
vt 0.251250 0.771826
vt 0.253237 0.771530
vt 0.255873 0.763888
vt 0.256211 0.765540
vt 0.256176 0.763601
vt 0.255841 0.761992
vt 0.255873 0.767191
vt 0.255841 0.765209
vt 0.256142 0.761674
vt 0.255808 0.760088
vt 0.255808 0.763259
vt 0.254858 0.762520
vt 0.254858 0.768560
vt 0.254833 0.766542
vt 0.254808 0.764573
vt 0.254783 0.762636
vt 0.255776 0.761333
vt 0.256107 0.759760
vt 0.255776 0.758187
vt 0.254808 0.758774
vt 0.254783 0.756884
vt 0.254833 0.760659
vt 0.249277 0.761670
vt 0.251250 0.761387
vt 0.251250 0.759556
vt 0.249291 0.759832
vt 0.253223 0.761670
vt 0.253209 0.759832
vt 0.251250 0.757686
vt 0.249304 0.757958
vt 0.253196 0.757958
vt 0.247642 0.762520
vt 0.253182 0.756075
vt 0.251250 0.755805
vt 0.249318 0.756074
vt 0.247692 0.758774
vt 0.247717 0.756884
vt 0.247667 0.760659
vt 0.219437 0.636999
vt 0.219772 0.644446
vt 0.219145 0.644428
vt 0.218646 0.640493
vt 0.220730 0.652170
vt 0.219498 0.649177
vt 0.218681 0.645815
vt 0.220556 0.636195
vt 0.219450 0.630965
vt 0.220516 0.645817
vt 0.218359 0.637184
vt 0.224964 0.664480
vt 0.221928 0.659313
vt 0.221985 0.655158
vt 0.220178 0.655216
vt 0.218775 0.648565
vt 0.218363 0.643577
vt 0.219187 0.651405
vt 0.246627 0.767191
vt 0.246289 0.765540
vt 0.246324 0.763601
vt 0.246659 0.765209
vt 0.246627 0.763888
vt 0.246659 0.761992
vt 0.246358 0.761674
vt 0.246692 0.763259
vt 0.246692 0.760088
vt 0.247642 0.768560
vt 0.246724 0.758187
vt 0.246393 0.759760
vt 0.246724 0.761333
vt 0.247692 0.764573
vt 0.247717 0.762636
vt 0.247667 0.766542
vt 0.253223 0.769409
vt 0.251250 0.769692
vt 0.251250 0.767645
vt 0.253209 0.767369
vt 0.249277 0.769409
vt 0.249291 0.767369
vt 0.251250 0.765661
vt 0.253196 0.765389
vt 0.249304 0.765389
vt 0.249318 0.763445
vt 0.251250 0.763715
vt 0.253182 0.763445
vt 0.255744 0.756306
vt 0.256073 0.757862
vt 0.256040 0.755983
vt 0.255713 0.754483
vt 0.255744 0.759417
vt 0.255713 0.757484
vt 0.256006 0.754130
vt 0.255682 0.752760
vt 0.255682 0.755501
vt 0.254758 0.755017
vt 0.254758 0.760706
vt 0.254733 0.758727
vt 0.254709 0.756636
vt 0.254685 0.754369
vt 0.255651 0.753435
vt 0.255973 0.752308
vt 0.255651 0.751181
vt 0.254709 0.751625
vt 0.254685 0.750262
vt 0.254733 0.753239
vt 0.769916 0.177970
vt 0.769521 0.184589
vt 0.768253 0.184788
vt 0.767580 0.181034
vt 0.767614 0.191198
vt 0.766428 0.188672
vt 0.764967 0.185017
vt 0.773780 0.168047
vt 0.772421 0.175399
vt 0.767294 0.172287
vt 0.770665 0.184297
vt 0.764411 0.176950
vt 0.767351 0.200327
vt 0.763862 0.196609
vt 0.768859 0.193139
vt 0.762537 0.192789
vt 0.760053 0.185185
vt 0.762029 0.181647
vt 0.761324 0.188564
vt 0.249332 0.754217
vt 0.251250 0.753950
vt 0.251250 0.752210
vt 0.249345 0.752467
vt 0.253168 0.754217
vt 0.253155 0.752467
vt 0.251250 0.750685
vt 0.249358 0.750920
vt 0.253142 0.750920
vt 0.247742 0.755017
vt 0.253129 0.749855
vt 0.251250 0.749719
vt 0.249371 0.749855
vt 0.247791 0.751625
vt 0.247815 0.750262
vt 0.247767 0.753239
vt 0.239676 0.681774
vt 0.235903 0.681952
vt 0.233197 0.679618
vt 0.234519 0.678753
vt 0.231791 0.680857
vt 0.229835 0.677467
vt 0.229724 0.674350
vt 0.251250 0.680939
vt 0.245460 0.683718
vt 0.242392 0.680951
vt 0.240497 0.684194
vt 0.236033 0.678064
vt 0.232048 0.682616
vt 0.227954 0.678557
vt 0.236122 0.683719
vt 0.226226 0.673828
vt 0.230341 0.672414
vt 0.225599 0.668769
vt 0.246756 0.759417
vt 0.246427 0.757862
vt 0.246460 0.755983
vt 0.246787 0.757484
vt 0.246756 0.756306
vt 0.246787 0.754483
vt 0.246494 0.754131
vt 0.246818 0.755501
vt 0.246818 0.752760
vt 0.247742 0.760706
vt 0.246849 0.751181
vt 0.246527 0.752308
vt 0.246849 0.753435
vt 0.247791 0.756636
vt 0.247815 0.754369
vt 0.247767 0.758727
vt 0.253168 0.761506
vt 0.251250 0.761773
vt 0.251250 0.759757
vt 0.253155 0.759499
vt 0.249332 0.761506
vt 0.249345 0.759499
vt 0.251250 0.757576
vt 0.253142 0.757341
vt 0.249358 0.757341
vt 0.249371 0.754948
vt 0.251250 0.755142
vt 0.253129 0.754948
vt 0.251250 0.685041
vt 0.256187 0.685545
vt 0.251250 0.685923
vt 0.246312 0.685545
vt 0.259372 0.685340
vt 0.251250 0.685805
vt 0.243128 0.685340
vt 0.257040 0.683718
vt 0.262003 0.684194
vt 0.270452 0.682616
vt 0.260983 0.684667
vt 0.266378 0.683719
vt 0.251250 0.685114
vt 0.241517 0.684667
vt 0.255664 0.749973
vt 0.255990 0.750577
vt 0.256301 0.749538
vt 0.255931 0.749385
vt 0.255670 0.751318
vt 0.255982 0.749692
vt 0.257199 0.749079
vt 0.256708 0.749377
vt 0.256878 0.748780
vt 0.254693 0.749542
vt 0.254702 0.751932
vt 0.254960 0.749819
vt 0.255700 0.748532
vt 0.257164 0.747837
vt 0.258652 0.748522
vt 0.258977 0.749349
vt 0.258247 0.750176
vt 0.255452 0.749625
vt 0.256575 0.751103
vt 0.254886 0.749257
vt 0.249368 0.749274
vt 0.251250 0.749185
vt 0.251250 0.749152
vt 0.249266 0.749178
vt 0.253132 0.749274
vt 0.253234 0.749178
vt 0.251250 0.749830
vt 0.248970 0.749779
vt 0.253530 0.749779
vt 0.247807 0.749542
vt 0.254121 0.751709
vt 0.251250 0.751911
vt 0.248379 0.751709
vt 0.247048 0.749625
vt 0.245925 0.751103
vt 0.247614 0.749257
vt 0.246830 0.751318
vt 0.246510 0.750577
vt 0.246199 0.749538
vt 0.246518 0.749692
vt 0.246836 0.749973
vt 0.246569 0.749385
vt 0.245301 0.749079
vt 0.245622 0.748780
vt 0.245792 0.749377
vt 0.247798 0.751932
vt 0.244253 0.750176
vt 0.243523 0.749349
vt 0.243848 0.748522
vt 0.246799 0.748532
vt 0.245336 0.747837
vt 0.247540 0.749819
vt 0.253138 0.752314
vt 0.251250 0.752441
vt 0.251250 0.749924
vt 0.253284 0.749898
vt 0.249362 0.752314
vt 0.249216 0.749898
vt 0.251250 0.748328
vt 0.253701 0.748379
vt 0.248799 0.748379
vt 0.247974 0.747411
vt 0.251250 0.747270
vt 0.254526 0.747411
vt 0.283819 0.645815
vt 0.283002 0.649177
vt 0.283355 0.644428
vt 0.283854 0.640493
vt 0.281770 0.652170
vt 0.282728 0.644446
vt 0.283063 0.636999
vt 0.283725 0.648565
vt 0.283313 0.651405
vt 0.284137 0.643577
vt 0.282322 0.655216
vt 0.284141 0.637184
vt 0.277536 0.664480
vt 0.280515 0.655158
vt 0.280572 0.659313
vt 0.281984 0.645817
vt 0.283050 0.630965
vt 0.281944 0.636195
vt 0.226315 0.743863
vt 0.723793 0.097039
vt 0.723611 0.100274
vt 0.225945 0.742667
vt 0.725522 0.099958
vt 0.725546 0.103765
vt 0.724028 0.103582
vt 0.226298 0.741426
vt 0.725978 0.107618
vt 0.232995 0.745637
vt 0.227507 0.744750
vt 0.231828 0.744950
vt 0.724674 0.094529
vt 0.726001 0.096911
vt 0.730999 0.098885
vt 0.730856 0.102376
vt 0.731005 0.106657
vt 0.731372 0.110962
vt 0.731881 0.114525
vt 0.726722 0.110803
vt 0.724941 0.106311
vt 0.227276 0.740405
vt 0.231652 0.742929
vt 0.232488 0.742077
vt 0.231406 0.743967
vt 0.272776 0.674349
vt 0.272665 0.677467
vt 0.269303 0.679618
vt 0.267981 0.678753
vt 0.270709 0.680857
vt 0.266597 0.681952
vt 0.262824 0.681774
vt 0.276901 0.668769
vt 0.272159 0.672414
vt 0.276274 0.673829
vt 0.266467 0.678064
vt 0.274546 0.678557
vt 0.260109 0.680951
vt 0.261859 0.745624
vt 0.251250 0.745849
vt 0.251250 0.745042
vt 0.262131 0.744773
vt 0.240641 0.745624
vt 0.240369 0.744773
vt 0.251250 0.744172
vt 0.262005 0.743861
vt 0.240495 0.743861
vt 0.269505 0.745637
vt 0.261149 0.746188
vt 0.270672 0.744950
vt 0.251250 0.746371
vt 0.241351 0.746188
vt 0.240974 0.743115
vt 0.251250 0.743461
vt 0.261526 0.743115
vt 0.270848 0.742929
vt 0.270012 0.742077
vt 0.271094 0.743967
vt 0.774478 0.099958
vt 0.776207 0.097039
vt 0.776389 0.100274
vt 0.774454 0.103765
vt 0.276185 0.743863
vt 0.276555 0.742667
vt 0.775972 0.103582
vt 0.774022 0.107618
vt 0.276202 0.741426
vt 0.769001 0.098885
vt 0.773999 0.096911
vt 0.769144 0.102376
vt 0.775326 0.094529
vt 0.274993 0.744750
vt 0.275224 0.740405
vt 0.775059 0.106311
vt 0.773278 0.110803
vt 0.768628 0.110962
vt 0.768119 0.114525
vt 0.768995 0.106657
vt 0.739519 0.103877
vt 0.750000 0.104377
vt 0.750000 0.109050
vt 0.739640 0.108452
vt 0.760481 0.103877
vt 0.760360 0.108452
vt 0.750000 0.113729
vt 0.739849 0.113038
vt 0.760151 0.113037
vt 0.739527 0.100110
vt 0.750000 0.100519
vt 0.760473 0.100110
vt 0.759894 0.116836
vt 0.750000 0.117606
vt 0.740106 0.116836
vt 0.771060 0.136708
vt 0.771544 0.139332
vt 0.772037 0.146838
vt 0.771347 0.145111
vt 0.271260 0.724791
vt 0.271888 0.722472
vt 0.773101 0.154435
vt 0.772523 0.154021
vt 0.273445 0.720049
vt 0.768486 0.125706
vt 0.771349 0.128483
vt 0.767325 0.134881
vt 0.771524 0.131526
vt 0.271562 0.727321
vt 0.267362 0.726154
vt 0.266676 0.723868
vt 0.267279 0.721804
vt 0.269254 0.719410
vt 0.274705 0.715953
vt 0.275759 0.717459
vt 0.774492 0.162125
vt 0.774466 0.163557
vt 0.768810 0.153841
vt 0.767381 0.143798
vt 0.740308 0.134497
vt 0.750000 0.134549
vt 0.750000 0.142461
vt 0.740264 0.142842
vt 0.759692 0.134497
vt 0.759736 0.142842
vt 0.750000 0.151294
vt 0.739541 0.152209
vt 0.760459 0.152209
vt 0.731514 0.125706
vt 0.740079 0.127849
vt 0.732675 0.134881
vt 0.750000 0.128419
vt 0.759921 0.127849
vt 0.761040 0.161430
vt 0.750000 0.159853
vt 0.738960 0.161430
vt 0.731190 0.153841
vt 0.726220 0.168047
vt 0.732619 0.143798
vt 0.231240 0.724791
vt 0.728456 0.139332
vt 0.727963 0.146838
vt 0.230612 0.722472
vt 0.728940 0.136708
vt 0.728653 0.145111
vt 0.726899 0.154435
vt 0.229055 0.720049
vt 0.727477 0.154021
vt 0.235138 0.726154
vt 0.230938 0.727321
vt 0.235824 0.723868
vt 0.728476 0.131526
vt 0.728651 0.128483
vt 0.725534 0.163557
vt 0.725508 0.162125
vt 0.226741 0.717459
vt 0.233246 0.719410
vt 0.227795 0.715953
vt 0.235221 0.721804
vt 0.259580 0.723117
vt 0.251250 0.722830
vt 0.251250 0.721257
vt 0.260004 0.721391
vt 0.242919 0.723117
vt 0.242496 0.721391
vt 0.251250 0.719227
vt 0.261120 0.719231
vt 0.241380 0.719231
vt 0.259454 0.724400
vt 0.251250 0.723933
vt 0.243046 0.724400
vt 0.240179 0.716625
vt 0.251250 0.716742
vt 0.262321 0.716625
vt 0.768761 0.196570
vt 0.769007 0.200414
vt 0.770882 0.204754
vt 0.770078 0.201819
vt 0.269370 0.680310
vt 0.271245 0.676901
vt 0.773525 0.209093
vt 0.772798 0.206669
vt 0.274358 0.673096
vt 0.769364 0.185867
vt 0.768478 0.190971
vt 0.765898 0.193540
vt 0.767592 0.196074
vt 0.268349 0.683370
vt 0.267442 0.678299
vt 0.265884 0.677299
vt 0.267191 0.674588
vt 0.270521 0.671174
vt 0.278504 0.667659
vt 0.278504 0.669057
vt 0.776629 0.213433
vt 0.776629 0.211250
vt 0.769149 0.204734
vt 0.776629 0.209067
vt 0.766363 0.199491
vt 0.741060 0.192232
vt 0.750000 0.191946
vt 0.750000 0.197872
vt 0.740824 0.198226
vt 0.758940 0.192232
vt 0.759176 0.198226
vt 0.750000 0.203546
vt 0.739281 0.203791
vt 0.760719 0.203791
vt 0.730636 0.185867
vt 0.740318 0.185867
vt 0.734102 0.193540
vt 0.750000 0.185867
vt 0.759682 0.185867
vt 0.763315 0.209067
vt 0.750000 0.209067
vt 0.736685 0.209067
vt 0.730851 0.204734
vt 0.723371 0.209067
vt 0.733637 0.199491
vt 0.233130 0.680310
vt 0.730993 0.200414
vt 0.729118 0.204754
vt 0.231255 0.676901
vt 0.731239 0.196570
vt 0.729922 0.201819
vt 0.726475 0.209093
vt 0.228142 0.673096
vt 0.727202 0.206669
vt 0.235058 0.678299
vt 0.234151 0.683370
vt 0.236616 0.677299
vt 0.732408 0.196074
vt 0.731522 0.190971
vt 0.723371 0.211250
vt 0.723371 0.213433
vt 0.223996 0.669057
vt 0.231979 0.671174
vt 0.223996 0.667659
vt 0.235309 0.674588
vt 0.259319 0.675999
vt 0.251250 0.675715
vt 0.251250 0.672979
vt 0.260088 0.673331
vt 0.243181 0.675999
vt 0.242412 0.673331
vt 0.251250 0.669993
vt 0.261995 0.670236
vt 0.240505 0.670236
vt 0.259346 0.678299
vt 0.251250 0.678299
vt 0.243154 0.678299
vt 0.237623 0.667659
vt 0.251250 0.667659
vt 0.264877 0.667659
vt 0.221696 0.611675
vt 0.719585 0.309804
vt 0.719763 0.322269
vt 0.222848 0.603992
vt 0.721676 0.311712
vt 0.721085 0.324811
vt 0.719712 0.333839
vt 0.223630 0.596914
vt 0.719932 0.337355
vt 0.220253 0.619972
vt 0.227536 0.612868
vt 0.719347 0.296215
vt 0.722028 0.297274
vt 0.728242 0.297669
vt 0.727722 0.312993
vt 0.726810 0.326814
vt 0.724959 0.340697
vt 0.720676 0.360005
vt 0.718162 0.348993
vt 0.719546 0.344558
vt 0.224292 0.590072
vt 0.230324 0.597766
vt 0.231196 0.590461
vt 0.229250 0.605015
vt 0.732386 0.191198
vt 0.730479 0.184589
vt 0.731747 0.184788
vt 0.733572 0.188672
vt 0.730084 0.177970
vt 0.732420 0.181034
vt 0.735033 0.185017
vt 0.732649 0.200327
vt 0.731141 0.193139
vt 0.736138 0.196609
vt 0.729335 0.184297
vt 0.737463 0.192789
vt 0.732706 0.172287
vt 0.727579 0.175399
vt 0.735589 0.176950
vt 0.739947 0.185185
vt 0.738676 0.188564
vt 0.737971 0.181647
vt 0.264203 0.612561
vt 0.251250 0.612216
vt 0.251250 0.605475
vt 0.263239 0.605422
vt 0.238297 0.612561
vt 0.239261 0.605422
vt 0.251250 0.598367
vt 0.262517 0.598224
vt 0.239983 0.598224
vt 0.274964 0.612868
vt 0.240555 0.590629
vt 0.251250 0.590684
vt 0.261945 0.590629
vt 0.272176 0.597766
vt 0.271304 0.590461
vt 0.273250 0.605015
vt 0.778324 0.311712
vt 0.780415 0.309804
vt 0.780237 0.322269
vt 0.778915 0.324811
vt 0.280804 0.611675
vt 0.279652 0.603992
vt 0.780288 0.333839
vt 0.780068 0.337355
vt 0.278870 0.596914
vt 0.771758 0.297669
vt 0.777972 0.297274
vt 0.772278 0.312993
vt 0.780653 0.296215
vt 0.282247 0.619972
vt 0.278208 0.590072
vt 0.780454 0.344558
vt 0.781838 0.348993
vt 0.775041 0.340697
vt 0.779324 0.360005
vt 0.773190 0.326814
vt 0.737753 0.313712
vt 0.750000 0.313937
vt 0.750000 0.327935
vt 0.737121 0.327746
vt 0.762247 0.313712
vt 0.762879 0.327746
vt 0.750000 0.341016
vt 0.736049 0.341229
vt 0.763951 0.341229
vt 0.738102 0.297853
vt 0.750000 0.297914
vt 0.761898 0.297853
vt 0.764477 0.355075
vt 0.750000 0.353920
vt 0.735523 0.355075
vt 0.786400 0.941906
vt 0.783147 0.941959
vt 0.783147 0.947908
vt 0.786568 0.947552
vt 0.779894 0.941906
vt 0.779726 0.947552
vt 0.783147 0.953145
vt 0.786400 0.952544
vt 0.779894 0.952544
vt 0.788328 0.937338
vt 0.786217 0.936582
vt 0.789066 0.941240
vt 0.783147 0.936205
vt 0.780077 0.936582
vt 0.777966 0.937338
vt 0.777228 0.941240
vt 0.776859 0.946486
vt 0.777228 0.951280
vt 0.777966 0.954279
vt 0.780077 0.955937
vt 0.783147 0.956767
vt 0.786217 0.955937
vt 0.789066 0.951280
vt 0.788328 0.954279
vt 0.789435 0.946486
vt 0.779579 0.937948
vt 0.783147 0.938880
vt 0.783147 0.945908
vt 0.779254 0.944546
vt 0.786716 0.937948
vt 0.787041 0.944546
vt 0.783147 0.951161
vt 0.779102 0.949421
vt 0.787193 0.949421
vt 0.777480 0.929679
vt 0.779787 0.930158
vt 0.776651 0.934696
vt 0.783148 0.930410
vt 0.786508 0.930158
vt 0.788815 0.929679
vt 0.789643 0.934696
vt 0.790308 0.940302
vt 0.790591 0.944181
vt 0.790649 0.946201
vt 0.787221 0.952360
vt 0.783147 0.954413
vt 0.779074 0.952360
vt 0.775703 0.944181
vt 0.775646 0.946201
vt 0.775987 0.940302
vt 0.720106 0.941906
vt 0.716853 0.941959
vt 0.716853 0.947908
vt 0.720274 0.947552
vt 0.713600 0.941906
vt 0.713432 0.947552
vt 0.716853 0.953145
vt 0.720106 0.952544
vt 0.713600 0.952544
vt 0.722034 0.937338
vt 0.719923 0.936582
vt 0.722772 0.941240
vt 0.716853 0.936205
vt 0.713783 0.936582
vt 0.711672 0.937338
vt 0.710934 0.941240
vt 0.710565 0.946486
vt 0.710934 0.951280
vt 0.711672 0.954279
vt 0.713783 0.955937
vt 0.716853 0.956767
vt 0.719923 0.955937
vt 0.722772 0.951280
vt 0.722034 0.954279
vt 0.723141 0.946486
vt 0.713284 0.937948
vt 0.716853 0.938880
vt 0.716853 0.945908
vt 0.712959 0.944546
vt 0.720421 0.937948
vt 0.720746 0.944546
vt 0.716853 0.951161
vt 0.712807 0.949421
vt 0.720898 0.949421
vt 0.711185 0.929679
vt 0.713492 0.930158
vt 0.710357 0.934696
vt 0.716852 0.930410
vt 0.720213 0.930158
vt 0.722520 0.929679
vt 0.723349 0.934696
vt 0.724013 0.940302
vt 0.724297 0.944181
vt 0.724354 0.946201
vt 0.720926 0.952360
vt 0.716853 0.954413
vt 0.712779 0.952360
vt 0.709409 0.944181
vt 0.709351 0.946201
vt 0.709692 0.940302
vt 0.984565 0.266906
vt 0.490000 0.636302
vt 0.490000 0.633233
vt 0.983678 0.271710
vt 0.490000 0.636306
vt 0.490000 0.633362
vt 0.982408 0.276516
vt 0.982180 0.275970
vt 0.488832 0.630759
vt 0.984004 0.262709
vt 0.984667 0.262211
vt 0.983637 0.266143
vt 0.490000 0.639398
vt 0.490000 0.639182
vt 0.490000 0.638805
vt 0.490000 0.636682
vt 0.489326 0.633863
vt 0.487941 0.631289
vt 0.486704 0.629654
vt 0.486886 0.628883
vt 0.980339 0.279776
vt 0.980277 0.279041
vt 0.981347 0.274955
vt 0.980128 0.277664
vt 0.982705 0.270732
vt 0.011227 0.636306
vt 0.010837 0.636302
vt 0.516013 0.272102
vt 0.012137 0.633362
vt 0.515435 0.266906
vt 0.516322 0.271710
vt 0.517592 0.276516
vt 0.013668 0.630759
vt 0.517820 0.275970
vt 0.011829 0.638805
vt 0.011121 0.639183
vt 0.012216 0.636682
vt 0.010752 0.639398
vt 0.515333 0.262211
vt 0.515996 0.262710
vt 0.516363 0.266143
vt 0.517295 0.270732
vt 0.518653 0.274955
vt 0.519872 0.277664
vt 0.519723 0.279041
vt 0.519661 0.279776
vt 0.015614 0.628883
vt 0.014559 0.631289
vt 0.015796 0.629654
vt 0.013174 0.633863
vt 0.782163 0.183330
vt 0.782204 0.183124
vt 0.780791 0.191380
vt 0.780830 0.191177
vt 0.283439 0.701120
vt 0.282049 0.693370
vt 0.778719 0.199166
vt 0.778842 0.198598
vt 0.280096 0.686051
vt 0.781964 0.177980
vt 0.782558 0.176511
vt 0.781418 0.183190
vt 0.782638 0.175782
vt 0.283901 0.707863
vt 0.282854 0.706411
vt 0.282134 0.701292
vt 0.280764 0.694108
vt 0.279063 0.687221
vt 0.277683 0.682689
vt 0.277896 0.680585
vt 0.776320 0.205106
vt 0.776585 0.204163
vt 0.778311 0.197549
vt 0.776747 0.202163
vt 0.780121 0.190518
vt 0.219061 0.701120
vt 0.717796 0.183124
vt 0.719209 0.191380
vt 0.220451 0.693370
vt 0.717837 0.183330
vt 0.719170 0.191177
vt 0.721281 0.199166
vt 0.222404 0.686051
vt 0.721158 0.198598
vt 0.219646 0.706411
vt 0.218599 0.707863
vt 0.220366 0.701292
vt 0.717362 0.175782
vt 0.717442 0.176511
vt 0.718036 0.177980
vt 0.718582 0.183190
vt 0.719879 0.190518
vt 0.721689 0.197549
vt 0.723253 0.202163
vt 0.723415 0.204163
vt 0.723680 0.205106
vt 0.224604 0.680585
vt 0.223437 0.687221
vt 0.224817 0.682689
vt 0.221736 0.694108
vt 0.272085 0.666447
vt 0.267053 0.667681
vt 0.267682 0.661636
vt 0.273061 0.660623
vt 0.262018 0.667801
vt 0.262230 0.662076
vt 0.268238 0.655018
vt 0.273396 0.654185
vt 0.262949 0.655915
vt 0.274355 0.668277
vt 0.271101 0.671408
vt 0.276063 0.664553
vt 0.266459 0.673899
vt 0.261903 0.673755
vt 0.258820 0.672066
vt 0.257918 0.667549
vt 0.257672 0.662172
vt 0.258592 0.656439
vt 0.260002 0.652193
vt 0.263554 0.650398
vt 0.268614 0.648789
vt 0.273494 0.648152
vt 0.277478 0.652709
vt 0.276689 0.648314
vt 0.277400 0.658817
vt 0.240482 0.667801
vt 0.235447 0.667681
vt 0.234818 0.661636
vt 0.240270 0.662076
vt 0.230415 0.666447
vt 0.229439 0.660623
vt 0.234262 0.655018
vt 0.239551 0.655915
vt 0.229104 0.654185
vt 0.243680 0.672066
vt 0.240597 0.673755
vt 0.244582 0.667549
vt 0.236041 0.673899
vt 0.231399 0.671408
vt 0.228145 0.668277
vt 0.226437 0.664553
vt 0.225100 0.658817
vt 0.225022 0.652709
vt 0.225811 0.648314
vt 0.229006 0.648152
vt 0.233886 0.648789
vt 0.238947 0.650398
vt 0.243908 0.656439
vt 0.242498 0.652193
vt 0.244828 0.662172
vt 0.751479 0.065436
vt 0.750000 0.065748
vt 0.750000 0.063561
vt 0.751556 0.063350
vt 0.748521 0.065436
vt 0.748444 0.063350
vt 0.750000 0.060951
vt 0.751479 0.060876
vt 0.748521 0.060876
vt 0.752351 0.065942
vt 0.751394 0.066729
vt 0.752688 0.064733
vt 0.750000 0.067123
vt 0.748606 0.066729
vt 0.747649 0.065942
vt 0.747312 0.064733
vt 0.747143 0.062719
vt 0.747312 0.060437
vt 0.747649 0.058694
vt 0.748606 0.058442
vt 0.750000 0.058315
vt 0.751394 0.058442
vt 0.752688 0.060437
vt 0.752351 0.058694
vt 0.752857 0.062719
vt 0.727584 0.089833
vt 0.230691 0.745265
vt 0.230243 0.745802
vt 0.228224 0.746537
vt 0.234271 0.745381
vt 0.232700 0.745986
vt 0.230277 0.747012
vt 0.730229 0.089116
vt 0.728437 0.091615
vt 0.726766 0.086093
vt 0.730212 0.091962
vt 0.725996 0.084060
vt 0.239594 0.745500
vt 0.239072 0.745719
vt 0.234685 0.745106
vt 0.237384 0.746272
vt 0.232766 0.748722
vt 0.228172 0.748871
vt 0.234978 0.747187
vt 0.728615 0.093034
vt 0.728011 0.094039
vt 0.728049 0.092664
vt 0.729529 0.092405
vt 0.726973 0.095100
vt 0.726247 0.093192
vt 0.231774 0.745189
vt 0.233709 0.745104
vt 0.229496 0.745145
vt 0.731570 0.093205
vt 0.731760 0.095107
vt 0.731421 0.096672
vt 0.234873 0.745864
vt 0.236987 0.745772
vt 0.238756 0.745578
vt 0.244771 0.745884
vt 0.243732 0.746138
vt 0.251250 0.746260
vt 0.251250 0.745986
vt 0.242476 0.746311
vt 0.251250 0.746460
vt 0.258768 0.746138
vt 0.257729 0.745884
vt 0.260024 0.746311
vt 0.245243 0.745766
vt 0.267627 0.745864
vt 0.265513 0.745772
vt 0.263744 0.745578
vt 0.257257 0.745766
vt 0.262906 0.745500
vt 0.251250 0.745855
vt 0.268229 0.745381
vt 0.271809 0.745265
vt 0.272257 0.745802
vt 0.269800 0.745986
vt 0.772416 0.089833
vt 0.274276 0.746537
vt 0.272223 0.747012
vt 0.267815 0.745106
vt 0.263428 0.745719
vt 0.769788 0.091962
vt 0.265116 0.746272
vt 0.769771 0.089116
vt 0.773234 0.086093
vt 0.771563 0.091615
vt 0.774004 0.084060
vt 0.269734 0.748722
vt 0.267522 0.747187
vt 0.274328 0.748871
vt 0.268791 0.745104
vt 0.270726 0.745189
vt 0.771951 0.092665
vt 0.770471 0.092405
vt 0.273004 0.745145
vt 0.773753 0.093192
vt 0.771989 0.094039
vt 0.771385 0.093034
vt 0.773027 0.095100
vt 0.768579 0.096672
vt 0.768240 0.095107
vt 0.768430 0.093205
vt 0.740270 0.123729
vt 0.740441 0.121297
vt 0.750000 0.122143
vt 0.750000 0.124538
vt 0.740351 0.119350
vt 0.750000 0.120173
vt 0.759559 0.121297
vt 0.759730 0.123729
vt 0.759649 0.119350
vt 0.732613 0.120960
vt 0.732765 0.118667
vt 0.732427 0.116869
vt 0.767573 0.116869
vt 0.767235 0.118667
vt 0.767387 0.120960
vt 0.706615 0.908655
vt 0.705996 0.919210
vt 0.706244 0.919278
vt 0.706995 0.913396
vt 0.706228 0.929654
vt 0.706327 0.925406
vt 0.707250 0.919744
vt 0.707690 0.890445
vt 0.706123 0.905492
vt 0.708600 0.899721
vt 0.705885 0.919411
vt 0.709071 0.907161
vt 0.708475 0.945332
vt 0.706882 0.938676
vt 0.706567 0.932691
vt 0.706630 0.932504
vt 0.709541 0.921000
vt 0.709354 0.914394
vt 0.707475 0.926283
vt 0.771087 0.115888
vt 0.771527 0.114306
vt 0.772469 0.109050
vt 0.771407 0.109951
vt 0.772353 0.112856
vt 0.773792 0.108013
vt 0.272166 0.739475
vt 0.270811 0.739267
vt 0.273765 0.739792
vt 0.771169 0.117992
vt 0.268709 0.741588
vt 0.267266 0.741372
vt 0.266055 0.741279
vt 0.270075 0.738987
vt 0.265450 0.741153
vt 0.770849 0.111118
vt 0.259214 0.742518
vt 0.259917 0.742547
vt 0.251250 0.742938
vt 0.251250 0.742931
vt 0.260764 0.742702
vt 0.251250 0.743073
vt 0.242583 0.742547
vt 0.243286 0.742518
vt 0.241736 0.742702
vt 0.258880 0.742482
vt 0.233791 0.741588
vt 0.235234 0.741372
vt 0.236445 0.741279
vt 0.243620 0.742482
vt 0.237050 0.741153
vt 0.251250 0.742925
vt 0.260741 0.683837
vt 0.259918 0.682561
vt 0.251250 0.682516
vt 0.251250 0.684027
vt 0.259419 0.680667
vt 0.251250 0.680539
vt 0.242582 0.682561
vt 0.241759 0.683837
vt 0.243081 0.680667
vt 0.268635 0.683236
vt 0.266999 0.682836
vt 0.266064 0.681489
vt 0.236436 0.681489
vt 0.235501 0.682836
vt 0.233865 0.683236
vt 0.793772 0.929654
vt 0.794004 0.919210
vt 0.793756 0.919278
vt 0.793673 0.925406
vt 0.793385 0.908655
vt 0.793005 0.913396
vt 0.792750 0.919744
vt 0.791525 0.945332
vt 0.793433 0.932691
vt 0.793118 0.938676
vt 0.794115 0.919411
vt 0.793370 0.932504
vt 0.792310 0.890445
vt 0.791400 0.899721
vt 0.793877 0.905492
vt 0.790929 0.907161
vt 0.790459 0.921000
vt 0.792525 0.926283
vt 0.790646 0.914394
vt 0.758095 0.391663
vt 0.750000 0.389745
vt 0.750000 0.379295
vt 0.760146 0.381353
vt 0.741905 0.391663
vt 0.739854 0.381353
vt 0.750000 0.366981
vt 0.762646 0.368874
vt 0.737354 0.368874
vt 0.762137 0.404403
vt 0.756636 0.399315
vt 0.764892 0.397475
vt 0.750000 0.397620
vt 0.743364 0.399315
vt 0.737863 0.404403
vt 0.735108 0.397475
vt 0.731354 0.388001
vt 0.726686 0.376112
vt 0.773314 0.376112
vt 0.768646 0.388001
vt 0.728480 0.202298
vt 0.730466 0.201086
vt 0.729004 0.200336
vt 0.726930 0.203682
vt 0.232910 0.683716
vt 0.730796 0.197954
vt 0.729990 0.199734
vt 0.728019 0.205601
vt 0.731123 0.195097
vt 0.227059 0.679623
vt 0.734071 0.192885
vt 0.733920 0.199337
vt 0.732282 0.207577
vt 0.725427 0.212911
vt 0.728993 0.221101
vt 0.724781 0.208296
vt 0.727479 0.929654
vt 0.727712 0.919210
vt 0.727463 0.919278
vt 0.727380 0.925406
vt 0.727093 0.908655
vt 0.726713 0.913396
vt 0.726457 0.919744
vt 0.725231 0.945332
vt 0.727140 0.932692
vt 0.726824 0.938676
vt 0.727822 0.919411
vt 0.727076 0.932504
vt 0.726018 0.890445
vt 0.725108 0.899721
vt 0.727585 0.905493
vt 0.724637 0.907161
vt 0.724165 0.921000
vt 0.726232 0.926283
vt 0.724353 0.914394
vt 0.740189 0.355257
vt 0.740911 0.369368
vt 0.750000 0.369633
vt 0.750000 0.355416
vt 0.741677 0.383197
vt 0.750000 0.383144
vt 0.759089 0.369368
vt 0.759811 0.355257
vt 0.758323 0.383197
vt 0.731388 0.354732
vt 0.732495 0.368193
vt 0.733638 0.382273
vt 0.734779 0.398023
vt 0.742572 0.394950
vt 0.750000 0.394114
vt 0.757428 0.394950
vt 0.765221 0.398023
vt 0.766362 0.382273
vt 0.767505 0.368193
vt 0.768612 0.354732
vt 0.772907 0.908655
vt 0.772288 0.919210
vt 0.772537 0.919278
vt 0.773287 0.913396
vt 0.772521 0.929654
vt 0.772620 0.925406
vt 0.773543 0.919744
vt 0.773982 0.890445
vt 0.772415 0.905493
vt 0.774892 0.899721
vt 0.772178 0.919411
vt 0.775363 0.907161
vt 0.774769 0.945332
vt 0.773176 0.938676
vt 0.772860 0.932692
vt 0.772924 0.932504
vt 0.775835 0.921000
vt 0.775647 0.914394
vt 0.773768 0.926283
vt 0.740224 0.208322
vt 0.741055 0.199135
vt 0.750000 0.199082
vt 0.750000 0.208439
vt 0.741061 0.192067
vt 0.750000 0.191938
vt 0.758945 0.199135
vt 0.759776 0.208322
vt 0.758939 0.192067
vt 0.739172 0.221337
vt 0.765929 0.192885
vt 0.766080 0.199336
vt 0.767718 0.207577
vt 0.760828 0.221337
vt 0.771007 0.221101
vt 0.750000 0.221413
vt 0.268867 0.677063
vt 0.270767 0.673931
vt 0.770064 0.210208
vt 0.767841 0.208060
vt 0.274074 0.671356
vt 0.773102 0.211944
vt 0.769063 0.209385
vt 0.767230 0.207347
vt 0.772292 0.210575
vt 0.268801 0.685408
vt 0.266013 0.678065
vt 0.267994 0.680756
vt 0.267038 0.673702
vt 0.270383 0.670345
vt 0.768681 0.209494
vt 0.765417 0.208650
vt 0.764446 0.206322
vt 0.766424 0.204551
vt 0.766106 0.205664
vt 0.758052 0.206553
vt 0.758614 0.208420
vt 0.750000 0.208438
vt 0.750000 0.206858
vt 0.760440 0.209087
vt 0.750000 0.209024
vt 0.741386 0.208420
vt 0.741948 0.206553
vt 0.739560 0.209087
vt 0.758121 0.203418
vt 0.731319 0.209494
vt 0.734583 0.208650
vt 0.735554 0.206322
vt 0.741879 0.203418
vt 0.750000 0.204200
vt 0.732770 0.207347
vt 0.730937 0.209385
vt 0.729936 0.210208
vt 0.732159 0.208060
vt 0.727708 0.210575
vt 0.726898 0.211944
vt 0.231733 0.673931
vt 0.233633 0.677064
vt 0.228426 0.671356
vt 0.733576 0.204551
vt 0.232117 0.670345
vt 0.235462 0.673702
vt 0.236487 0.678065
vt 0.234506 0.680756
vt 0.233699 0.685408
vt 0.733894 0.205664
vt 0.279858 0.657939
vt 0.279342 0.660541
vt 0.281199 0.652616
vt 0.281631 0.648849
vt 0.278296 0.662708
vt 0.279997 0.656082
vt 0.281163 0.644985
vt 0.281554 0.639828
vt 0.279957 0.649521
vt 0.276447 0.665895
vt 0.275877 0.667473
vt 0.275180 0.668334
vt 0.277980 0.644696
vt 0.278850 0.639621
vt 0.278886 0.633556
vt 0.273208 0.632942
vt 0.274143 0.638037
vt 0.268088 0.639440
vt 0.266436 0.635731
vt 0.273966 0.642942
vt 0.268664 0.643667
vt 0.261985 0.642958
vt 0.259979 0.640172
vt 0.263172 0.646221
vt 0.258625 0.650331
vt 0.257006 0.648259
vt 0.255037 0.646361
vt 0.252645 0.654027
vt 0.254040 0.654923
vt 0.252997 0.662049
vt 0.251965 0.661999
vt 0.255814 0.655903
vt 0.254711 0.662128
vt 0.253635 0.668581
vt 0.252435 0.669347
vt 0.255280 0.667914
vt 0.251250 0.653541
vt 0.257468 0.673988
vt 0.256093 0.675762
vt 0.254706 0.677477
vt 0.251250 0.670032
vt 0.251250 0.661985
vt 0.726505 0.935700
vt 0.726115 0.933425
vt 0.726931 0.926824
vt 0.727413 0.925324
vt 0.725239 0.928508
vt 0.726333 0.921115
vt 0.727028 0.914462
vt 0.726613 0.936162
vt 0.727667 0.923373
vt 0.723455 0.923600
vt 0.724360 0.914887
vt 0.726022 0.893162
vt 0.727573 0.909078
vt 0.725081 0.905132
vt 0.242521 0.640172
vt 0.240515 0.642958
vt 0.234412 0.639440
vt 0.236064 0.635731
vt 0.239328 0.646221
vt 0.233836 0.643667
vt 0.228357 0.638037
vt 0.229292 0.632942
vt 0.228534 0.642942
vt 0.247463 0.646361
vt 0.245494 0.648259
vt 0.243875 0.650331
vt 0.224520 0.644696
vt 0.223650 0.639621
vt 0.223614 0.633556
vt 0.708466 0.928508
vt 0.707590 0.933425
vt 0.706774 0.926824
vt 0.707371 0.921115
vt 0.707200 0.935700
vt 0.706291 0.925324
vt 0.706675 0.914462
vt 0.710249 0.923600
vt 0.709344 0.914887
vt 0.707092 0.936162
vt 0.706038 0.923373
vt 0.707681 0.893161
vt 0.708622 0.905132
vt 0.706131 0.909078
vt 0.220946 0.639828
vt 0.221337 0.644985
vt 0.221301 0.652616
vt 0.220869 0.648849
vt 0.222543 0.649521
vt 0.222503 0.656083
vt 0.223158 0.660541
vt 0.222642 0.657939
vt 0.224204 0.662708
vt 0.227320 0.668334
vt 0.226623 0.667473
vt 0.226053 0.665895
vt 0.230967 0.673038
vt 0.231365 0.674293
vt 0.236772 0.678564
vt 0.236735 0.678307
vt 0.231595 0.674185
vt 0.236503 0.677520
vt 0.242106 0.679174
vt 0.242743 0.680081
vt 0.241262 0.677447
vt 0.245032 0.673988
vt 0.246407 0.675762
vt 0.247794 0.677477
vt 0.259540 0.747603
vt 0.257601 0.747335
vt 0.251250 0.747015
vt 0.251250 0.747250
vt 0.255851 0.747151
vt 0.251250 0.746911
vt 0.244899 0.747335
vt 0.242960 0.747603
vt 0.246649 0.747150
vt 0.266040 0.748812
vt 0.260749 0.747587
vt 0.262559 0.748341
vt 0.259508 0.747874
vt 0.242992 0.747874
vt 0.239941 0.748341
vt 0.236460 0.748812
vt 0.241751 0.747587
vt 0.251250 0.747301
vt 0.233590 0.751317
vt 0.237452 0.750023
vt 0.237250 0.752823
vt 0.233693 0.755129
vt 0.241023 0.749047
vt 0.240709 0.750538
vt 0.238872 0.755716
vt 0.235907 0.758864
vt 0.241821 0.752557
vt 0.230035 0.752254
vt 0.244152 0.754228
vt 0.242006 0.758099
vt 0.239857 0.761918
vt 0.233439 0.761266
vt 0.238075 0.764883
vt 0.230658 0.756833
vt 0.760522 0.093293
vt 0.760305 0.095745
vt 0.750000 0.095951
vt 0.750000 0.093324
vt 0.760345 0.097645
vt 0.750000 0.097968
vt 0.739695 0.095745
vt 0.739478 0.093293
vt 0.739655 0.097645
vt 0.760661 0.088824
vt 0.739339 0.088824
vt 0.750000 0.088750
vt 0.257193 0.736139
vt 0.251250 0.736340
vt 0.251250 0.732698
vt 0.257316 0.732689
vt 0.245307 0.736139
vt 0.245184 0.732689
vt 0.251250 0.729914
vt 0.256961 0.730049
vt 0.245539 0.730049
vt 0.261190 0.738088
vt 0.257129 0.738909
vt 0.262280 0.735883
vt 0.251250 0.739323
vt 0.245371 0.738909
vt 0.241310 0.738087
vt 0.240220 0.735883
vt 0.239850 0.732661
vt 0.240671 0.730193
vt 0.242010 0.728496
vt 0.245822 0.727896
vt 0.251250 0.727594
vt 0.256678 0.727896
vt 0.261829 0.730193
vt 0.260490 0.728496
vt 0.262650 0.732661
vt 0.245189 0.763808
vt 0.246319 0.759577
vt 0.251250 0.760070
vt 0.251250 0.764438
vt 0.247447 0.755265
vt 0.251250 0.755610
vt 0.256181 0.759577
vt 0.257311 0.763808
vt 0.255053 0.755265
vt 0.244252 0.767120
vt 0.258348 0.754228
vt 0.260494 0.758099
vt 0.262643 0.761918
vt 0.258248 0.767120
vt 0.264425 0.764883
vt 0.251250 0.767866
vt 0.242664 0.741699
vt 0.243481 0.741415
vt 0.251250 0.742063
vt 0.251250 0.742351
vt 0.244569 0.740584
vt 0.251250 0.741170
vt 0.259019 0.741415
vt 0.259836 0.741699
vt 0.257931 0.740584
vt 0.235151 0.739893
vt 0.235791 0.739744
vt 0.242314 0.741772
vt 0.237245 0.739478
vt 0.239302 0.738866
vt 0.263198 0.738866
vt 0.265255 0.739478
vt 0.266709 0.739744
vt 0.260186 0.741772
vt 0.267349 0.739893
vt 0.251250 0.742398
vt 0.270516 0.736574
vt 0.268739 0.736362
vt 0.269503 0.732598
vt 0.271358 0.732646
vt 0.266045 0.736057
vt 0.266681 0.732621
vt 0.267858 0.729665
vt 0.269634 0.729486
vt 0.265357 0.729981
vt 0.271362 0.736834
vt 0.262196 0.727832
vt 0.263973 0.727216
vt 0.265447 0.726760
vt 0.271115 0.729624
vt 0.272431 0.732947
vt 0.258911 0.725132
vt 0.258138 0.725707
vt 0.251250 0.725209
vt 0.251250 0.724617
vt 0.257243 0.726529
vt 0.251250 0.726089
vt 0.244362 0.725707
vt 0.243589 0.725132
vt 0.245257 0.726529
vt 0.240304 0.727832
vt 0.238527 0.727216
vt 0.237053 0.726760
vt 0.231689 0.739267
vt 0.230334 0.739475
vt 0.727531 0.109050
vt 0.728593 0.109951
vt 0.228735 0.739792
vt 0.726208 0.108013
vt 0.728473 0.114306
vt 0.728913 0.115888
vt 0.727647 0.112856
vt 0.232425 0.738987
vt 0.728831 0.117992
vt 0.729151 0.111118
vt 0.761169 0.239106
vt 0.761309 0.259213
vt 0.750000 0.258840
vt 0.750000 0.238817
vt 0.761572 0.279338
vt 0.750000 0.279146
vt 0.738691 0.259213
vt 0.738831 0.239106
vt 0.738428 0.279338
vt 0.770645 0.240970
vt 0.770820 0.260660
vt 0.771252 0.279957
vt 0.728748 0.279957
vt 0.729180 0.260660
vt 0.729355 0.240970
vt 0.791534 0.928508
vt 0.792629 0.921115
vt 0.793226 0.926824
vt 0.792410 0.933425
vt 0.793325 0.914462
vt 0.793709 0.925324
vt 0.792800 0.935700
vt 0.789751 0.923600
vt 0.790656 0.914887
vt 0.792319 0.893161
vt 0.793869 0.909078
vt 0.791378 0.905132
vt 0.793962 0.923373
vt 0.792908 0.936162
vt 0.232866 0.729486
vt 0.234642 0.729665
vt 0.232997 0.732598
vt 0.231142 0.732646
vt 0.237143 0.729981
vt 0.235819 0.732621
vt 0.233761 0.736362
vt 0.231984 0.736573
vt 0.236455 0.736057
vt 0.231385 0.729624
vt 0.231138 0.736834
vt 0.230069 0.732947
vt 0.774761 0.928508
vt 0.773885 0.933425
vt 0.773069 0.926824
vt 0.773667 0.921115
vt 0.773495 0.935700
vt 0.772587 0.925324
vt 0.772972 0.914462
vt 0.776545 0.923600
vt 0.775640 0.914887
vt 0.773387 0.936162
vt 0.772333 0.923373
vt 0.773978 0.893162
vt 0.774919 0.905132
vt 0.772427 0.909078
vt 0.243690 0.768831
vt 0.251250 0.769655
vt 0.750000 0.049461
vt 0.742558 0.050770
vt 0.258810 0.768831
vt 0.757442 0.050770
vt 0.750000 0.051916
vt 0.742979 0.053073
vt 0.757021 0.053073
vt 0.237008 0.766357
vt 0.265492 0.766357
vt 0.764006 0.054721
vt 0.763023 0.056591
vt 0.761527 0.059000
vt 0.756795 0.057567
vt 0.750000 0.056841
vt 0.743205 0.057567
vt 0.736977 0.056591
vt 0.738473 0.059000
vt 0.735994 0.054721
vt 0.266593 0.758864
vt 0.263628 0.755716
vt 0.265250 0.752823
vt 0.268807 0.755129
vt 0.260679 0.752557
vt 0.261791 0.750538
vt 0.265048 0.750023
vt 0.268910 0.751317
vt 0.261477 0.749047
vt 0.269061 0.761266
vt 0.272465 0.752254
vt 0.271842 0.756833
vt 0.757629 0.064219
vt 0.758889 0.072490
vt 0.750000 0.072558
vt 0.750000 0.064000
vt 0.760000 0.081315
vt 0.750000 0.081384
vt 0.741111 0.072490
vt 0.742371 0.064219
vt 0.740000 0.081315
vt 0.763772 0.064093
vt 0.766150 0.071904
vt 0.768075 0.080703
vt 0.731925 0.080703
vt 0.733850 0.071904
vt 0.736228 0.064093
vt 0.250065 0.669347
vt 0.248865 0.668581
vt 0.249503 0.662049
vt 0.250535 0.661999
vt 0.247220 0.667914
vt 0.247789 0.662128
vt 0.248460 0.654923
vt 0.249855 0.654027
vt 0.246686 0.655903
vt 0.756291 0.402216
vt 0.750000 0.400936
vt 0.750000 0.403566
vt 0.755643 0.404994
vt 0.743709 0.402216
vt 0.744357 0.404994
vt 0.750000 0.402351
vt 0.755783 0.403887
vt 0.744217 0.403887
vt 0.761426 0.406677
vt 0.738574 0.406677
vt 0.739816 0.409452
vt 0.739493 0.408518
vt 0.760507 0.408518
vt 0.760184 0.409452
vt 0.240302 0.709886
vt 0.241050 0.701011
vt 0.251250 0.701043
vt 0.251250 0.710107
vt 0.241831 0.692228
vt 0.251250 0.692112
vt 0.261450 0.701011
vt 0.262198 0.709886
vt 0.260669 0.692228
vt 0.229233 0.709307
vt 0.230849 0.700942
vt 0.232414 0.692522
vt 0.242512 0.684423
vt 0.251250 0.684215
vt 0.259988 0.684423
vt 0.270086 0.692522
vt 0.271651 0.700942
vt 0.273267 0.709307
vt 0.771981 0.205601
vt 0.770010 0.199734
vt 0.770996 0.200336
vt 0.773070 0.203682
vt 0.768877 0.195097
vt 0.769204 0.197954
vt 0.769534 0.201086
vt 0.771520 0.202298
vt 0.269590 0.683716
vt 0.774573 0.212911
vt 0.275441 0.679623
vt 0.775219 0.208296
vt 0.743261 0.179975
vt 0.741898 0.174391
vt 0.750000 0.173563
vt 0.750000 0.179547
vt 0.740246 0.168470
vt 0.750000 0.167174
vt 0.758102 0.174391
vt 0.756739 0.179975
vt 0.759754 0.168470
vt 0.744039 0.185257
vt 0.755961 0.185257
vt 0.750000 0.185295
vt 0.757498 0.199622
vt 0.750000 0.200510
vt 0.750000 0.195977
vt 0.756775 0.195236
vt 0.742502 0.199622
vt 0.743225 0.195236
vt 0.750000 0.190830
vt 0.756155 0.190355
vt 0.743845 0.190355
vt 0.259057 0.742340
vt 0.251250 0.742825
vt 0.251250 0.742661
vt 0.259533 0.742127
vt 0.243443 0.742340
vt 0.242967 0.742127
vt 0.251250 0.742498
vt 0.260009 0.741914
vt 0.242491 0.741914
vt 0.265680 0.740884
vt 0.236820 0.740884
vt 0.236101 0.740523
vt 0.235381 0.740162
vt 0.267119 0.740162
vt 0.266399 0.740523
vt 0.283811 0.643955
vt 0.283985 0.636151
vt 0.780624 0.266067
vt 0.780296 0.251163
vt 0.283477 0.628155
vt 0.780744 0.281414
vt 0.777157 0.263338
vt 0.776859 0.245845
vt 0.777570 0.280901
vt 0.283287 0.650862
vt 0.776901 0.230753
vt 0.779899 0.238242
vt 0.722430 0.280901
vt 0.719256 0.281414
vt 0.719376 0.266067
vt 0.722843 0.263339
vt 0.219023 0.628155
vt 0.218515 0.636151
vt 0.719704 0.251163
vt 0.723141 0.245845
vt 0.218689 0.643955
vt 0.219213 0.650862
vt 0.720101 0.238242
vt 0.723099 0.230753
vt 0.767425 0.062635
vt 0.768977 0.061149
vt 0.772277 0.069080
vt 0.770530 0.070502
vt 0.270547 0.762358
vt 0.273750 0.757470
vt 0.773966 0.077255
vt 0.772512 0.078988
vt 0.275005 0.752474
vt 0.732575 0.062635
vt 0.729470 0.070502
vt 0.727723 0.069080
vt 0.731023 0.061149
vt 0.727488 0.078988
vt 0.726034 0.077255
vt 0.228750 0.757470
vt 0.231953 0.762359
vt 0.227495 0.752474
vt 0.244893 0.745953
vt 0.251250 0.746029
vt 0.251250 0.746448
vt 0.243845 0.746420
vt 0.257607 0.745953
vt 0.258655 0.746420
vt 0.251250 0.746965
vt 0.242446 0.747061
vt 0.260054 0.747061
vt 0.259757 0.680081
vt 0.260394 0.679174
vt 0.265728 0.678564
vt 0.265765 0.678307
vt 0.261238 0.677447
vt 0.265997 0.677521
vt 0.271135 0.674293
vt 0.271533 0.673038
vt 0.270905 0.674185
vt 0.242982 0.678169
vt 0.242427 0.673515
vt 0.251250 0.673427
vt 0.251250 0.678057
vt 0.240555 0.669945
vt 0.251250 0.669869
vt 0.260073 0.673515
vt 0.259518 0.678169
vt 0.261945 0.669945
vt 0.726661 0.935794
vt 0.727839 0.921876
vt 0.727935 0.920801
vt 0.726735 0.935050
vt 0.728126 0.906434
vt 0.728366 0.905286
vt 0.727908 0.919966
vt 0.726876 0.934168
vt 0.728131 0.904749
vt 0.724377 0.946715
vt 0.727908 0.891027
vt 0.728408 0.890176
vt 0.727906 0.889839
vt 0.724691 0.945707
vt 0.724463 0.946335
vt 0.773339 0.935794
vt 0.773265 0.935050
vt 0.772065 0.920801
vt 0.772161 0.921876
vt 0.773124 0.934168
vt 0.772092 0.919966
vt 0.771634 0.905286
vt 0.771874 0.906434
vt 0.771869 0.904749
vt 0.775623 0.946715
vt 0.775537 0.946335
vt 0.775309 0.945707
vt 0.772094 0.889839
vt 0.771592 0.890176
vt 0.772092 0.891027
vt 0.707044 0.935794
vt 0.706971 0.935050
vt 0.705771 0.920801
vt 0.705866 0.921876
vt 0.706830 0.934168
vt 0.705799 0.919966
vt 0.705340 0.905286
vt 0.705578 0.906434
vt 0.705576 0.904749
vt 0.709328 0.946715
vt 0.709243 0.946335
vt 0.709015 0.945707
vt 0.705801 0.889839
vt 0.705298 0.890176
vt 0.705796 0.891027
vt 0.792956 0.935794
vt 0.794134 0.921876
vt 0.794229 0.920801
vt 0.793029 0.935050
vt 0.794422 0.906434
vt 0.794660 0.905286
vt 0.794201 0.919966
vt 0.793170 0.934168
vt 0.794424 0.904749
vt 0.790672 0.946715
vt 0.794204 0.891027
vt 0.794702 0.890176
vt 0.794199 0.889839
vt 0.790985 0.945707
vt 0.790757 0.946335
vt 0.225004 0.675052
vt 0.722831 0.214300
vt 0.221887 0.665449
vt 0.223552 0.669177
vt 0.722635 0.220784
vt 0.720509 0.228505
vt 0.220893 0.660641
vt 0.222711 0.664779
vt 0.219846 0.656181
vt 0.282654 0.656181
vt 0.779491 0.228505
vt 0.280613 0.665450
vt 0.281607 0.660641
vt 0.777365 0.220784
vt 0.777169 0.214300
vt 0.278948 0.669177
vt 0.279789 0.664779
vt 0.277496 0.675052
vt 0.720508 0.921321
vt 0.716852 0.920822
vt 0.716852 0.910292
vt 0.720990 0.911311
vt 0.713196 0.921321
vt 0.712714 0.911311
vt 0.716851 0.899021
vt 0.721404 0.900315
vt 0.712299 0.900315
vt 0.712035 0.888566
vt 0.716851 0.887447
vt 0.721667 0.888566
vt 0.786804 0.921321
vt 0.783148 0.920822
vt 0.783148 0.910292
vt 0.787286 0.911311
vt 0.779492 0.921321
vt 0.779010 0.911311
vt 0.783149 0.899021
vt 0.787701 0.900315
vt 0.778596 0.900315
vt 0.778333 0.888566
vt 0.783149 0.887447
vt 0.787965 0.888566
vt 0.787712 0.894962
vt 0.783146 0.893627
vt 0.783146 0.902162
vt 0.787434 0.903359
vt 0.778579 0.894962
vt 0.778858 0.903359
vt 0.783146 0.909904
vt 0.787257 0.911020
vt 0.779035 0.911020
vt 0.787958 0.885527
vt 0.783145 0.884326
vt 0.778333 0.885527
vt 0.779144 0.917705
vt 0.783147 0.916606
vt 0.787149 0.917705
vt 0.721421 0.894962
vt 0.716854 0.893627
vt 0.716854 0.902162
vt 0.721142 0.903359
vt 0.712288 0.894962
vt 0.712566 0.903359
vt 0.716854 0.909904
vt 0.720965 0.911020
vt 0.712743 0.911020
vt 0.721667 0.885527
vt 0.716855 0.884326
vt 0.712042 0.885527
vt 0.712851 0.917705
vt 0.716853 0.916606
vt 0.720856 0.917705
vt 0.712767 0.953412
vt 0.716853 0.955643
vt 0.716853 0.955542
vt 0.712709 0.953248
vt 0.720939 0.953412
vt 0.720996 0.953248
vt 0.716853 0.955005
vt 0.712579 0.952722
vt 0.721127 0.952722
vt 0.721204 0.952912
vt 0.716853 0.955032
vt 0.712502 0.952912
vt 0.779061 0.953412
vt 0.783147 0.955643
vt 0.783147 0.955542
vt 0.779004 0.953248
vt 0.787233 0.953412
vt 0.787291 0.953248
vt 0.783147 0.955005
vt 0.778873 0.952722
vt 0.787421 0.952722
vt 0.787498 0.952912
vt 0.783147 0.955032
vt 0.778796 0.952912
vt 0.726230 0.378768
vt 0.725325 0.366012
vt 0.719558 0.364618
vt 0.719935 0.375467
vt 0.724431 0.354055
vt 0.719443 0.354572
vt 0.715144 0.366229
vt 0.715014 0.375147
vt 0.716244 0.358061
vt 0.726746 0.392179
vt 0.713840 0.367014
vt 0.711602 0.372881
vt 0.711300 0.379496
vt 0.715064 0.385254
vt 0.711971 0.385447
vt 0.720186 0.387446
vt 0.775569 0.354055
vt 0.774675 0.366012
vt 0.780442 0.364618
vt 0.780557 0.354572
vt 0.773770 0.378768
vt 0.780065 0.375467
vt 0.784856 0.366229
vt 0.783756 0.358061
vt 0.784986 0.375147
vt 0.773254 0.392179
vt 0.779814 0.387446
vt 0.784936 0.385254
vt 0.788029 0.385447
vt 0.788700 0.379496
vt 0.788398 0.372881
vt 0.786160 0.367014
vt 0.270183 0.738510
vt 0.270766 0.737907
vt 0.272889 0.734558
vt 0.272632 0.735468
vt 0.271317 0.737304
vt 0.272892 0.733645
vt 0.273423 0.731274
vt 0.771630 0.120432
vt 0.272586 0.730329
vt 0.229914 0.730329
vt 0.229608 0.733645
vt 0.229611 0.734558
vt 0.229077 0.731274
vt 0.231183 0.737304
vt 0.231734 0.737907
vt 0.229868 0.735468
vt 0.728370 0.120432
vt 0.232317 0.738510
vt 0.754230 0.057681
vt 0.754540 0.054896
vt 0.754604 0.052988
vt 0.754290 0.055822
vt 0.754230 0.052112
vt 0.754290 0.050154
vt 0.754670 0.051041
vt 0.754351 0.053941
vt 0.754351 0.048142
vt 0.754171 0.059521
vt 0.754476 0.056776
vt 0.754171 0.054032
vt 0.751503 0.056282
vt 0.750000 0.055963
vt 0.750000 0.053847
vt 0.751662 0.054267
vt 0.748497 0.056282
vt 0.748338 0.054267
vt 0.750000 0.051842
vt 0.751747 0.052301
vt 0.748253 0.052301
vt 0.752723 0.057346
vt 0.747277 0.057346
vt 0.746961 0.055566
vt 0.746806 0.053684
vt 0.753194 0.053684
vt 0.753039 0.055566
vt 0.746539 0.059301
vt 0.746290 0.061683
vt 0.745821 0.060290
vt 0.746106 0.057708
vt 0.746539 0.063935
vt 0.746106 0.062831
vt 0.745608 0.058612
vt 0.745907 0.055917
vt 0.745907 0.061303
vt 0.747277 0.065742
vt 0.746961 0.064935
vt 0.746806 0.063531
vt 0.748497 0.066954
vt 0.750000 0.067402
vt 0.750000 0.066733
vt 0.748338 0.066273
vt 0.751503 0.066954
vt 0.751662 0.066273
vt 0.750000 0.065383
vt 0.748253 0.064919
vt 0.751747 0.064919
vt 0.752723 0.065742
vt 0.753039 0.064935
vt 0.753194 0.063531
vt 0.753461 0.063935
vt 0.753710 0.061683
vt 0.754179 0.060290
vt 0.753894 0.062831
vt 0.753461 0.059300
vt 0.753894 0.057708
vt 0.754392 0.058612
vt 0.754093 0.061303
vt 0.754093 0.055917
vt 0.226906 0.677893
vt 0.726138 0.208177
vt 0.728647 0.208771
vt 0.229343 0.677476
vt 0.725711 0.206963
vt 0.728161 0.207509
vt 0.731244 0.207651
vt 0.231895 0.678694
vt 0.730812 0.206445
vt 0.226427 0.681804
vt 0.724796 0.203190
vt 0.727093 0.203301
vt 0.729777 0.202165
vt 0.231137 0.683289
vt 0.228670 0.681898
vt 0.723194 0.197059
vt 0.721385 0.189426
vt 0.723587 0.187961
vt 0.725454 0.196389
vt 0.719891 0.181638
vt 0.721883 0.179463
vt 0.726322 0.186205
vt 0.728183 0.194990
vt 0.724547 0.177374
vt 0.718833 0.175297
vt 0.720602 0.172423
vt 0.723192 0.170070
vt 0.718173 0.171596
vt 0.718132 0.170408
vt 0.719947 0.166730
vt 0.719938 0.168119
vt 0.219363 0.712724
vt 0.221177 0.715920
vt 0.722529 0.164154
vt 0.722521 0.165596
vt 0.223760 0.716773
vt 0.220573 0.709068
vt 0.222389 0.711921
vt 0.224907 0.714255
vt 0.221938 0.702883
vt 0.223499 0.695312
vt 0.225670 0.696921
vt 0.223947 0.705113
vt 0.225148 0.687871
vt 0.227352 0.688747
vt 0.228172 0.698848
vt 0.226451 0.707265
vt 0.229822 0.690396
vt 0.774289 0.206963
vt 0.773862 0.208177
vt 0.771353 0.208771
vt 0.771839 0.207509
vt 0.275594 0.677893
vt 0.273157 0.677476
vt 0.768756 0.207651
vt 0.769188 0.206445
vt 0.270605 0.678694
vt 0.775204 0.203190
vt 0.276073 0.681804
vt 0.273830 0.681898
vt 0.271363 0.683289
vt 0.770223 0.202165
vt 0.772907 0.203301
vt 0.277352 0.687871
vt 0.279001 0.695312
vt 0.276830 0.696921
vt 0.275148 0.688747
vt 0.280562 0.702883
vt 0.278553 0.705113
vt 0.274328 0.698848
vt 0.272678 0.690396
vt 0.276049 0.707265
vt 0.281927 0.709068
vt 0.280111 0.711921
vt 0.277593 0.714255
vt 0.283137 0.712724
vt 0.781868 0.170408
vt 0.780053 0.166730
vt 0.281323 0.715920
vt 0.781827 0.171596
vt 0.780062 0.168119
vt 0.777471 0.164154
vt 0.278740 0.716773
vt 0.777479 0.165596
vt 0.781167 0.175297
vt 0.779398 0.172423
vt 0.776808 0.170070
vt 0.780109 0.181638
vt 0.778615 0.189427
vt 0.776413 0.187961
vt 0.778117 0.179463
vt 0.776806 0.197059
vt 0.774546 0.196389
vt 0.773678 0.186205
vt 0.775453 0.177374
vt 0.771817 0.194990
vt 0.205499 0.658575
vt 0.705412 0.233908
vt 0.714804 0.225500
vt 0.215071 0.663952
vt 0.704942 0.232002
vt 0.714366 0.223822
vt 0.724319 0.215884
vt 0.224759 0.670633
vt 0.723935 0.214478
vt 0.195416 0.658119
vt 0.196101 0.654345
vt 0.204765 0.662240
vt 0.696204 0.240504
vt 0.695736 0.238435
vt 0.694738 0.232385
vt 0.703903 0.226242
vt 0.713337 0.218495
vt 0.722948 0.209678
vt 0.223970 0.675679
vt 0.214304 0.667435
vt 0.702363 0.216930
vt 0.700583 0.205687
vt 0.709952 0.199198
vt 0.711774 0.209775
vt 0.698878 0.194464
vt 0.708199 0.188619
vt 0.719579 0.191940
vt 0.721403 0.201690
vt 0.717815 0.182162
vt 0.693279 0.222688
vt 0.691603 0.211021
vt 0.689999 0.199393
vt 0.688755 0.189813
vt 0.697557 0.185214
vt 0.706843 0.179892
vt 0.716451 0.174090
vt 0.696874 0.179552
vt 0.696832 0.177765
vt 0.706112 0.172863
vt 0.706148 0.174553
vt 0.197390 0.704603
vt 0.206902 0.709617
vt 0.715727 0.167587
vt 0.715757 0.169155
vt 0.216740 0.715032
vt 0.688103 0.183951
vt 0.688053 0.182109
vt 0.188366 0.700190
vt 0.189405 0.694147
vt 0.198487 0.698819
vt 0.208011 0.704224
vt 0.217829 0.710119
vt 0.200030 0.689628
vt 0.201776 0.678592
vt 0.211299 0.685370
vt 0.209555 0.695660
vt 0.203448 0.668124
vt 0.212972 0.675078
vt 0.221023 0.692954
vt 0.219331 0.702325
vt 0.222654 0.683556
vt 0.190881 0.684544
vt 0.192557 0.673022
vt 0.194160 0.664233
vt 0.169737 0.648984
vt 0.670440 0.248724
vt 0.678626 0.247427
vt 0.178122 0.649855
vt 0.670167 0.246582
vt 0.678272 0.245257
vt 0.687245 0.244882
vt 0.186944 0.651519
vt 0.686821 0.242729
vt 0.161490 0.652065
vt 0.161893 0.648537
vt 0.169270 0.652631
vt 0.662783 0.249356
vt 0.662580 0.247267
vt 0.662093 0.241429
vt 0.669552 0.240570
vt 0.677511 0.239121
vt 0.685922 0.236564
vt 0.186325 0.655314
vt 0.177579 0.653600
vt 0.668640 0.231041
vt 0.667583 0.219625
vt 0.675116 0.217688
vt 0.676398 0.229374
vt 0.666558 0.208275
vt 0.673882 0.206062
vt 0.683114 0.214941
vt 0.684614 0.226738
vt 0.681676 0.203197
vt 0.661355 0.232186
vt 0.660488 0.221119
vt 0.659641 0.210120
vt 0.658960 0.201079
vt 0.665744 0.198942
vt 0.672913 0.196498
vt 0.680555 0.193527
vt 0.665287 0.193247
vt 0.164464 0.692998
vt 0.171740 0.695630
vt 0.672385 0.190654
vt 0.164745 0.690868
vt 0.172106 0.693465
vt 0.179502 0.698683
vt 0.679958 0.187614
vt 0.179952 0.696514
vt 0.658566 0.195569
vt 0.157577 0.690626
vt 0.157785 0.688550
vt 0.158283 0.682750
vt 0.165374 0.684895
vt 0.172887 0.687364
vt 0.180879 0.690375
vt 0.166307 0.675427
vt 0.167389 0.665875
vt 0.175332 0.667161
vt 0.174025 0.677683
vt 0.168437 0.658607
vt 0.176590 0.659722
vt 0.183730 0.668999
vt 0.182210 0.680626
vt 0.185185 0.661498
vt 0.159039 0.673566
vt 0.159926 0.664898
vt 0.160793 0.657854
vt 0.141619 0.647660
vt 0.642977 0.250549
vt 0.649151 0.250203
vt 0.147937 0.647917
vt 0.642858 0.248649
vt 0.649021 0.248239
vt 0.655714 0.249811
vt 0.154655 0.648205
vt 0.655558 0.247783
vt 0.135267 0.650496
vt 0.135578 0.647424
vt 0.141301 0.650842
vt 0.637074 0.250865
vt 0.636957 0.249031
vt 0.636634 0.243928
vt 0.642527 0.243364
vt 0.648668 0.242769
vt 0.655157 0.242129
vt 0.154296 0.651615
vt 0.147605 0.651211
vt 0.642004 0.235006
vt 0.641379 0.225003
vt 0.647453 0.223766
vt 0.648114 0.234119
vt 0.640759 0.215067
vt 0.646797 0.213480
vt 0.653799 0.222475
vt 0.654535 0.233183
vt 0.653073 0.211835
vt 0.636122 0.235858
vt 0.635509 0.226201
vt 0.634901 0.216607
vt 0.634401 0.208726
vt 0.640249 0.206904
vt 0.646261 0.205031
vt 0.652483 0.203093
vt 0.639939 0.201934
vt 0.138509 0.684127
vt 0.144648 0.686217
vt 0.645937 0.199886
vt 0.138632 0.682239
vt 0.144781 0.684265
vt 0.150989 0.688379
vt 0.652133 0.197768
vt 0.151149 0.686363
vt 0.634097 0.203929
vt 0.132532 0.682093
vt 0.132651 0.680271
vt 0.132982 0.675201
vt 0.138970 0.676988
vt 0.145142 0.678831
vt 0.151560 0.680746
vt 0.139505 0.668838
vt 0.140145 0.662433
vt 0.146386 0.663209
vt 0.145710 0.670236
vt 0.140780 0.656070
vt 0.147057 0.656622
vt 0.152949 0.664026
vt 0.152196 0.671857
vt 0.153692 0.657213
vt 0.133506 0.667871
vt 0.134133 0.661686
vt 0.134755 0.655543
vt 0.118435 0.646602
vt 0.620325 0.252005
vt 0.625762 0.251538
vt 0.124000 0.646930
vt 0.620207 0.250351
vt 0.625645 0.249828
vt 0.631343 0.251177
vt 0.129713 0.647191
vt 0.631227 0.249407
vt 0.112688 0.648864
vt 0.113012 0.646171
vt 0.118118 0.649374
vt 0.615028 0.252640
vt 0.614907 0.251033
vt 0.614571 0.246560
vt 0.619877 0.245747
vt 0.625320 0.245072
vt 0.630905 0.244482
vt 0.129403 0.650156
vt 0.123688 0.649793
vt 0.619356 0.238467
vt 0.618732 0.229755
vt 0.624193 0.228549
vt 0.624807 0.237550
vt 0.618113 0.221100
vt 0.623583 0.219607
vt 0.629785 0.227374
vt 0.630395 0.236694
vt 0.629179 0.218115
vt 0.614039 0.239486
vt 0.613402 0.231022
vt 0.612770 0.222612
vt 0.612250 0.215704
vt 0.617604 0.213991
vt 0.623082 0.212261
vt 0.628681 0.210509
vt 0.617294 0.209662
vt 0.115333 0.676254
vt 0.120945 0.678158
vt 0.622776 0.207789
vt 0.115454 0.674610
vt 0.121065 0.676460
vt 0.126679 0.680105
vt 0.628378 0.205879
vt 0.126797 0.678346
vt 0.611934 0.211499
vt 0.109845 0.674392
vt 0.109968 0.672794
vt 0.110313 0.668623
vt 0.115791 0.670036
vt 0.121397 0.671734
vt 0.127127 0.673453
vt 0.116325 0.665047
vt 0.116963 0.659469
vt 0.122551 0.660223
vt 0.121922 0.665987
vt 0.117597 0.653926
vt 0.123175 0.654497
vt 0.128273 0.660956
vt 0.127649 0.666924
vt 0.128894 0.655027
vt 0.110857 0.664093
vt 0.111509 0.658673
vt 0.112156 0.653288
vt 0.097576 0.644238
vt 0.599954 0.255586
vt 0.604843 0.254485
vt 0.102583 0.644955
vt 0.599824 0.254070
vt 0.604716 0.252945
vt 0.609868 0.253482
vt 0.107728 0.645613
vt 0.609744 0.251912
vt 0.092358 0.646007
vt 0.092709 0.643502
vt 0.097230 0.646779
vt 0.595200 0.256720
vt 0.595068 0.255224
vt 0.594704 0.251062
vt 0.599464 0.249850
vt 0.604363 0.248659
vt 0.609400 0.247543
vt 0.107396 0.648243
vt 0.102243 0.647536
vt 0.598895 0.243177
vt 0.598214 0.235192
vt 0.603137 0.233769
vt 0.603805 0.241880
vt 0.597537 0.227259
vt 0.602474 0.225710
vt 0.608202 0.232367
vt 0.608855 0.240634
vt 0.607554 0.224154
vt 0.594127 0.244480
vt 0.593437 0.236604
vt 0.592752 0.228779
vt 0.592189 0.222352
vt 0.596981 0.220743
vt 0.601929 0.219091
vt 0.607022 0.217407
vt 0.596642 0.216776
vt 0.094187 0.669091
vt 0.099260 0.670799
vt 0.601597 0.215061
vt 0.094320 0.668120
vt 0.099390 0.669269
vt 0.104483 0.672572
vt 0.606698 0.213300
vt 0.104610 0.671012
vt 0.591846 0.218439
vt 0.089277 0.668015
vt 0.089411 0.667057
vt 0.089784 0.664392
vt 0.094688 0.665418
vt 0.099751 0.666470
vt 0.104963 0.667541
vt 0.095271 0.661145
vt 0.095968 0.656031
vt 0.101006 0.656935
vt 0.100323 0.662130
vt 0.096661 0.650951
vt 0.101685 0.651775
vt 0.106188 0.657823
vt 0.105521 0.663117
vt 0.106852 0.652564
vt 0.090374 0.660178
vt 0.091080 0.655134
vt 0.091782 0.650123
vt 0.078847 0.641383
vt 0.581654 0.259983
vt 0.586069 0.258919
vt 0.083364 0.642074
vt 0.581524 0.258543
vt 0.585938 0.257461
vt 0.590577 0.257833
vt 0.087978 0.642779
vt 0.590446 0.256356
vt 0.074060 0.643087
vt 0.074404 0.640704
vt 0.078499 0.643796
vt 0.577311 0.261030
vt 0.577183 0.259607
vt 0.576826 0.255649
vt 0.581163 0.254536
vt 0.585574 0.253405
vt 0.590080 0.252248
vt 0.087626 0.645252
vt 0.083014 0.644516
vt 0.580592 0.248200
vt 0.579909 0.240618
vt 0.584308 0.239313
vt 0.584997 0.246990
vt 0.579230 0.233085
vt 0.583623 0.231686
vt 0.588809 0.237977
vt 0.589501 0.245752
vt 0.588121 0.230254
vt 0.576262 0.249390
vt 0.575587 0.241901
vt 0.574916 0.234460
vt 0.574365 0.228347
vt 0.578673 0.226898
vt 0.583060 0.225422
vt 0.587556 0.223910
vt 0.578333 0.223131
vt 0.075448 0.664982
vt 0.079934 0.665967
vt 0.582717 0.221608
vt 0.075581 0.664060
vt 0.080068 0.665033
vt 0.084533 0.666976
vt 0.587212 0.220047
vt 0.084668 0.666030
vt 0.574030 0.224626
vt 0.071045 0.664016
vt 0.071176 0.663105
vt 0.071541 0.660570
vt 0.075950 0.661494
vt 0.080441 0.662435
vt 0.085043 0.663399
vt 0.076535 0.657437
vt 0.077234 0.652582
vt 0.081737 0.653412
vt 0.081031 0.658327
vt 0.077929 0.647758
vt 0.082438 0.648528
vt 0.086343 0.654261
vt 0.085635 0.659239
vt 0.087048 0.649315
vt 0.072119 0.656562
vt 0.072810 0.651766
vt 0.073496 0.647001
vt 0.061437 0.638815
vt 0.564642 0.264074
vt 0.568799 0.263079
vt 0.065693 0.639433
vt 0.564514 0.262705
vt 0.568673 0.261691
vt 0.573025 0.262062
vt 0.070018 0.640064
vt 0.572898 0.260657
vt 0.056901 0.640373
vt 0.057258 0.638211
vt 0.061094 0.641021
vt 0.560563 0.265046
vt 0.560430 0.263696
vt 0.560059 0.259939
vt 0.564157 0.258895
vt 0.568321 0.257831
vt 0.572546 0.256748
vt 0.069678 0.642388
vt 0.065354 0.641699
vt 0.563593 0.252870
vt 0.562918 0.245660
vt 0.567098 0.244419
vt 0.567764 0.251725
vt 0.562247 0.238497
vt 0.566436 0.237161
vt 0.571319 0.243167
vt 0.571987 0.250565
vt 0.570656 0.235817
vt 0.559474 0.253999
vt 0.558773 0.246890
vt 0.558077 0.239827
vt 0.557505 0.234026
vt 0.561696 0.232613
vt 0.565893 0.231199
vt 0.570111 0.229779
vt 0.561360 0.229031
vt 0.058078 0.661168
vt 0.062379 0.662113
vt 0.565562 0.227570
vt 0.058209 0.660291
vt 0.062509 0.661224
vt 0.066695 0.663061
vt 0.569779 0.226103
vt 0.066825 0.662161
vt 0.557157 0.230494
vt 0.053772 0.660221
vt 0.053908 0.659356
vt 0.054287 0.656951
vt 0.058574 0.657851
vt 0.062869 0.658752
vt 0.067187 0.659658
vt 0.059152 0.653993
vt 0.059843 0.649376
vt 0.064121 0.650164
vt 0.063439 0.654843
vt 0.060530 0.644789
vt 0.064798 0.645516
vt 0.068441 0.650961
vt 0.067758 0.655698
vt 0.069121 0.646254
vt 0.054887 0.653147
vt 0.055604 0.648595
vt 0.056316 0.644072
vt 0.045233 0.636135
vt 0.548845 0.268399
vt 0.552662 0.267084
vt 0.049154 0.636945
vt 0.548672 0.267099
vt 0.552507 0.265772
vt 0.556568 0.266012
vt 0.053163 0.637610
vt 0.556426 0.264682
vt 0.040877 0.637171
vt 0.041401 0.635098
vt 0.044770 0.638214
vt 0.545120 0.270089
vt 0.544924 0.268794
vt 0.544379 0.265191
vt 0.548191 0.263485
vt 0.552075 0.262122
vt 0.556032 0.260981
vt 0.052783 0.639740
vt 0.048738 0.639045
vt 0.547430 0.257768
vt 0.546519 0.250927
vt 0.550576 0.249441
vt 0.551393 0.256349
vt 0.545614 0.244131
vt 0.549764 0.242578
vt 0.554660 0.248125
vt 0.555407 0.255129
vt 0.553918 0.241168
vt 0.543518 0.259492
vt 0.542488 0.252673
vt 0.541464 0.245898
vt 0.540623 0.240333
vt 0.544871 0.238549
vt 0.549098 0.236941
vt 0.553308 0.235453
vt 0.544418 0.235150
vt 0.040702 0.657214
vt 0.045091 0.658271
vt 0.548692 0.233509
vt 0.040879 0.656382
vt 0.045249 0.657431
vt 0.049446 0.659264
vt 0.552937 0.231973
vt 0.049591 0.658412
vt 0.540111 0.236945
vt 0.036274 0.656062
vt 0.036475 0.655233
vt 0.037032 0.652925
vt 0.041372 0.654067
vt 0.045691 0.655093
vt 0.049995 0.656042
vt 0.042151 0.650406
vt 0.043083 0.646026
vt 0.047226 0.646973
vt 0.046390 0.651397
vt 0.044009 0.641674
vt 0.048056 0.642578
vt 0.051399 0.647810
vt 0.050634 0.652295
vt 0.052158 0.643354
vt 0.037914 0.649276
vt 0.038968 0.644909
vt 0.040016 0.640577
vt 0.030459 0.630845
vt 0.534490 0.277041
vt 0.537944 0.274629
vt 0.034012 0.632325
vt 0.534217 0.275742
vt 0.537694 0.273323
vt 0.541486 0.272228
vt 0.037660 0.633791
vt 0.541264 0.270928
vt 0.026234 0.631527
vt 0.027002 0.629499
vt 0.029728 0.632924
vt 0.531123 0.279215
vt 0.530836 0.277948
vt 0.530038 0.274424
vt 0.533457 0.272129
vt 0.536998 0.269690
vt 0.540644 0.267309
vt 0.037064 0.635873
vt 0.033343 0.634415
vt 0.532255 0.266415
vt 0.530817 0.259577
vt 0.534579 0.257068
vt 0.535897 0.263944
vt 0.529388 0.252784
vt 0.533271 0.250237
vt 0.538490 0.254738
vt 0.539663 0.261586
vt 0.537325 0.247935
vt 0.528776 0.268850
vt 0.527266 0.262180
vt 0.525765 0.255554
vt 0.524533 0.250111
vt 0.528215 0.247204
vt 0.532196 0.244626
vt 0.536368 0.242346
vt 0.527500 0.243806
vt 0.023305 0.651670
vt 0.027459 0.653336
vt 0.531541 0.241210
vt 0.023584 0.650838
vt 0.027715 0.652500
vt 0.031825 0.654785
vt 0.535785 0.238944
vt 0.032053 0.653952
vt 0.523783 0.246798
vt 0.019489 0.649738
vt 0.019782 0.648927
vt 0.020599 0.646670
vt 0.024362 0.648525
vt 0.028428 0.650174
vt 0.032687 0.651634
vt 0.025592 0.644865
vt 0.027064 0.640496
vt 0.030903 0.642091
vt 0.029554 0.646494
vt 0.028526 0.636339
vt 0.032242 0.637849
vt 0.034891 0.643585
vt 0.033691 0.647970
vt 0.036084 0.639293
vt 0.021891 0.643101
vt 0.023437 0.638913
vt 0.024972 0.634858
vt 0.017898 0.627965
vt 0.522074 0.281471
vt 0.524812 0.281746
vt 0.020589 0.627869
vt 0.521951 0.280520
vt 0.524574 0.280647
vt 0.527862 0.280887
vt 0.023668 0.628443
vt 0.527579 0.279687
vt 0.017416 0.629418
vt 0.521441 0.277993
vt 0.523856 0.277620
vt 0.526786 0.276352
vt 0.022905 0.630362
vt 0.019900 0.629611
vt 0.520291 0.274064
vt 0.518922 0.269194
vt 0.521177 0.267172
vt 0.522635 0.272873
vt 0.517765 0.264169
vt 0.519791 0.261452
vt 0.524005 0.264773
vt 0.525519 0.271082
vt 0.522508 0.258499
vt 0.516871 0.260119
vt 0.518660 0.256760
vt 0.521279 0.253345
vt 0.516167 0.257955
vt 0.011645 0.642315
vt 0.013477 0.645024
vt 0.517924 0.253970
vt 0.011979 0.641824
vt 0.013783 0.644357
vt 0.016151 0.647510
vt 0.520525 0.250217
vt 0.016448 0.646746
vt 0.012739 0.640357
vt 0.014582 0.642455
vt 0.017269 0.644615
vt 0.013677 0.637823
vt 0.014870 0.634730
vt 0.017197 0.635915
vt 0.015769 0.639438
vt 0.016264 0.631768
vt 0.018679 0.632448
vt 0.020099 0.637347
vt 0.018557 0.641236
vt 0.021639 0.633512
vt 0.795058 0.232002
vt 0.794588 0.233908
vt 0.785196 0.225500
vt 0.785634 0.223823
vt 0.297001 0.658575
vt 0.287429 0.663952
vt 0.775681 0.215884
vt 0.776065 0.214478
vt 0.277741 0.670633
vt 0.805262 0.232385
vt 0.804264 0.238435
vt 0.796097 0.226242
vt 0.803796 0.240504
vt 0.306399 0.654345
vt 0.307084 0.658119
vt 0.297735 0.662240
vt 0.288196 0.667435
vt 0.278530 0.675679
vt 0.777052 0.209678
vt 0.786663 0.218495
vt 0.299052 0.668124
vt 0.300724 0.678592
vt 0.291201 0.685370
vt 0.289528 0.675078
vt 0.302470 0.689628
vt 0.292945 0.695660
vt 0.281477 0.692954
vt 0.279846 0.683556
vt 0.283169 0.702325
vt 0.308340 0.664233
vt 0.309943 0.673022
vt 0.311619 0.684544
vt 0.313095 0.694147
vt 0.304013 0.698819
vt 0.294489 0.704224
vt 0.284671 0.710119
vt 0.305110 0.704603
vt 0.803168 0.177765
vt 0.793888 0.172863
vt 0.295598 0.709617
vt 0.803126 0.179552
vt 0.793852 0.174553
vt 0.784273 0.167587
vt 0.285760 0.715032
vt 0.784243 0.169155
vt 0.314134 0.700190
vt 0.811947 0.182109
vt 0.811897 0.183951
vt 0.811245 0.189813
vt 0.802443 0.185213
vt 0.793157 0.179892
vt 0.783549 0.174090
vt 0.801122 0.194464
vt 0.799417 0.205687
vt 0.790048 0.199198
vt 0.791801 0.188619
vt 0.797637 0.216930
vt 0.788226 0.209775
vt 0.780421 0.191940
vt 0.782185 0.182162
vt 0.778597 0.201690
vt 0.810001 0.199393
vt 0.808397 0.211021
vt 0.806721 0.222688
vt 0.829833 0.246582
vt 0.829560 0.248724
vt 0.821374 0.247427
vt 0.821728 0.245257
vt 0.332763 0.648984
vt 0.324378 0.649855
vt 0.812755 0.244882
vt 0.813179 0.242729
vt 0.315556 0.651519
vt 0.837907 0.241429
vt 0.837420 0.247267
vt 0.830448 0.240570
vt 0.837217 0.249355
vt 0.340607 0.648537
vt 0.341010 0.652065
vt 0.333230 0.652631
vt 0.324921 0.653600
vt 0.316175 0.655314
vt 0.814078 0.236564
vt 0.822489 0.239121
vt 0.334063 0.658607
vt 0.335111 0.665875
vt 0.327168 0.667161
vt 0.325910 0.659722
vt 0.336193 0.675427
vt 0.328475 0.677683
vt 0.318770 0.668999
vt 0.317315 0.661498
vt 0.320290 0.680626
vt 0.341707 0.657854
vt 0.342574 0.664898
vt 0.343461 0.673566
vt 0.344217 0.682750
vt 0.337126 0.684895
vt 0.329613 0.687364
vt 0.321621 0.690375
vt 0.337755 0.690868
vt 0.338036 0.692998
vt 0.330760 0.695630
vt 0.330394 0.693465
vt 0.834713 0.193247
vt 0.827615 0.190654
vt 0.322998 0.698683
vt 0.322548 0.696514
vt 0.820042 0.187614
vt 0.344715 0.688550
vt 0.344923 0.690626
vt 0.841434 0.195569
vt 0.841040 0.201079
vt 0.834256 0.198942
vt 0.827087 0.196498
vt 0.819445 0.193527
vt 0.833442 0.208275
vt 0.832417 0.219625
vt 0.824884 0.217688
vt 0.826118 0.206062
vt 0.831360 0.231041
vt 0.823602 0.229374
vt 0.816886 0.214941
vt 0.818324 0.203197
vt 0.815386 0.226738
vt 0.840359 0.210120
vt 0.839512 0.221119
vt 0.838645 0.232186
vt 0.857142 0.248649
vt 0.857023 0.250549
vt 0.850849 0.250203
vt 0.850979 0.248239
vt 0.360881 0.647660
vt 0.354563 0.647917
vt 0.844286 0.249811
vt 0.844442 0.247783
vt 0.347845 0.648205
vt 0.863366 0.243928
vt 0.863043 0.249031
vt 0.857473 0.243364
vt 0.862926 0.250865
vt 0.366922 0.647424
vt 0.367233 0.650496
vt 0.361199 0.650842
vt 0.354895 0.651211
vt 0.348204 0.651615
vt 0.844843 0.242129
vt 0.851332 0.242769
vt 0.361720 0.656070
vt 0.362356 0.662433
vt 0.356114 0.663209
vt 0.355443 0.656622
vt 0.362995 0.668838
vt 0.356790 0.670236
vt 0.349551 0.664026
vt 0.348808 0.657213
vt 0.350304 0.671857
vt 0.367745 0.655543
vt 0.368367 0.661686
vt 0.368994 0.667871
vt 0.369518 0.675201
vt 0.363530 0.676988
vt 0.357358 0.678831
vt 0.350940 0.680746
vt 0.363868 0.682239
vt 0.363991 0.684127
vt 0.357853 0.686217
vt 0.357719 0.684265
vt 0.860061 0.201935
vt 0.854063 0.199886
vt 0.351511 0.688378
vt 0.351351 0.686363
vt 0.847867 0.197768
vt 0.369849 0.680271
vt 0.369968 0.682093
vt 0.865903 0.203929
vt 0.865599 0.208726
vt 0.859751 0.206904
vt 0.853739 0.205030
vt 0.847517 0.203093
vt 0.859241 0.215067
vt 0.858621 0.225004
vt 0.852547 0.223766
vt 0.853203 0.213480
vt 0.857996 0.235006
vt 0.851886 0.234119
vt 0.846201 0.222475
vt 0.846927 0.211835
vt 0.845465 0.233183
vt 0.865099 0.216607
vt 0.864491 0.226201
vt 0.863878 0.235858
vt 0.879793 0.250351
vt 0.879675 0.252005
vt 0.874238 0.251537
vt 0.874355 0.249828
vt 0.384065 0.646602
vt 0.378500 0.646930
vt 0.868657 0.251177
vt 0.868773 0.249407
vt 0.372787 0.647191
vt 0.885429 0.246560
vt 0.885093 0.251033
vt 0.880123 0.245747
vt 0.884972 0.252640
vt 0.389488 0.646171
vt 0.389812 0.648864
vt 0.384382 0.649374
vt 0.378812 0.649793
vt 0.373097 0.650156
vt 0.869095 0.244482
vt 0.874680 0.245072
vt 0.384903 0.653926
vt 0.385537 0.659469
vt 0.379949 0.660223
vt 0.379325 0.654497
vt 0.386175 0.665047
vt 0.380578 0.665987
vt 0.374227 0.660956
vt 0.373606 0.655027
vt 0.374851 0.666924
vt 0.390344 0.653288
vt 0.390991 0.658673
vt 0.391643 0.664093
vt 0.392187 0.668623
vt 0.386709 0.670036
vt 0.381103 0.671734
vt 0.375373 0.673453
vt 0.387046 0.674610
vt 0.387167 0.676254
vt 0.381555 0.678158
vt 0.381435 0.676460
vt 0.882706 0.209662
vt 0.877224 0.207789
vt 0.375821 0.680105
vt 0.375703 0.678346
vt 0.871622 0.205879
vt 0.392532 0.672794
vt 0.392655 0.674392
vt 0.888066 0.211499
vt 0.887750 0.215704
vt 0.882396 0.213991
vt 0.876918 0.212261
vt 0.871319 0.210509
vt 0.881887 0.221100
vt 0.881268 0.229755
vt 0.875807 0.228549
vt 0.876417 0.219607
vt 0.880644 0.238467
vt 0.875193 0.237550
vt 0.870215 0.227374
vt 0.870821 0.218115
vt 0.869605 0.236694
vt 0.887230 0.222612
vt 0.886598 0.231021
vt 0.885961 0.239486
vt 0.900176 0.254070
vt 0.900046 0.255586
vt 0.895157 0.254485
vt 0.895284 0.252945
vt 0.404924 0.644238
vt 0.399917 0.644956
vt 0.890132 0.253482
vt 0.890256 0.251912
vt 0.394772 0.645613
vt 0.905296 0.251062
vt 0.904932 0.255224
vt 0.900536 0.249850
vt 0.904800 0.256720
vt 0.409791 0.643502
vt 0.410142 0.646007
vt 0.405270 0.646779
vt 0.400257 0.647536
vt 0.395104 0.648243
vt 0.890600 0.247543
vt 0.895637 0.248659
vt 0.405839 0.650952
vt 0.406532 0.656031
vt 0.401494 0.656935
vt 0.400815 0.651775
vt 0.407229 0.661145
vt 0.402177 0.662130
vt 0.396312 0.657823
vt 0.395648 0.652564
vt 0.396979 0.663117
vt 0.410718 0.650123
vt 0.411420 0.655134
vt 0.412126 0.660178
vt 0.412716 0.664392
vt 0.407812 0.665418
vt 0.402749 0.666470
vt 0.397537 0.667541
vt 0.408180 0.668120
vt 0.408313 0.669091
vt 0.403240 0.670799
vt 0.403110 0.669269
vt 0.903358 0.216776
vt 0.898403 0.215061
vt 0.398017 0.672572
vt 0.397890 0.671012
vt 0.893302 0.213300
vt 0.413089 0.667057
vt 0.413223 0.668015
vt 0.908154 0.218439
vt 0.907811 0.222352
vt 0.903019 0.220743
vt 0.898071 0.219091
vt 0.892978 0.217407
vt 0.902463 0.227259
vt 0.901786 0.235192
vt 0.896863 0.233769
vt 0.897526 0.225710
vt 0.901105 0.243177
vt 0.896195 0.241880
vt 0.891798 0.232367
vt 0.892446 0.224154
vt 0.891145 0.240634
vt 0.907248 0.228779
vt 0.906563 0.236604
vt 0.905873 0.244480
vt 0.918476 0.258543
vt 0.918346 0.259983
vt 0.913931 0.258919
vt 0.914062 0.257461
vt 0.423653 0.641383
vt 0.419136 0.642074
vt 0.909423 0.257833
vt 0.909554 0.256356
vt 0.414522 0.642779
vt 0.923174 0.255649
vt 0.922817 0.259607
vt 0.918837 0.254536
vt 0.922689 0.261030
vt 0.428096 0.640704
vt 0.428440 0.643087
vt 0.424001 0.643796
vt 0.419486 0.644516
vt 0.414874 0.645252
vt 0.909920 0.252249
vt 0.914426 0.253405
vt 0.424571 0.647758
vt 0.425266 0.652582
vt 0.420763 0.653412
vt 0.420062 0.648528
vt 0.425965 0.657437
vt 0.421469 0.658327
vt 0.416157 0.654261
vt 0.415453 0.649315
vt 0.416865 0.659239
vt 0.429004 0.647001
vt 0.429690 0.651766
vt 0.430381 0.656562
vt 0.430959 0.660570
vt 0.426550 0.661494
vt 0.422059 0.662435
vt 0.417457 0.663399
vt 0.426919 0.664060
vt 0.427052 0.664982
vt 0.422566 0.665967
vt 0.422432 0.665033
vt 0.921667 0.223131
vt 0.917283 0.221608
vt 0.417967 0.666976
vt 0.417832 0.666030
vt 0.912788 0.220047
vt 0.431324 0.663105
vt 0.431455 0.664016
vt 0.925970 0.224626
vt 0.925635 0.228347
vt 0.921327 0.226898
vt 0.916940 0.225422
vt 0.912444 0.223910
vt 0.920770 0.233086
vt 0.920091 0.240618
vt 0.915692 0.239313
vt 0.916377 0.231686
vt 0.919408 0.248200
vt 0.915003 0.246990
vt 0.911191 0.237977
vt 0.911879 0.230254
vt 0.910499 0.245752
vt 0.925084 0.234460
vt 0.924413 0.241901
vt 0.923738 0.249390
vt 0.935486 0.262705
vt 0.935358 0.264074
vt 0.931201 0.263079
vt 0.931327 0.261691
vt 0.441063 0.638815
vt 0.436807 0.639433
vt 0.926975 0.262062
vt 0.927102 0.260657
vt 0.432482 0.640064
vt 0.939941 0.259939
vt 0.939570 0.263696
vt 0.935843 0.258895
vt 0.939437 0.265046
vt 0.445242 0.638211
vt 0.445599 0.640373
vt 0.441406 0.641021
vt 0.437146 0.641699
vt 0.432822 0.642388
vt 0.927454 0.256748
vt 0.931679 0.257831
vt 0.441970 0.644789
vt 0.442657 0.649376
vt 0.438379 0.650164
vt 0.437702 0.645517
vt 0.443348 0.653993
vt 0.439061 0.654843
vt 0.434059 0.650961
vt 0.433379 0.646254
vt 0.434742 0.655698
vt 0.446184 0.644072
vt 0.446896 0.648595
vt 0.447613 0.653147
vt 0.448213 0.656951
vt 0.443926 0.657851
vt 0.439631 0.658752
vt 0.435313 0.659658
vt 0.444291 0.660291
vt 0.444422 0.661168
vt 0.440121 0.662113
vt 0.439991 0.661225
vt 0.938640 0.229031
vt 0.934438 0.227570
vt 0.435805 0.663061
vt 0.435675 0.662161
vt 0.930221 0.226103
vt 0.448592 0.659356
vt 0.448728 0.660221
vt 0.942843 0.230494
vt 0.942495 0.234026
vt 0.938304 0.232613
vt 0.934107 0.231199
vt 0.929889 0.229779
vt 0.937753 0.238497
vt 0.937082 0.245660
vt 0.932902 0.244419
vt 0.933564 0.237161
vt 0.936407 0.252870
vt 0.932236 0.251725
vt 0.928681 0.243167
vt 0.929344 0.235817
vt 0.928013 0.250565
vt 0.941923 0.239827
vt 0.941227 0.246890
vt 0.940526 0.253999
vt 0.951328 0.267099
vt 0.951155 0.268398
vt 0.947338 0.267084
vt 0.947493 0.265772
vt 0.457267 0.636134
vt 0.453346 0.636945
vt 0.943432 0.266012
vt 0.943574 0.264682
vt 0.449337 0.637610
vt 0.955621 0.265191
vt 0.955076 0.268794
vt 0.951809 0.263485
vt 0.954880 0.270089
vt 0.461099 0.635098
vt 0.461623 0.637171
vt 0.457730 0.638214
vt 0.453762 0.639045
vt 0.449717 0.639740
vt 0.943968 0.260981
vt 0.947925 0.262122
vt 0.458491 0.641674
vt 0.459417 0.646026
vt 0.455274 0.646973
vt 0.454444 0.642578
vt 0.460349 0.650406
vt 0.456110 0.651397
vt 0.451101 0.647810
vt 0.450342 0.643355
vt 0.451866 0.652295
vt 0.462484 0.640577
vt 0.463532 0.644909
vt 0.464586 0.649276
vt 0.465468 0.652925
vt 0.461128 0.654067
vt 0.456809 0.655093
vt 0.452505 0.656042
vt 0.461621 0.656382
vt 0.461798 0.657214
vt 0.457410 0.658271
vt 0.457251 0.657431
vt 0.955582 0.235150
vt 0.951308 0.233509
vt 0.453054 0.659264
vt 0.452909 0.658412
vt 0.947063 0.231973
vt 0.466025 0.655233
vt 0.466226 0.656062
vt 0.959889 0.236945
vt 0.959377 0.240333
vt 0.955129 0.238549
vt 0.950902 0.236941
vt 0.946692 0.235453
vt 0.954386 0.244131
vt 0.953481 0.250927
vt 0.949424 0.249441
vt 0.950236 0.242578
vt 0.952570 0.257768
vt 0.948607 0.256349
vt 0.945340 0.248125
vt 0.946082 0.241168
vt 0.944593 0.255129
vt 0.958536 0.245898
vt 0.957512 0.252673
vt 0.956482 0.259492
vt 0.965783 0.275742
vt 0.965510 0.277041
vt 0.962056 0.274629
vt 0.962306 0.273323
vt 0.472041 0.630845
vt 0.468488 0.632325
vt 0.958514 0.272228
vt 0.958736 0.270928
vt 0.464840 0.633791
vt 0.969962 0.274424
vt 0.969164 0.277948
vt 0.966543 0.272129
vt 0.968877 0.279215
vt 0.475498 0.629499
vt 0.476266 0.631527
vt 0.472772 0.632924
vt 0.469157 0.634415
vt 0.465436 0.635873
vt 0.959356 0.267309
vt 0.963002 0.269690
vt 0.473974 0.636339
vt 0.475436 0.640496
vt 0.471597 0.642091
vt 0.470258 0.637849
vt 0.476908 0.644865
vt 0.472946 0.646494
vt 0.467609 0.643585
vt 0.466416 0.639293
vt 0.468809 0.647970
vt 0.477528 0.634858
vt 0.479063 0.638913
vt 0.480609 0.643101
vt 0.481901 0.646670
vt 0.478138 0.648525
vt 0.474072 0.650174
vt 0.469813 0.651634
vt 0.478916 0.650838
vt 0.479195 0.651670
vt 0.475041 0.653336
vt 0.474785 0.652500
vt 0.972500 0.243806
vt 0.968459 0.241210
vt 0.470675 0.654785
vt 0.470447 0.653952
vt 0.964215 0.238944
vt 0.482718 0.648927
vt 0.483011 0.649738
vt 0.976217 0.246798
vt 0.975467 0.250111
vt 0.971786 0.247204
vt 0.967804 0.244626
vt 0.963632 0.242347
vt 0.970612 0.252784
vt 0.969183 0.259577
vt 0.965421 0.257068
vt 0.966729 0.250237
vt 0.967745 0.266415
vt 0.964103 0.263944
vt 0.961510 0.254738
vt 0.962675 0.247935
vt 0.960337 0.261586
vt 0.974235 0.255554
vt 0.972734 0.262180
vt 0.971224 0.268850
vt 0.978049 0.280520
vt 0.977926 0.281471
vt 0.975188 0.281746
vt 0.975426 0.280647
vt 0.484602 0.627965
vt 0.481911 0.627869
vt 0.972138 0.280887
vt 0.972421 0.279687
vt 0.478832 0.628443
vt 0.978559 0.277993
vt 0.485084 0.629418
vt 0.482600 0.629611
vt 0.479595 0.630362
vt 0.973214 0.276352
vt 0.976144 0.277620
vt 0.486236 0.631768
vt 0.487630 0.634730
vt 0.485303 0.635915
vt 0.483821 0.632448
vt 0.488823 0.637823
vt 0.486731 0.639438
vt 0.482401 0.637347
vt 0.480861 0.633512
vt 0.483943 0.641236
vt 0.489761 0.640357
vt 0.487918 0.642455
vt 0.485231 0.644615
vt 0.490000 0.641824
vt 0.490000 0.642315
vt 0.489023 0.645024
vt 0.488717 0.644357
vt 0.983833 0.257956
vt 0.982076 0.253970
vt 0.486349 0.647510
vt 0.486052 0.646746
vt 0.979475 0.250216
vt 0.983129 0.260119
vt 0.981340 0.256760
vt 0.978721 0.253345
vt 0.982235 0.264169
vt 0.981078 0.269194
vt 0.978823 0.267172
vt 0.980209 0.261452
vt 0.979709 0.274064
vt 0.977365 0.272873
vt 0.975995 0.264773
vt 0.977492 0.258499
vt 0.974481 0.271082
vt 0.734659 0.438219
vt 0.735851 0.438740
vt 0.736081 0.427041
vt 0.734843 0.426032
vt 0.734868 0.438167
vt 0.735269 0.426262
vt 0.737185 0.417020
vt 0.735854 0.415154
vt 0.736615 0.416159
vt 0.731259 0.450422
vt 0.734736 0.451298
vt 0.731239 0.436645
vt 0.735922 0.451577
vt 0.734839 0.451246
vt 0.731511 0.450293
vt 0.731760 0.436482
vt 0.732508 0.423707
vt 0.734345 0.412752
vt 0.732268 0.410922
vt 0.731428 0.423428
vt 0.726730 0.433768
vt 0.720605 0.430482
vt 0.722423 0.414267
vt 0.728007 0.419532
vt 0.714373 0.427198
vt 0.716556 0.408720
vt 0.725713 0.399491
vt 0.730585 0.407070
vt 0.720203 0.390760
vt 0.726139 0.448762
vt 0.719633 0.446927
vt 0.713079 0.445116
vt 0.707566 0.443658
vt 0.709038 0.424584
vt 0.711350 0.404454
vt 0.714824 0.383838
vt 0.705464 0.423189
vt 0.703937 0.422997
vt 0.705866 0.403332
vt 0.707663 0.402791
vt 0.704593 0.423855
vt 0.706183 0.405303
vt 0.708479 0.385823
vt 0.710652 0.383143
vt 0.708421 0.389901
vt 0.704010 0.442822
vt 0.702651 0.442632
vt 0.703561 0.443051
vt 0.706810 0.444045
vt 0.707554 0.425640
vt 0.708737 0.408165
vt 0.710395 0.394053
vt 0.712731 0.428190
vt 0.719183 0.431163
vt 0.719525 0.415367
vt 0.713445 0.411525
vt 0.725750 0.434146
vt 0.725951 0.419595
vt 0.719966 0.400736
vt 0.714387 0.397144
vt 0.726402 0.405680
vt 0.712261 0.445535
vt 0.718940 0.447282
vt 0.725667 0.449004
vt 0.734059 0.493241
vt 0.735208 0.493291
vt 0.735588 0.479093
vt 0.734422 0.479017
vt 0.734060 0.493240
vt 0.734435 0.479011
vt 0.735847 0.465116
vt 0.734668 0.464971
vt 0.734711 0.464949
vt 0.730246 0.507307
vt 0.733640 0.507443
vt 0.730611 0.493091
vt 0.734772 0.507489
vt 0.733640 0.507443
vt 0.730246 0.507307
vt 0.730615 0.493089
vt 0.730965 0.478769
vt 0.731272 0.464465
vt 0.731166 0.464519
vt 0.730934 0.478785
vt 0.725064 0.492845
vt 0.718365 0.492551
vt 0.718623 0.477911
vt 0.725374 0.478380
vt 0.711664 0.492257
vt 0.711866 0.477446
vt 0.719023 0.462753
vt 0.725726 0.463687
vt 0.712300 0.461830
vt 0.724778 0.507087
vt 0.718178 0.506821
vt 0.711579 0.506556
vt 0.706111 0.506335
vt 0.706112 0.492014
vt 0.706257 0.477066
vt 0.706694 0.461083
vt 0.702663 0.491864
vt 0.701510 0.491816
vt 0.701572 0.476774
vt 0.702759 0.476838
vt 0.702656 0.491868
vt 0.702703 0.476867
vt 0.701906 0.460541
vt 0.703158 0.460648
vt 0.702969 0.460745
vt 0.702716 0.506199
vt 0.701585 0.506153
vt 0.702716 0.506199
vt 0.706111 0.506335
vt 0.706100 0.492020
vt 0.706163 0.477114
vt 0.706375 0.461246
vt 0.711652 0.492263
vt 0.718354 0.492556
vt 0.718536 0.477956
vt 0.711764 0.477498
vt 0.725057 0.492849
vt 0.725315 0.478410
vt 0.718731 0.462903
vt 0.711954 0.462007
vt 0.725527 0.463789
vt 0.711579 0.506556
vt 0.718178 0.506821
vt 0.724778 0.507087
vt 0.732391 0.548906
vt 0.733469 0.548955
vt 0.733897 0.535324
vt 0.732802 0.535278
vt 0.732391 0.548919
vt 0.732802 0.535282
vt 0.734331 0.521508
vt 0.733218 0.521463
vt 0.733218 0.521463
vt 0.728807 0.562231
vt 0.731986 0.562362
vt 0.729160 0.548775
vt 0.733045 0.562416
vt 0.731985 0.562391
vt 0.728806 0.562285
vt 0.729160 0.548798
vt 0.729517 0.535153
vt 0.729879 0.521329
vt 0.729879 0.521328
vt 0.729517 0.535146
vt 0.723953 0.548599
vt 0.717669 0.548355
vt 0.717836 0.534688
vt 0.724224 0.534943
vt 0.711385 0.548109
vt 0.711449 0.534433
vt 0.718006 0.520852
vt 0.724499 0.521113
vt 0.711513 0.520591
vt 0.723684 0.562103
vt 0.717503 0.561876
vt 0.711322 0.561644
vt 0.706200 0.561447
vt 0.706178 0.547903
vt 0.706156 0.534222
vt 0.706133 0.520375
vt 0.702946 0.547772
vt 0.701869 0.547724
vt 0.701776 0.534043
vt 0.702871 0.534089
vt 0.702946 0.547760
vt 0.702871 0.534085
vt 0.701681 0.520195
vt 0.702794 0.520240
vt 0.702794 0.520240
vt 0.703021 0.561316
vt 0.701961 0.561262
vt 0.703021 0.561287
vt 0.706200 0.561393
vt 0.706178 0.547880
vt 0.706156 0.534215
vt 0.706133 0.520374
vt 0.711385 0.548080
vt 0.717669 0.548324
vt 0.717836 0.534679
vt 0.711449 0.534425
vt 0.723953 0.548569
vt 0.724224 0.534934
vt 0.718006 0.520851
vt 0.711513 0.520590
vt 0.724499 0.521112
vt 0.711322 0.561575
vt 0.717504 0.561802
vt 0.723685 0.562034
vt 0.730856 0.602218
vt 0.731865 0.602310
vt 0.732230 0.589003
vt 0.731205 0.588926
vt 0.730855 0.602350
vt 0.731205 0.589018
vt 0.732629 0.575737
vt 0.731586 0.575673
vt 0.731586 0.575730
vt 0.727570 0.615513
vt 0.730552 0.615647
vt 0.727828 0.602086
vt 0.731546 0.615755
vt 0.730551 0.615822
vt 0.727567 0.615833
vt 0.727826 0.602328
vt 0.728128 0.588963
vt 0.728459 0.575647
vt 0.728460 0.575543
vt 0.728129 0.588795
vt 0.722947 0.602237
vt 0.717058 0.602098
vt 0.717189 0.588665
vt 0.723171 0.588838
vt 0.711170 0.601937
vt 0.711207 0.588477
vt 0.717340 0.575287
vt 0.723421 0.575490
vt 0.711260 0.575075
vt 0.722760 0.615779
vt 0.716959 0.615675
vt 0.711158 0.615541
vt 0.706352 0.615398
vt 0.706292 0.601779
vt 0.706251 0.588304
vt 0.706222 0.574888
vt 0.703264 0.601646
vt 0.702255 0.601554
vt 0.702149 0.588096
vt 0.703174 0.588173
vt 0.703265 0.601514
vt 0.703175 0.588081
vt 0.702053 0.574694
vt 0.703095 0.574758
vt 0.703096 0.574701
vt 0.703369 0.615264
vt 0.702375 0.615156
vt 0.703370 0.615090
vt 0.706354 0.615078
vt 0.706294 0.601536
vt 0.706252 0.588135
vt 0.706223 0.574784
vt 0.711173 0.601627
vt 0.717061 0.601766
vt 0.717191 0.588434
vt 0.711209 0.588261
vt 0.722950 0.601927
vt 0.723173 0.588622
vt 0.717342 0.575144
vt 0.711261 0.574942
vt 0.723422 0.575357
vt 0.711161 0.615132
vt 0.716962 0.615236
vt 0.722763 0.615370
vt 0.729932 0.656390
vt 0.730887 0.656539
vt 0.731069 0.643047
vt 0.730101 0.642910
vt 0.729930 0.656675
vt 0.730099 0.643164
vt 0.731284 0.629385
vt 0.730304 0.629262
vt 0.730302 0.629478
vt 0.726945 0.669361
vt 0.729782 0.669499
vt 0.727062 0.656252
vt 0.730727 0.669657
vt 0.729780 0.669808
vt 0.726941 0.669926
vt 0.727059 0.656774
vt 0.727194 0.643237
vt 0.727359 0.629521
vt 0.727362 0.629126
vt 0.727197 0.642773
vt 0.722434 0.656817
vt 0.716852 0.656804
vt 0.716864 0.643213
vt 0.722513 0.643252
vt 0.711271 0.656742
vt 0.711216 0.643130
vt 0.716896 0.629433
vt 0.722618 0.629504
vt 0.711175 0.629326
vt 0.722369 0.669989
vt 0.716850 0.669997
vt 0.711333 0.669951
vt 0.706761 0.669855
vt 0.706647 0.656638
vt 0.706536 0.643015
vt 0.706435 0.629197
vt 0.703778 0.656500
vt 0.702822 0.656351
vt 0.702664 0.642741
vt 0.703632 0.642878
vt 0.703780 0.656215
vt 0.703633 0.642624
vt 0.702513 0.628939
vt 0.703493 0.629062
vt 0.703495 0.628846
vt 0.703924 0.669717
vt 0.702979 0.669559
vt 0.703926 0.669408
vt 0.706765 0.669290
vt 0.706651 0.656116
vt 0.706539 0.642550
vt 0.706438 0.628802
vt 0.711276 0.656073
vt 0.716857 0.656086
vt 0.716869 0.642575
vt 0.711220 0.642536
vt 0.722438 0.656148
vt 0.722517 0.642658
vt 0.716900 0.628890
vt 0.711179 0.628820
vt 0.722622 0.628998
vt 0.711337 0.669226
vt 0.716855 0.669219
vt 0.722373 0.669265
vt 0.729374 0.705925
vt 0.730289 0.706088
vt 0.730430 0.694360
vt 0.729505 0.694195
vt 0.729372 0.706252
vt 0.729503 0.694523
vt 0.730575 0.682248
vt 0.729641 0.682085
vt 0.729639 0.682408
vt 0.726526 0.717234
vt 0.729246 0.717369
vt 0.726626 0.705789
vt 0.730151 0.717531
vt 0.729244 0.717693
vt 0.726523 0.717828
vt 0.726623 0.706388
vt 0.726725 0.694658
vt 0.726831 0.682537
vt 0.726835 0.681948
vt 0.726729 0.694058
vt 0.722194 0.706472
vt 0.716850 0.706499
vt 0.716850 0.694766
vt 0.722250 0.694740
vt 0.711507 0.706471
vt 0.711451 0.694735
vt 0.716850 0.682633
vt 0.722308 0.682613
vt 0.711393 0.682597
vt 0.722140 0.717911
vt 0.716850 0.717939
vt 0.711562 0.717911
vt 0.707180 0.717828
vt 0.707080 0.706386
vt 0.706977 0.694649
vt 0.706871 0.682507
vt 0.704332 0.706251
vt 0.703417 0.706087
vt 0.703276 0.694347
vt 0.704201 0.694512
vt 0.704334 0.705923
vt 0.704203 0.694184
vt 0.703131 0.682207
vt 0.704065 0.682369
vt 0.704067 0.682047
vt 0.704460 0.717693
vt 0.703555 0.717531
vt 0.704462 0.717369
vt 0.707183 0.717234
vt 0.707083 0.705788
vt 0.706981 0.694049
vt 0.706875 0.681918
vt 0.711511 0.705704
vt 0.716855 0.705676
vt 0.716855 0.693941
vt 0.711455 0.693967
vt 0.722199 0.705704
vt 0.722255 0.693972
vt 0.716855 0.681822
vt 0.711398 0.681841
vt 0.722313 0.681858
vt 0.711566 0.717151
vt 0.716855 0.717123
vt 0.722144 0.717151
vt 0.728874 0.750601
vt 0.729752 0.750758
vt 0.729883 0.739841
vt 0.728996 0.739682
vt 0.728872 0.750915
vt 0.728994 0.740000
vt 0.730016 0.728772
vt 0.729120 0.728611
vt 0.729118 0.728932
vt 0.726142 0.761255
vt 0.728753 0.761385
vt 0.726236 0.750470
vt 0.729623 0.761540
vt 0.728751 0.761696
vt 0.726138 0.761826
vt 0.726232 0.751046
vt 0.726328 0.740132
vt 0.726425 0.729065
vt 0.726428 0.728478
vt 0.726331 0.739550
vt 0.721981 0.751127
vt 0.716851 0.751154
vt 0.716850 0.740241
vt 0.722033 0.740214
vt 0.711720 0.751127
vt 0.711668 0.740214
vt 0.716850 0.729175
vt 0.722086 0.729148
vt 0.711615 0.729148
vt 0.721930 0.761906
vt 0.716851 0.761932
vt 0.711772 0.761906
vt 0.707564 0.761825
vt 0.707470 0.751046
vt 0.707375 0.740132
vt 0.707278 0.729065
vt 0.704832 0.750915
vt 0.703954 0.750758
vt 0.703823 0.739841
vt 0.704710 0.740000
vt 0.704834 0.750600
vt 0.704712 0.739682
vt 0.703690 0.728771
vt 0.704586 0.728932
vt 0.704588 0.728611
vt 0.704953 0.761696
vt 0.704083 0.761540
vt 0.704955 0.761384
vt 0.707568 0.761255
vt 0.707473 0.750470
vt 0.707378 0.739550
vt 0.707281 0.728478
vt 0.711725 0.750389
vt 0.716855 0.750362
vt 0.716855 0.739441
vt 0.711673 0.739468
vt 0.721986 0.750389
vt 0.722038 0.739468
vt 0.716855 0.728368
vt 0.711620 0.728395
vt 0.722091 0.728395
vt 0.711776 0.761175
vt 0.716855 0.761149
vt 0.721934 0.761175
vt 0.728398 0.793069
vt 0.729242 0.793220
vt 0.729368 0.782762
vt 0.728515 0.782610
vt 0.728397 0.793371
vt 0.728514 0.782915
vt 0.729495 0.772205
vt 0.728634 0.772051
vt 0.728632 0.772360
vt 0.725774 0.803312
vt 0.728282 0.803436
vt 0.725865 0.792943
vt 0.729118 0.803586
vt 0.728281 0.803736
vt 0.725771 0.803860
vt 0.725862 0.793496
vt 0.725953 0.783042
vt 0.726045 0.772488
vt 0.726049 0.771923
vt 0.725956 0.782483
vt 0.721778 0.793574
vt 0.716851 0.793600
vt 0.716851 0.783146
vt 0.721828 0.783120
vt 0.711923 0.793574
vt 0.711873 0.783120
vt 0.716851 0.772593
vt 0.721879 0.772567
vt 0.711823 0.772567
vt 0.721729 0.803937
vt 0.716851 0.803962
vt 0.711973 0.803937
vt 0.707931 0.803860
vt 0.707841 0.793496
vt 0.707749 0.783042
vt 0.707657 0.772487
vt 0.705307 0.793371
vt 0.704464 0.793220
vt 0.704338 0.782762
vt 0.705190 0.782915
vt 0.705309 0.793069
vt 0.705192 0.782610
vt 0.704211 0.772205
vt 0.705072 0.772360
vt 0.705074 0.772051
vt 0.705423 0.803736
vt 0.704588 0.803586
vt 0.705425 0.803436
vt 0.707935 0.803312
vt 0.707844 0.792943
vt 0.707753 0.782483
vt 0.707661 0.771923
vt 0.711928 0.792866
vt 0.716855 0.792840
vt 0.716855 0.782378
vt 0.711878 0.782404
vt 0.721783 0.792866
vt 0.721833 0.782404
vt 0.716855 0.771817
vt 0.711827 0.771844
vt 0.721883 0.771844
vt 0.711977 0.803235
vt 0.716855 0.803210
vt 0.721733 0.803235
vt 0.727940 0.834058
vt 0.728750 0.834203
vt 0.728872 0.824073
vt 0.728053 0.823926
vt 0.727938 0.834349
vt 0.728051 0.824220
vt 0.728994 0.813869
vt 0.728167 0.813721
vt 0.728165 0.814017
vt 0.725419 0.844002
vt 0.727827 0.844121
vt 0.725507 0.833938
vt 0.728629 0.844265
vt 0.727825 0.844409
vt 0.725416 0.844528
vt 0.725504 0.834469
vt 0.725592 0.824341
vt 0.725681 0.814140
vt 0.725685 0.813598
vt 0.725595 0.823805
vt 0.721583 0.834544
vt 0.716851 0.834569
vt 0.716851 0.824442
vt 0.721631 0.824417
vt 0.712119 0.834544
vt 0.712071 0.824417
vt 0.716851 0.814241
vt 0.721680 0.814216
vt 0.712022 0.814216
vt 0.721535 0.844602
vt 0.716851 0.844626
vt 0.712167 0.844602
vt 0.708287 0.844528
vt 0.708199 0.834469
vt 0.708110 0.824341
vt 0.708021 0.814140
vt 0.705766 0.834349
vt 0.704956 0.834203
vt 0.704834 0.824073
vt 0.705653 0.824220
vt 0.705768 0.834058
vt 0.705655 0.823926
vt 0.704712 0.813869
vt 0.705539 0.814017
vt 0.705540 0.813720
vt 0.705879 0.844409
vt 0.705077 0.844265
vt 0.705881 0.844121
vt 0.708290 0.844002
vt 0.708202 0.833938
vt 0.708114 0.823805
vt 0.708025 0.813598
vt 0.712123 0.833863
vt 0.716855 0.833838
vt 0.716855 0.823704
vt 0.712075 0.823729
vt 0.721587 0.833863
vt 0.721635 0.823729
vt 0.716855 0.813496
vt 0.712026 0.813521
vt 0.721684 0.813521
vt 0.712171 0.843928
vt 0.716855 0.843904
vt 0.721539 0.843928
vt 0.727727 0.876510
vt 0.728401 0.876785
vt 0.728431 0.865008
vt 0.727675 0.864817
vt 0.727727 0.877215
vt 0.727674 0.865228
vt 0.728514 0.854363
vt 0.727724 0.854215
vt 0.727722 0.854516
vt 0.725515 0.876064
vt 0.725513 0.877373
vt 0.725346 0.865324
vt 0.725341 0.854631
vt 0.725345 0.854082
vt 0.725348 0.864580
vt 0.721614 0.876529
vt 0.716851 0.876028
vt 0.716851 0.865058
vt 0.721513 0.865183
vt 0.712088 0.876529
vt 0.712189 0.865183
vt 0.716851 0.854683
vt 0.721496 0.854677
vt 0.712206 0.854677
vt 0.708189 0.877373
vt 0.708357 0.865324
vt 0.708361 0.854631
vt 0.705977 0.877214
vt 0.705305 0.876785
vt 0.705275 0.865008
vt 0.706030 0.865228
vt 0.705980 0.876510
vt 0.706032 0.864817
vt 0.705192 0.854363
vt 0.705982 0.854515
vt 0.705984 0.854215
vt 0.708194 0.876064
vt 0.708360 0.864580
vt 0.708364 0.854082
vt 0.712093 0.874910
vt 0.716855 0.874324
vt 0.716855 0.864055
vt 0.712193 0.864241
vt 0.721617 0.874910
vt 0.721516 0.864241
vt 0.716855 0.853931
vt 0.712210 0.853975
vt 0.721500 0.853975
vt 0.720182 0.957122
vt 0.716853 0.958143
vt 0.716853 0.957703
vt 0.720612 0.956499
vt 0.713524 0.957122
vt 0.713094 0.956499
vt 0.716853 0.956250
vt 0.720980 0.954677
vt 0.712726 0.954677
vt 0.722879 0.954305
vt 0.710827 0.954305
vt 0.710008 0.953119
vt 0.709350 0.950384
vt 0.724356 0.950384
vt 0.723698 0.953119
vt 0.709204 0.950007
vt 0.708663 0.944681
vt 0.707568 0.941949
vt 0.708147 0.948003
vt 0.709213 0.939142
vt 0.708223 0.935881
vt 0.706985 0.938028
vt 0.707472 0.944523
vt 0.707727 0.931666
vt 0.710840 0.934615
vt 0.710119 0.930868
vt 0.709735 0.926427
vt 0.713533 0.932081
vt 0.716853 0.931295
vt 0.716853 0.926815
vt 0.713170 0.927812
vt 0.720173 0.932081
vt 0.720536 0.927812
vt 0.716853 0.922108
vt 0.712959 0.923186
vt 0.720748 0.923186
vt 0.722865 0.934615
vt 0.723587 0.930868
vt 0.723972 0.926427
vt 0.724493 0.939142
vt 0.725043 0.944681
vt 0.726138 0.941949
vt 0.725483 0.935881
vt 0.724502 0.950007
vt 0.725559 0.948003
vt 0.726721 0.938028
vt 0.725979 0.931666
vt 0.726234 0.944523
vt 0.765132 0.438167
vt 0.764149 0.438740
vt 0.763919 0.427042
vt 0.764731 0.426262
vt 0.765341 0.438219
vt 0.765157 0.426032
vt 0.762815 0.417020
vt 0.763385 0.416159
vt 0.764146 0.415154
vt 0.768489 0.450293
vt 0.765161 0.451246
vt 0.768240 0.436482
vt 0.764078 0.451577
vt 0.765264 0.451298
vt 0.768741 0.450422
vt 0.768761 0.436645
vt 0.768572 0.423428
vt 0.767732 0.410922
vt 0.765655 0.412752
vt 0.767492 0.423707
vt 0.774250 0.434146
vt 0.780817 0.431163
vt 0.780475 0.415367
vt 0.774049 0.419594
vt 0.787269 0.428190
vt 0.786555 0.411525
vt 0.780034 0.400736
vt 0.773598 0.405680
vt 0.785613 0.397144
vt 0.774333 0.449004
vt 0.781060 0.447282
vt 0.787739 0.445535
vt 0.793190 0.444045
vt 0.792446 0.425640
vt 0.791263 0.408165
vt 0.789605 0.394053
vt 0.795407 0.423855
vt 0.796063 0.422997
vt 0.794134 0.403332
vt 0.793817 0.405303
vt 0.794536 0.423189
vt 0.792337 0.402791
vt 0.791521 0.385823
vt 0.791579 0.389901
vt 0.789348 0.383143
vt 0.796439 0.443051
vt 0.797349 0.442632
vt 0.795990 0.442822
vt 0.792434 0.443658
vt 0.790962 0.424584
vt 0.788650 0.404454
vt 0.785176 0.383838
vt 0.785627 0.427198
vt 0.779395 0.430482
vt 0.777577 0.414267
vt 0.783444 0.408720
vt 0.773270 0.433768
vt 0.771993 0.419532
vt 0.774287 0.399491
vt 0.779797 0.390760
vt 0.769415 0.407070
vt 0.786921 0.445116
vt 0.780367 0.446927
vt 0.773861 0.448763
vt 0.765940 0.493240
vt 0.764792 0.493291
vt 0.764412 0.479093
vt 0.765565 0.479011
vt 0.765941 0.493241
vt 0.765578 0.479017
vt 0.764153 0.465116
vt 0.765289 0.464949
vt 0.765332 0.464971
vt 0.769754 0.507307
vt 0.766360 0.507443
vt 0.769385 0.493089
vt 0.765228 0.507489
vt 0.766360 0.507443
vt 0.769754 0.507307
vt 0.769389 0.493091
vt 0.769066 0.478785
vt 0.768834 0.464519
vt 0.768728 0.464465
vt 0.769035 0.478769
vt 0.774943 0.492849
vt 0.781646 0.492556
vt 0.781464 0.477956
vt 0.774685 0.478410
vt 0.788348 0.492263
vt 0.788236 0.477498
vt 0.781269 0.462903
vt 0.774473 0.463789
vt 0.788046 0.462007
vt 0.775222 0.507087
vt 0.781822 0.506821
vt 0.788421 0.506556
vt 0.793889 0.506335
vt 0.793900 0.492020
vt 0.793837 0.477114
vt 0.793625 0.461246
vt 0.797344 0.491868
vt 0.798490 0.491816
vt 0.798428 0.476774
vt 0.797297 0.476867
vt 0.797337 0.491864
vt 0.797241 0.476838
vt 0.798094 0.460541
vt 0.797031 0.460745
vt 0.796842 0.460648
vt 0.797284 0.506199
vt 0.798415 0.506153
vt 0.797284 0.506199
vt 0.793889 0.506335
vt 0.793888 0.492014
vt 0.793743 0.477066
vt 0.793306 0.461083
vt 0.788336 0.492257
vt 0.781635 0.492551
vt 0.781377 0.477911
vt 0.788134 0.477446
vt 0.774936 0.492845
vt 0.774626 0.478380
vt 0.780977 0.462753
vt 0.787700 0.461830
vt 0.774274 0.463687
vt 0.788421 0.506556
vt 0.781822 0.506821
vt 0.775222 0.507087
vt 0.767609 0.548919
vt 0.766531 0.548955
vt 0.766103 0.535324
vt 0.767198 0.535282
vt 0.767609 0.548906
vt 0.767198 0.535278
vt 0.765669 0.521508
vt 0.766782 0.521463
vt 0.766782 0.521463
vt 0.771194 0.562285
vt 0.768015 0.562391
vt 0.770840 0.548798
vt 0.766955 0.562416
vt 0.768014 0.562362
vt 0.771193 0.562231
vt 0.770840 0.548775
vt 0.770483 0.535146
vt 0.770121 0.521328
vt 0.770121 0.521329
vt 0.770483 0.535153
vt 0.776047 0.548569
vt 0.782331 0.548324
vt 0.782164 0.534679
vt 0.775776 0.534934
vt 0.788615 0.548080
vt 0.788551 0.534425
vt 0.781994 0.520851
vt 0.775501 0.521112
vt 0.788487 0.520590
vt 0.776315 0.562034
vt 0.782496 0.561802
vt 0.788678 0.561575
vt 0.793800 0.561392
vt 0.793822 0.547880
vt 0.793844 0.534215
vt 0.793867 0.520374
vt 0.797054 0.547760
vt 0.798131 0.547724
vt 0.798224 0.534043
vt 0.797129 0.534085
vt 0.797054 0.547772
vt 0.797129 0.534089
vt 0.798319 0.520195
vt 0.797206 0.520240
vt 0.797206 0.520240
vt 0.796979 0.561287
vt 0.798039 0.561262
vt 0.796979 0.561316
vt 0.793800 0.561447
vt 0.793822 0.547903
vt 0.793844 0.534222
vt 0.793867 0.520375
vt 0.788615 0.548109
vt 0.782331 0.548355
vt 0.782164 0.534688
vt 0.788551 0.534433
vt 0.776047 0.548599
vt 0.775776 0.534943
vt 0.781994 0.520852
vt 0.788487 0.520591
vt 0.775501 0.521113
vt 0.788678 0.561644
vt 0.782497 0.561876
vt 0.776316 0.562103
vt 0.769145 0.602350
vt 0.768135 0.602310
vt 0.767770 0.589003
vt 0.768795 0.589018
vt 0.769144 0.602218
vt 0.768795 0.588926
vt 0.767371 0.575737
vt 0.768414 0.575730
vt 0.768414 0.575673
vt 0.772433 0.615833
vt 0.769449 0.615822
vt 0.772174 0.602328
vt 0.768454 0.615755
vt 0.769448 0.615647
vt 0.772430 0.615513
vt 0.772172 0.602086
vt 0.771871 0.588795
vt 0.771540 0.575543
vt 0.771541 0.575647
vt 0.771872 0.588963
vt 0.777050 0.601927
vt 0.782939 0.601766
vt 0.782809 0.588434
vt 0.776827 0.588622
vt 0.788827 0.601627
vt 0.788791 0.588261
vt 0.782658 0.575144
vt 0.776578 0.575357
vt 0.788739 0.574942
vt 0.777237 0.615370
vt 0.783038 0.615236
vt 0.788839 0.615132
vt 0.793646 0.615078
vt 0.793706 0.601537
vt 0.793748 0.588135
vt 0.793777 0.574784
vt 0.796735 0.601514
vt 0.797745 0.601554
vt 0.797851 0.588096
vt 0.796825 0.588081
vt 0.796736 0.601646
vt 0.796826 0.588173
vt 0.797947 0.574694
vt 0.796904 0.574701
vt 0.796905 0.574758
vt 0.796630 0.615090
vt 0.797625 0.615156
vt 0.796631 0.615264
vt 0.793648 0.615398
vt 0.793708 0.601778
vt 0.793749 0.588304
vt 0.793778 0.574888
vt 0.788830 0.601937
vt 0.782942 0.602098
vt 0.782811 0.588665
vt 0.788793 0.588477
vt 0.777053 0.602237
vt 0.776829 0.588838
vt 0.782660 0.575287
vt 0.788740 0.575075
vt 0.776579 0.575490
vt 0.788842 0.615541
vt 0.783041 0.615675
vt 0.777240 0.615779
vt 0.770070 0.656675
vt 0.769113 0.656539
vt 0.768931 0.643047
vt 0.769901 0.643164
vt 0.770068 0.656390
vt 0.769899 0.642910
vt 0.768716 0.629385
vt 0.769698 0.629478
vt 0.769696 0.629262
vt 0.773059 0.669926
vt 0.770220 0.669808
vt 0.772941 0.656774
vt 0.769273 0.669657
vt 0.770218 0.669499
vt 0.773055 0.669361
vt 0.772938 0.656252
vt 0.772803 0.642773
vt 0.772638 0.629126
vt 0.772641 0.629521
vt 0.772806 0.643237
vt 0.777562 0.656148
vt 0.783143 0.656086
vt 0.783131 0.642575
vt 0.777483 0.642658
vt 0.788724 0.656073
vt 0.788780 0.642536
vt 0.783100 0.628890
vt 0.777378 0.628998
vt 0.788821 0.628820
vt 0.777627 0.669265
vt 0.783145 0.669219
vt 0.788663 0.669226
vt 0.793235 0.669290
vt 0.793349 0.656116
vt 0.793461 0.642550
vt 0.793562 0.628802
vt 0.796220 0.656215
vt 0.797178 0.656351
vt 0.797336 0.642741
vt 0.796367 0.642624
vt 0.796222 0.656500
vt 0.796368 0.642878
vt 0.797487 0.628939
vt 0.796505 0.628846
vt 0.796507 0.629062
vt 0.796074 0.669408
vt 0.797021 0.669559
vt 0.796076 0.669717
vt 0.793239 0.669855
vt 0.793353 0.656638
vt 0.793464 0.643015
vt 0.793565 0.629197
vt 0.788729 0.656742
vt 0.783148 0.656804
vt 0.783136 0.643213
vt 0.788784 0.643130
vt 0.777566 0.656817
vt 0.777487 0.643252
vt 0.783104 0.629433
vt 0.788825 0.629326
vt 0.777382 0.629504
vt 0.788667 0.669951
vt 0.783150 0.669997
vt 0.777631 0.669989
vt 0.770628 0.706252
vt 0.769711 0.706088
vt 0.769570 0.694360
vt 0.770497 0.694523
vt 0.770626 0.705925
vt 0.770495 0.694195
vt 0.769425 0.682248
vt 0.770361 0.682408
vt 0.770359 0.682085
vt 0.773477 0.717828
vt 0.770756 0.717693
vt 0.773377 0.706388
vt 0.769849 0.717531
vt 0.770754 0.717369
vt 0.773474 0.717234
vt 0.773374 0.705789
vt 0.773271 0.694058
vt 0.773165 0.681948
vt 0.773169 0.682537
vt 0.773275 0.694658
vt 0.777801 0.705704
vt 0.783145 0.705676
vt 0.783145 0.693942
vt 0.777745 0.693972
vt 0.788489 0.705704
vt 0.788545 0.693967
vt 0.783145 0.681822
vt 0.777687 0.681858
vt 0.788602 0.681841
vt 0.777856 0.717151
vt 0.783145 0.717123
vt 0.788434 0.717151
vt 0.792817 0.717234
vt 0.792917 0.705788
vt 0.793019 0.694049
vt 0.793125 0.681918
vt 0.795666 0.705923
vt 0.796583 0.706087
vt 0.796724 0.694347
vt 0.795797 0.694184
vt 0.795668 0.706251
vt 0.795799 0.694512
vt 0.796869 0.682207
vt 0.795933 0.682047
vt 0.795935 0.682370
vt 0.795538 0.717369
vt 0.796445 0.717531
vt 0.795540 0.717693
vt 0.792820 0.717828
vt 0.792920 0.706386
vt 0.793023 0.694649
vt 0.793129 0.682507
vt 0.788493 0.706471
vt 0.783150 0.706499
vt 0.783150 0.694766
vt 0.788549 0.694735
vt 0.777806 0.706472
vt 0.777750 0.694740
vt 0.783150 0.682633
vt 0.788607 0.682597
vt 0.777692 0.682613
vt 0.788438 0.717911
vt 0.783150 0.717939
vt 0.777860 0.717911
vt 0.771128 0.750915
vt 0.770248 0.750758
vt 0.770117 0.739841
vt 0.771006 0.740000
vt 0.771126 0.750600
vt 0.771004 0.739682
vt 0.769984 0.728772
vt 0.770882 0.728932
vt 0.770880 0.728611
vt 0.773862 0.761826
vt 0.771249 0.761696
vt 0.773768 0.751046
vt 0.770377 0.761541
vt 0.771247 0.761385
vt 0.773858 0.761255
vt 0.773764 0.750470
vt 0.773669 0.739550
vt 0.773572 0.728478
vt 0.773575 0.729065
vt 0.773672 0.740132
vt 0.778014 0.750389
vt 0.783145 0.750362
vt 0.783145 0.739441
vt 0.777962 0.739468
vt 0.788275 0.750389
vt 0.788327 0.739468
vt 0.783145 0.728367
vt 0.777909 0.728395
vt 0.788380 0.728395
vt 0.778066 0.761175
vt 0.783145 0.761149
vt 0.788224 0.761175
vt 0.792432 0.761255
vt 0.792527 0.750470
vt 0.792622 0.739550
vt 0.792719 0.728478
vt 0.795166 0.750600
vt 0.796046 0.750758
vt 0.796177 0.739841
vt 0.795288 0.739682
vt 0.795168 0.750915
vt 0.795290 0.740000
vt 0.796310 0.728771
vt 0.795412 0.728611
vt 0.795414 0.728932
vt 0.795045 0.761384
vt 0.795917 0.761540
vt 0.795047 0.761696
vt 0.792436 0.761825
vt 0.792530 0.751046
vt 0.792625 0.740132
vt 0.792722 0.729065
vt 0.788280 0.751127
vt 0.783149 0.751154
vt 0.783150 0.740241
vt 0.788332 0.740214
vt 0.778019 0.751127
vt 0.777967 0.740214
vt 0.783150 0.729175
vt 0.788385 0.729148
vt 0.777914 0.729148
vt 0.788228 0.761906
vt 0.783149 0.761932
vt 0.778070 0.761906
vt 0.771603 0.793371
vt 0.770758 0.793220
vt 0.770632 0.782762
vt 0.771486 0.782915
vt 0.771602 0.793069
vt 0.771485 0.782610
vt 0.770505 0.772205
vt 0.771368 0.772360
vt 0.771366 0.772051
vt 0.774229 0.803860
vt 0.771719 0.803736
vt 0.774138 0.793496
vt 0.770882 0.803586
vt 0.771718 0.803436
vt 0.774226 0.803312
vt 0.774135 0.792943
vt 0.774044 0.782483
vt 0.773951 0.771923
vt 0.773955 0.772488
vt 0.774047 0.783042
vt 0.778217 0.792866
vt 0.783145 0.792840
vt 0.783145 0.782378
vt 0.778167 0.782405
vt 0.788072 0.792866
vt 0.788122 0.782404
vt 0.783145 0.771817
vt 0.778117 0.771844
vt 0.788173 0.771844
vt 0.778267 0.803235
vt 0.783145 0.803210
vt 0.788023 0.803235
vt 0.792065 0.803312
vt 0.792156 0.792943
vt 0.792247 0.782483
vt 0.792339 0.771923
vt 0.794691 0.793069
vt 0.795536 0.793220
vt 0.795662 0.782762
vt 0.794808 0.782610
vt 0.794693 0.793371
vt 0.794810 0.782915
vt 0.795789 0.772205
vt 0.794926 0.772051
vt 0.794928 0.772360
vt 0.794575 0.803436
vt 0.795412 0.803586
vt 0.794577 0.803736
vt 0.792069 0.803860
vt 0.792159 0.793496
vt 0.792251 0.783042
vt 0.792343 0.772487
vt 0.788077 0.793574
vt 0.783149 0.793600
vt 0.783149 0.783146
vt 0.788127 0.783120
vt 0.778222 0.793574
vt 0.778172 0.783120
vt 0.783149 0.772593
vt 0.788177 0.772567
vt 0.778121 0.772567
vt 0.788027 0.803937
vt 0.783149 0.803962
vt 0.778271 0.803937
vt 0.772062 0.834349
vt 0.771250 0.834204
vt 0.771128 0.824073
vt 0.771949 0.824220
vt 0.772060 0.834058
vt 0.771947 0.823926
vt 0.771006 0.813869
vt 0.771835 0.814017
vt 0.771833 0.813721
vt 0.774584 0.844528
vt 0.772175 0.844409
vt 0.774496 0.834469
vt 0.771371 0.844265
vt 0.772173 0.844121
vt 0.774581 0.844002
vt 0.774493 0.833938
vt 0.774405 0.823805
vt 0.774315 0.813598
vt 0.774319 0.814140
vt 0.774408 0.824341
vt 0.778413 0.833863
vt 0.783145 0.833838
vt 0.783145 0.823704
vt 0.778365 0.823729
vt 0.787877 0.833863
vt 0.787925 0.823729
vt 0.783145 0.813496
vt 0.778316 0.813521
vt 0.787974 0.813521
vt 0.778461 0.843928
vt 0.783145 0.843904
vt 0.787829 0.843928
vt 0.791710 0.844002
vt 0.791798 0.833938
vt 0.791886 0.823805
vt 0.791975 0.813598
vt 0.794232 0.834058
vt 0.795044 0.834203
vt 0.795166 0.824073
vt 0.794345 0.823926
vt 0.794234 0.834349
vt 0.794347 0.824220
vt 0.795288 0.813869
vt 0.794460 0.813720
vt 0.794461 0.814017
vt 0.794119 0.844121
vt 0.794923 0.844265
vt 0.794121 0.844409
vt 0.791713 0.844528
vt 0.791801 0.834469
vt 0.791890 0.824341
vt 0.791979 0.814140
vt 0.787881 0.834544
vt 0.783149 0.834569
vt 0.783149 0.824442
vt 0.787929 0.824417
vt 0.778417 0.834544
vt 0.778369 0.824417
vt 0.783149 0.814241
vt 0.787978 0.814216
vt 0.778320 0.814216
vt 0.787833 0.844602
vt 0.783149 0.844626
vt 0.778465 0.844602
vt 0.772273 0.877215
vt 0.771599 0.876785
vt 0.771569 0.865008
vt 0.772326 0.865228
vt 0.772273 0.876510
vt 0.772325 0.864817
vt 0.771486 0.854363
vt 0.772278 0.854516
vt 0.772276 0.854215
vt 0.774487 0.877373
vt 0.774485 0.876064
vt 0.774652 0.864580
vt 0.774655 0.854082
vt 0.774659 0.854631
vt 0.774654 0.865324
vt 0.778383 0.874910
vt 0.783145 0.874324
vt 0.783145 0.864055
vt 0.778484 0.864241
vt 0.787907 0.874910
vt 0.787807 0.864241
vt 0.783145 0.853931
vt 0.778500 0.853975
vt 0.787790 0.853975
vt 0.791806 0.876064
vt 0.791640 0.864580
vt 0.791636 0.854082
vt 0.794020 0.876510
vt 0.794695 0.876785
vt 0.794725 0.865008
vt 0.793968 0.864817
vt 0.794023 0.877214
vt 0.793970 0.865228
vt 0.794808 0.854363
vt 0.794016 0.854215
vt 0.794018 0.854515
vt 0.791811 0.877373
vt 0.791643 0.865324
vt 0.791639 0.854631
vt 0.787912 0.876529
vt 0.783149 0.876028
vt 0.783149 0.865058
vt 0.787811 0.865183
vt 0.778386 0.876529
vt 0.778487 0.865183
vt 0.783149 0.854683
vt 0.787794 0.854677
vt 0.778504 0.854677
vt 0.786476 0.957122
vt 0.783147 0.958143
vt 0.783147 0.957703
vt 0.786906 0.956499
vt 0.779818 0.957122
vt 0.779388 0.956499
vt 0.783147 0.956250
vt 0.787274 0.954677
vt 0.779020 0.954677
vt 0.789173 0.954305
vt 0.777121 0.954305
vt 0.776302 0.953119
vt 0.775644 0.950384
vt 0.790650 0.950384
vt 0.789992 0.953119
vt 0.775498 0.950007
vt 0.774957 0.944681
vt 0.773862 0.941949
vt 0.774441 0.948003
vt 0.775507 0.939142
vt 0.774517 0.935881
vt 0.773279 0.938028
vt 0.773766 0.944523
vt 0.774021 0.931666
vt 0.777135 0.934615
vt 0.776413 0.930868
vt 0.776028 0.926427
vt 0.779827 0.932081
vt 0.783147 0.931295
vt 0.783147 0.926815
vt 0.779464 0.927812
vt 0.786467 0.932081
vt 0.786830 0.927812
vt 0.783147 0.922108
vt 0.779252 0.923186
vt 0.787041 0.923186
vt 0.789160 0.934615
vt 0.789881 0.930868
vt 0.790266 0.926427
vt 0.790787 0.939142
vt 0.791337 0.944681
vt 0.792432 0.941949
vt 0.791777 0.935881
vt 0.790796 0.950007
vt 0.791853 0.948003
vt 0.793015 0.938028
vt 0.792273 0.931666
vt 0.792528 0.944523
vt 0.721753 0.078058
vt 0.721753 0.077720
vt 0.721943 0.078058
vt 0.721753 0.092596
vt 0.721753 0.090204
vt 0.722461 0.090204
vt 0.722388 0.092596
vt 0.721753 0.085071
vt 0.721753 0.082679
vt 0.722388 0.082679
vt 0.722461 0.085071
vt 0.721753 0.097555
vt 0.721753 0.097217
vt 0.721943 0.097217
vt 0.721753 0.079048
vt 0.722120 0.079048
vt 0.721753 0.094650
vt 0.722272 0.094650
vt 0.721753 0.087637
vt 0.722486 0.087637
vt 0.721753 0.080625
vt 0.722272 0.080625
vt 0.721753 0.096226
vt 0.722120 0.096226
vt 0.723062 0.085071
vt 0.723108 0.087637
vt 0.722431 0.079048
vt 0.722711 0.080625
vt 0.722711 0.094650
vt 0.722431 0.096226
vt 0.723062 0.090204
vt 0.722927 0.082679
vt 0.722104 0.097217
vt 0.722104 0.078058
vt 0.722927 0.092596
vt 0.723287 0.082679
vt 0.723463 0.085071
vt 0.722211 0.097217
vt 0.722211 0.078058
vt 0.722638 0.079048
vt 0.723287 0.092596
vt 0.723005 0.094650
vt 0.723524 0.087637
vt 0.723005 0.080625
vt 0.722638 0.096226
vt 0.723463 0.090204
vt 0.723670 0.087637
vt 0.723604 0.090204
vt 0.723108 0.080625
vt 0.723413 0.082679
vt 0.722711 0.096226
vt 0.722249 0.097217
vt 0.722249 0.078058
vt 0.723413 0.092596
vt 0.723604 0.085071
vt 0.722711 0.079048
vt 0.723108 0.094650
vt 0.723463 0.085071
vt 0.723524 0.087637
vt 0.722638 0.079048
vt 0.723005 0.080625
vt 0.723005 0.094650
vt 0.722638 0.096226
vt 0.723463 0.090204
vt 0.723287 0.082679
vt 0.722211 0.097217
vt 0.722211 0.078058
vt 0.723287 0.092596
vt 0.223680 0.745623
vt 0.223541 0.744549
vt 0.223541 0.749004
vt 0.223680 0.747930
vt 0.722104 0.097217
vt 0.722104 0.078058
vt 0.722431 0.079048
vt 0.223321 0.743626
vt 0.223727 0.746776
vt 0.223321 0.749927
vt 0.722431 0.096226
vt 0.223091 0.746776
vt 0.223065 0.745623
vt 0.222871 0.749927
vt 0.222990 0.749004
vt 0.222715 0.742918
vt 0.721943 0.097217
vt 0.721943 0.078058
vt 0.222990 0.744549
vt 0.223065 0.747930
vt 0.222715 0.750780
vt 0.222871 0.743626
vt 0.222340 0.744549
vt 0.222340 0.743626
vt 0.222340 0.747930
vt 0.222340 0.746776
vt 0.222340 0.750780
vt 0.222340 0.749927
vt 0.222340 0.742918
vt 0.222340 0.745623
vt 0.222340 0.749004
vt 0.721753 0.097217
vt 0.721753 0.078058
vt 0.721563 0.078058
vt 0.221615 0.745623
vt 0.221690 0.744549
vt 0.221690 0.749004
vt 0.221615 0.747930
vt 0.721563 0.097217
vt 0.221965 0.750780
vt 0.221809 0.743626
vt 0.221589 0.746776
vt 0.221809 0.749927
vt 0.221965 0.742918
vt 0.221359 0.743626
vt 0.721075 0.096226
vt 0.220953 0.746776
vt 0.221000 0.745623
vt 0.221359 0.749927
vt 0.221139 0.749004
vt 0.721402 0.097217
vt 0.721402 0.078058
vt 0.221139 0.744549
vt 0.221000 0.747930
vt 0.721075 0.079048
vt 0.721295 0.078058
vt 0.720868 0.079048
vt 0.720219 0.092596
vt 0.720501 0.094650
vt 0.720042 0.085071
vt 0.719982 0.087637
vt 0.720501 0.080625
vt 0.720868 0.096226
vt 0.720042 0.090204
vt 0.720219 0.082679
vt 0.721295 0.097217
vt 0.720795 0.096226
vt 0.721257 0.097217
vt 0.721257 0.078058
vt 0.719902 0.090204
vt 0.720093 0.092596
vt 0.720093 0.082679
vt 0.719902 0.085071
vt 0.720795 0.079048
vt 0.720398 0.094650
vt 0.719836 0.087637
vt 0.720398 0.080625
vt 0.720868 0.079048
vt 0.720501 0.080625
vt 0.720501 0.094650
vt 0.720868 0.096226
vt 0.719982 0.087637
vt 0.720042 0.090204
vt 0.720219 0.082679
vt 0.721295 0.097217
vt 0.721295 0.078058
vt 0.720219 0.092596
vt 0.720042 0.085071
vt 0.721402 0.097217
vt 0.721402 0.078058
vt 0.721075 0.079048
vt 0.720579 0.092596
vt 0.720795 0.094650
vt 0.720444 0.085071
vt 0.720398 0.087637
vt 0.720795 0.080625
vt 0.721075 0.096226
vt 0.720444 0.090204
vt 0.720579 0.082679
vt 0.721234 0.080625
vt 0.721118 0.082679
vt 0.721386 0.096226
vt 0.721563 0.097217
vt 0.721563 0.078058
vt 0.721044 0.090204
vt 0.721118 0.092596
vt 0.721044 0.085071
vt 0.721386 0.079048
vt 0.721234 0.094650
vt 0.721019 0.087637
vt 0.778247 0.080625
vt 0.778247 0.079048
vt 0.778614 0.079048
vt 0.778766 0.080625
vt 0.778247 0.096226
vt 0.778247 0.094650
vt 0.778766 0.094650
vt 0.778614 0.096226
vt 0.778247 0.090204
vt 0.778247 0.087637
vt 0.778981 0.087637
vt 0.778956 0.090204
vt 0.778247 0.082679
vt 0.778882 0.082679
vt 0.778247 0.097217
vt 0.778437 0.097217
vt 0.778247 0.078058
vt 0.778247 0.077720
vt 0.778437 0.078058
vt 0.778247 0.092596
vt 0.778882 0.092596
vt 0.778247 0.085071
vt 0.778956 0.085071
vt 0.778247 0.097555
vt 0.779556 0.090204
vt 0.779421 0.092596
vt 0.779421 0.082679
vt 0.779556 0.085071
vt 0.778598 0.097217
vt 0.778598 0.078058
vt 0.778925 0.079048
vt 0.779205 0.094650
vt 0.779602 0.087637
vt 0.779205 0.080625
vt 0.778925 0.096226
vt 0.780018 0.087637
vt 0.779958 0.090204
vt 0.779499 0.080625
vt 0.779781 0.082679
vt 0.779132 0.096226
vt 0.778705 0.097217
vt 0.778705 0.078058
vt 0.779781 0.092596
vt 0.779958 0.085071
vt 0.779132 0.079048
vt 0.779499 0.094650
vt 0.779907 0.092596
vt 0.779602 0.094650
vt 0.780098 0.085071
vt 0.780164 0.087637
vt 0.779205 0.079048
vt 0.779602 0.080625
vt 0.779205 0.096226
vt 0.780098 0.090204
vt 0.779907 0.082679
vt 0.778743 0.097217
vt 0.778743 0.078058
vt 0.778705 0.078058
vt 0.779958 0.090204
vt 0.779781 0.092596
vt 0.779781 0.082679
vt 0.779958 0.085071
vt 0.778705 0.097217
vt 0.779132 0.079048
vt 0.779499 0.094650
vt 0.780018 0.087637
vt 0.779499 0.080625
vt 0.779132 0.096226
vt 0.281141 0.743626
vt 0.778925 0.096226
vt 0.281547 0.746776
vt 0.281500 0.745623
vt 0.281141 0.749927
vt 0.281361 0.749004
vt 0.778598 0.097217
vt 0.778598 0.078058
vt 0.281361 0.744549
vt 0.281500 0.747930
vt 0.778925 0.079048
vt 0.778437 0.078058
vt 0.280535 0.750780
vt 0.280810 0.744549
vt 0.280691 0.743626
vt 0.280885 0.747930
vt 0.280911 0.746776
vt 0.280691 0.749927
vt 0.280535 0.742918
vt 0.280885 0.745623
vt 0.280810 0.749004
vt 0.778437 0.097217
vt 0.280160 0.742918
vt 0.778247 0.097217
vt 0.778247 0.078058
vt 0.280160 0.745623
vt 0.280160 0.744549
vt 0.280160 0.749004
vt 0.280160 0.747930
vt 0.280160 0.750780
vt 0.280160 0.743626
vt 0.280160 0.746776
vt 0.280160 0.749927
vt 0.279785 0.750780
vt 0.279629 0.749927
vt 0.279629 0.743626
vt 0.279785 0.742918
vt 0.279409 0.746776
vt 0.279435 0.745623
vt 0.279510 0.749004
vt 0.778057 0.097217
vt 0.778057 0.078058
vt 0.279510 0.744549
vt 0.279435 0.747930
vt 0.777896 0.097217
vt 0.777896 0.078058
vt 0.777569 0.079048
vt 0.278959 0.744549
vt 0.279179 0.743626
vt 0.278820 0.747930
vt 0.278773 0.746776
vt 0.279179 0.749927
vt 0.777569 0.096226
vt 0.278820 0.745623
vt 0.278959 0.749004
vt 0.776995 0.080625
vt 0.776713 0.082679
vt 0.777362 0.096226
vt 0.777789 0.097217
vt 0.777789 0.078058
vt 0.776537 0.090204
vt 0.776713 0.092596
vt 0.776537 0.085071
vt 0.777362 0.079048
vt 0.776995 0.094650
vt 0.776476 0.087637
vt 0.777289 0.079048
vt 0.776892 0.080625
vt 0.776892 0.094650
vt 0.777289 0.096226
vt 0.776330 0.087637
vt 0.776396 0.090204
vt 0.776587 0.082679
vt 0.777751 0.097217
vt 0.777751 0.078058
vt 0.776587 0.092596
vt 0.776396 0.085071
vt 0.776713 0.082679
vt 0.776537 0.085071
vt 0.777789 0.097217
vt 0.777789 0.078058
vt 0.777362 0.079048
vt 0.776713 0.092596
vt 0.776995 0.094650
vt 0.776476 0.087637
vt 0.776995 0.080625
vt 0.777362 0.096226
vt 0.776537 0.090204
vt 0.777289 0.080625
vt 0.777073 0.082679
vt 0.777569 0.096226
vt 0.777896 0.097217
vt 0.777896 0.078058
vt 0.776938 0.090204
vt 0.777073 0.092596
vt 0.776938 0.085071
vt 0.777569 0.079048
vt 0.777289 0.094650
vt 0.776892 0.087637
vt 0.777539 0.085071
vt 0.777514 0.087637
vt 0.777880 0.079048
vt 0.777728 0.080625
vt 0.777728 0.094650
vt 0.777880 0.096226
vt 0.777539 0.090204
vt 0.777612 0.082679
vt 0.778057 0.097217
vt 0.778057 0.078058
vt 0.777612 0.092596
vn 0.1630 -0.3798 0.9106
vn 0.0828 -0.3193 0.9440
vn 0.0000 -0.3515 0.9362
vn -0.0000 -0.3926 0.9197
vn 0.0000 -0.2396 0.9709
vn -0.0828 -0.3193 0.9440
vn -0.1630 -0.3798 0.9106
vn 0.6815 -0.3389 0.6486
vn 0.3221 -0.3253 0.8891
vn 0.2475 -0.3836 0.8897
vn 0.1856 -0.2485 0.9507
vn -0.0000 -0.3591 0.9333
vn -0.0000 -0.0324 0.9995
vn -0.0864 -0.1687 0.9819
vn 0.0864 -0.1687 0.9819
vn -0.1856 -0.2485 0.9507
vn -0.6815 -0.3389 0.6486
vn -0.2475 -0.3836 0.8897
vn -0.3221 -0.3253 0.8891
vn -0.3540 -0.8105 0.4665
vn -0.0000 -0.8652 0.5015
vn 0.0000 -0.8594 0.5113
vn -0.3526 -0.8061 0.4754
vn 0.3540 -0.8105 0.4666
vn 0.3526 -0.8061 0.4754
vn 0.0000 -0.8489 0.5286
vn -0.3489 -0.7982 0.4911
vn 0.3489 -0.7982 0.4911
vn -0.7065 -0.6218 0.3380
vn -0.3545 -0.8151 0.4581
vn -0.7061 -0.6182 0.3453
vn -0.0000 -0.8702 0.4927
vn 0.3545 -0.8152 0.4581
vn 0.7065 -0.6218 0.3379
vn 0.7061 -0.6182 0.3453
vn 0.7045 -0.6167 0.3512
vn 0.7007 -0.6148 0.3620
vn 0.6937 -0.6151 0.3747
vn 0.3419 -0.7896 0.5096
vn 0.0000 -0.8359 0.5489
vn -0.3419 -0.7896 0.5096
vn -0.7007 -0.6148 0.3620
vn -0.6937 -0.6151 0.3747
vn -0.7046 -0.6167 0.3512
vn -0.9342 0.2860 -0.2131
vn -0.9995 -0.0166 -0.0272
vn -0.9995 -0.0160 -0.0271
vn -0.9335 0.2889 -0.2121
vn -0.9343 -0.3189 0.1593
vn -0.9339 -0.3191 0.1614
vn -0.9995 -0.0148 -0.0271
vn -0.9320 0.2946 -0.2113
vn -0.9328 -0.3201 0.1655
vn -0.7065 0.5813 -0.4036
vn -0.9342 0.2819 -0.2186
vn -0.7060 0.5867 -0.3967
vn -0.9993 -0.0198 -0.0322
vn -0.9342 -0.3219 0.1536
vn -0.9309 -0.3232 0.1699
vn -0.9995 -0.0122 -0.0275
vn -0.9290 0.3050 -0.2096
vn -0.7002 0.6008 -0.3856
vn -0.6931 0.6155 -0.3753
vn -0.7042 0.5919 -0.3921
vn 0.3540 0.7814 -0.5139
vn 0.0000 0.8371 -0.5470
vn -0.0000 0.8435 -0.5371
vn 0.3524 0.7876 -0.5054
vn -0.3540 0.7814 -0.5139
vn -0.3524 0.7876 -0.5054
vn -0.0000 0.8529 -0.5221
vn 0.3490 0.7971 -0.4928
vn -0.3490 0.7971 -0.4928
vn 0.7065 0.5814 -0.4036
vn 0.3545 0.7756 -0.5223
vn 0.7060 0.5867 -0.3967
vn 0.0000 0.8312 -0.5560
vn -0.3545 0.7756 -0.5223
vn -0.3432 0.8112 -0.4735
vn 0.0000 0.8663 -0.4996
vn 0.3432 0.8112 -0.4735
vn 0.7002 0.6008 -0.3856
vn 0.6931 0.6155 -0.3753
vn 0.7042 0.5919 -0.3921
vn 0.9296 -0.3313 0.1618
vn 0.9996 -0.0063 -0.0293
vn 0.9996 0.0026 -0.0297
vn 0.9301 -0.3457 0.1244
vn 0.9246 0.3254 -0.1979
vn 0.9213 0.3549 -0.1592
vn 0.9996 0.0141 -0.0240
vn 0.9337 -0.3550 0.0461
vn 0.9204 0.3831 -0.0785
vn 0.9309 -0.3232 0.1699
vn 0.6866 -0.6284 0.3655
vn 0.9995 -0.0122 -0.0275
vn 0.9290 0.3050 -0.2096
vn 0.6835 0.6437 -0.3441
vn 0.6766 0.6865 -0.2664
vn 0.6752 0.7277 -0.1207
vn 0.6758 0.7315 0.0905
vn 0.9206 0.3880 0.0445
vn 0.9998 0.0205 -0.0070
vn 0.9360 -0.3466 -0.0622
vn 0.6957 -0.7058 0.1336
vn 0.7029 -0.7011 -0.1197
vn 0.6853 -0.6646 0.2977
vn -0.3340 -0.7981 0.5014
vn -0.0000 -0.8408 0.5413
vn -0.0000 -0.8903 0.4554
vn -0.3311 -0.8455 0.4188
vn 0.3340 -0.7981 0.5014
vn 0.3311 -0.8455 0.4189
vn -0.0000 -0.9746 0.2241
vn -0.3398 -0.9186 0.2020
vn 0.3398 -0.9186 0.2020
vn -0.6866 -0.6284 0.3655
vn 0.3464 -0.9246 -0.1585
vn -0.0000 -0.9855 -0.1698
vn -0.3464 -0.9246 -0.1585
vn -0.6957 -0.7058 0.1336
vn -0.7029 -0.7011 -0.1198
vn -0.6853 -0.6646 0.2977
vn -0.9246 0.3254 -0.1979
vn -0.9996 -0.0063 -0.0293
vn -0.9996 0.0026 -0.0297
vn -0.9213 0.3549 -0.1592
vn -0.9296 -0.3313 0.1618
vn -0.9301 -0.3457 0.1244
vn -0.9996 0.0141 -0.0240
vn -0.9204 0.3831 -0.0785
vn -0.9337 -0.3550 0.0461
vn -0.6835 0.6437 -0.3441
vn -0.9360 -0.3465 -0.0622
vn -0.9998 0.0205 -0.0070
vn -0.9206 0.3879 0.0445
vn -0.6752 0.7277 -0.1207
vn -0.6758 0.7315 0.0905
vn -0.6766 0.6865 -0.2664
vn 0.3359 0.8395 -0.4270
vn 0.0000 0.8939 -0.4484
vn 0.0000 0.9407 -0.3393
vn 0.3310 0.8860 -0.3247
vn -0.3359 0.8395 -0.4270
vn -0.3310 0.8860 -0.3247
vn 0.0000 0.9891 -0.1474
vn 0.3304 0.9330 -0.1423
vn -0.3305 0.9330 -0.1423
vn -0.3312 0.9362 0.1175
vn -0.0000 0.9922 0.1248
vn 0.3312 0.9362 0.1175
vn 0.9310 -0.3261 -0.1639
vn 0.9999 0.0121 0.0074
vn 0.9999 0.0027 0.0113
vn 0.9276 -0.2981 -0.2253
vn 0.9209 0.3559 0.1588
vn 0.9224 0.3142 0.2245
vn 0.9999 -0.0034 0.0111
vn 0.9283 -0.2767 -0.2484
vn 0.9260 0.2814 0.2518
vn 0.6880 -0.6363 -0.3490
vn 0.6751 0.6789 0.2887
vn 0.6773 0.6109 0.4099
vn 0.6849 0.5583 0.4682
vn 0.6942 0.5281 0.4890
vn 0.9300 0.2621 0.2578
vn 0.9999 -0.0072 0.0099
vn 0.9306 -0.2674 -0.2500
vn 0.6843 -0.5206 -0.5105
vn 0.6931 -0.5087 -0.5107
vn 0.6796 -0.5633 -0.4698
vn -0.3330 -0.8145 -0.4750
vn -0.0000 -0.8590 -0.5120
vn 0.0000 -0.7409 -0.6716
vn -0.3269 -0.7070 -0.6271
vn 0.3330 -0.8145 -0.4750
vn 0.3269 -0.7070 -0.6271
vn 0.0000 -0.6903 -0.7236
vn -0.3326 -0.6568 -0.6767
vn 0.3326 -0.6568 -0.6767
vn -0.6880 -0.6363 -0.3490
vn 0.3417 -0.6515 -0.6773
vn 0.0000 -0.6891 -0.7247
vn -0.3417 -0.6515 -0.6773
vn -0.6843 -0.5206 -0.5105
vn -0.6931 -0.5087 -0.5107
vn -0.6797 -0.5633 -0.4698
vn -0.9209 0.3559 0.1588
vn -0.9999 0.0121 0.0074
vn -0.9999 0.0027 0.0113
vn -0.9224 0.3142 0.2245
vn -0.9310 -0.3261 -0.1639
vn -0.9276 -0.2981 -0.2253
vn -0.9999 -0.0034 0.0111
vn -0.9260 0.2814 0.2518
vn -0.9283 -0.2767 -0.2484
vn -0.6751 0.6789 0.2886
vn -0.9306 -0.2674 -0.2500
vn -0.9999 -0.0072 0.0099
vn -0.9300 0.2621 0.2578
vn -0.6849 0.5583 0.4682
vn -0.6942 0.5281 0.4890
vn -0.6773 0.6109 0.4099
vn 0.3300 0.8719 0.3617
vn -0.0000 0.9246 0.3808
vn -0.0000 0.8399 0.5427
vn 0.3311 0.7906 0.5152
vn -0.3300 0.8719 0.3617
vn -0.3311 0.7906 0.5152
vn 0.0000 0.7778 0.6285
vn 0.3366 0.7299 0.5949
vn -0.3366 0.7299 0.5949
vn -0.3438 0.6969 0.6294
vn 0.0000 0.7446 0.6676
vn 0.3438 0.6969 0.6294
vn 0.9329 -0.2650 -0.2439
vn 0.9999 -0.0086 0.0098
vn 0.9999 -0.0093 0.0100
vn 0.9342 -0.2646 -0.2394
vn 0.9326 0.2532 0.2571
vn 0.9340 0.2484 0.2566
vn 0.9999 -0.0097 0.0101
vn 0.9347 -0.2647 -0.2372
vn 0.9347 0.2459 0.2568
vn 0.7007 -0.5110 -0.4979
vn 0.7009 0.5137 0.4948
vn 0.7047 0.5051 0.4982
vn 0.7064 0.5002 0.5008
vn 0.7067 0.4978 0.5028
vn 0.9348 0.2450 0.2573
vn 0.9999 -0.0099 0.0102
vn 0.9348 -0.2652 -0.2364
vn 0.7064 -0.5171 -0.4833
vn 0.7067 -0.5189 -0.4810
vn 0.7048 -0.5147 -0.4883
vn -0.3489 -0.6636 -0.6618
vn 0.0000 -0.7055 -0.7087
vn -0.0000 -0.7183 -0.6957
vn -0.3527 -0.6736 -0.6495
vn 0.3489 -0.6636 -0.6618
vn 0.3527 -0.6736 -0.6495
vn -0.0000 -0.7254 -0.6883
vn -0.3542 -0.6793 -0.6427
vn 0.3542 -0.6793 -0.6427
vn -0.7007 -0.5110 -0.4979
vn 0.3544 -0.6825 -0.6391
vn 0.0000 -0.7292 -0.6843
vn -0.3544 -0.6826 -0.6391
vn -0.7064 -0.5171 -0.4833
vn -0.7067 -0.5189 -0.4810
vn -0.7048 -0.5147 -0.4883
vn -0.8951 -0.1196 0.4296
vn -0.8168 0.0854 0.5706
vn -0.9463 0.1054 0.3056
vn -0.9792 -0.0096 0.2026
vn -0.8109 0.2762 0.5159
vn -0.9444 0.2045 0.2574
vn -0.9906 0.1056 0.0874
vn -0.7560 -0.1749 0.6308
vn -0.9468 -0.2219 0.2330
vn -0.5159 0.1677 0.8401
vn -0.9968 -0.0589 0.0545
vn -0.6572 0.4128 0.6306
vn -0.8709 0.3618 0.3326
vn 0.2024 0.3433 0.9171
vn -0.9508 0.2621 0.1650
vn -0.9933 0.1150 -0.0113
vn -0.9986 0.0520 0.0020
vn -0.9838 0.1720 0.0508
vn -0.9326 0.2532 0.2571
vn -0.9999 -0.0086 0.0098
vn -0.9999 -0.0093 0.0100
vn -0.9340 0.2484 0.2566
vn -0.9329 -0.2650 -0.2439
vn -0.9342 -0.2646 -0.2394
vn -0.9999 -0.0097 0.0101
vn -0.9346 0.2459 0.2568
vn -0.9347 -0.2647 -0.2372
vn -0.7009 0.5137 0.4948
vn -0.9348 -0.2652 -0.2364
vn -0.9999 -0.0099 0.0102
vn -0.9348 0.2450 0.2573
vn -0.7064 0.5002 0.5009
vn -0.7067 0.4978 0.5028
vn -0.7047 0.5051 0.4982
vn 0.3495 0.6812 0.6433
vn 0.0000 0.7290 0.6845
vn 0.0000 0.7187 0.6953
vn 0.3527 0.6712 0.6520
vn -0.3495 0.6812 0.6433
vn -0.3527 0.6712 0.6520
vn -0.0000 0.7119 0.7023
vn 0.3542 0.6648 0.6577
vn -0.3542 0.6648 0.6577
vn -0.3544 0.6612 0.6612
vn -0.0000 0.7079 0.7063
vn 0.3545 0.6612 0.6611
vn 0.9341 -0.2679 -0.2358
vn 0.9999 -0.0102 0.0105
vn 0.9999 -0.0113 0.0110
vn 0.9320 -0.2761 -0.2350
vn 0.9342 0.2445 0.2597
vn 0.9325 0.2441 0.2663
vn 0.9998 -0.0136 0.0117
vn 0.9262 -0.2943 -0.2358
vn 0.9284 0.2453 0.2792
vn 0.7049 -0.5249 -0.4771
vn 0.7051 0.4944 0.5083
vn 0.7000 0.4871 0.5223
vn 0.6885 0.4769 0.5464
vn 0.6662 0.4727 0.5769
vn 0.9197 0.2590 0.2953
vn 0.9999 -0.0104 0.0055
vn 0.9120 -0.3283 -0.2459
vn 0.6820 -0.5761 -0.4506
vn 0.6416 -0.6401 -0.4226
vn 0.6986 -0.5417 -0.4675
vn 0.5976 0.1776 -0.7819
vn 0.7135 -0.2179 -0.6659
vn 0.5401 -0.1699 -0.8243
vn 0.4120 0.1370 -0.9008
vn 0.5829 -0.5081 -0.6341
vn 0.4150 -0.3498 -0.8399
vn 0.2515 -0.0549 -0.9663
vn 0.4324 0.5498 -0.7147
vn 0.3400 0.3224 -0.8834
vn 0.3660 0.3916 -0.8442
vn 0.3565 -0.1060 -0.9283
vn 0.2278 0.3097 -0.9231
vn 0.1426 -0.6461 -0.7498
vn 0.4036 -0.5814 -0.7065
vn 0.1827 -0.4690 -0.8641
vn 0.2592 -0.4325 -0.8636
vn 0.1023 -0.0133 -0.9947
vn 0.1475 0.1329 -0.9801
vn 0.1602 -0.1943 -0.9678
vn -0.3529 -0.6907 -0.6312
vn 0.0000 -0.7380 -0.6748
vn 0.0000 -0.7609 -0.6488
vn -0.3473 -0.7123 -0.6100
vn 0.3529 -0.6907 -0.6312
vn 0.3473 -0.7123 -0.6100
vn 0.0000 -0.8021 -0.5971
vn -0.3325 -0.7525 -0.5685
vn 0.3325 -0.7525 -0.5685
vn -0.7049 -0.5249 -0.4771
vn 0.2975 -0.8196 -0.4897
vn 0.0000 -0.8673 -0.4978
vn -0.2975 -0.8196 -0.4896
vn -0.6820 -0.5761 -0.4506
vn -0.6416 -0.6401 -0.4226
vn -0.6986 -0.5417 -0.4675
vn -0.2396 0.8647 0.4415
vn -0.2977 0.8954 0.3312
vn -0.4445 0.7795 0.4414
vn -0.4144 0.7197 0.5571
vn -0.4288 0.8734 0.2309
vn -0.5778 0.7181 0.3880
vn -0.5946 0.6013 0.5337
vn 0.0000 0.8076 0.5898
vn -0.0849 0.9402 0.3300
vn -0.1888 0.8394 0.5097
vn -0.1558 0.9674 0.1996
vn -0.3937 0.6339 0.6657
vn -0.3301 0.9415 0.0677
vn -0.6029 0.7788 0.1732
vn -0.2176 0.9720 0.0883
vn -0.7372 0.6147 0.2806
vn -0.5922 0.5515 0.5874
vn -0.7531 0.5163 0.4077
vn -0.9342 0.2445 0.2597
vn -0.9999 -0.0102 0.0105
vn -0.9999 -0.0113 0.0110
vn -0.9325 0.2441 0.2663
vn -0.9341 -0.2679 -0.2358
vn -0.9320 -0.2760 -0.2350
vn -0.9998 -0.0136 0.0117
vn -0.9284 0.2453 0.2792
vn -0.9262 -0.2943 -0.2358
vn -0.7051 0.4944 0.5083
vn -0.9120 -0.3283 -0.2459
vn -0.9999 -0.0104 0.0055
vn -0.9197 0.2590 0.2953
vn -0.6885 0.4769 0.5464
vn -0.6662 0.4727 0.5769
vn -0.7000 0.4871 0.5223
vn 0.3531 0.6543 0.6688
vn 0.0000 0.6995 0.7146
vn 0.0000 0.6795 0.7337
vn 0.3486 0.6378 0.6868
vn -0.3531 0.6543 0.6688
vn -0.3486 0.6378 0.6868
vn -0.0000 0.6478 0.7618
vn 0.3387 0.6122 0.7145
vn -0.3387 0.6122 0.7145
vn -0.3207 0.5836 0.7460
vn -0.0000 0.6101 0.7923
vn 0.3207 0.5836 0.7460
vn 0.0000 0.9694 0.2456
vn 0.0595 0.9926 0.1060
vn 0.0000 0.9985 0.0540
vn -0.0595 0.9926 0.1060
vn 0.0787 0.9963 -0.0352
vn 0.0000 0.9958 -0.0913
vn -0.0787 0.9963 -0.0352
vn 0.0849 0.9402 0.3300
vn 0.1558 0.9674 0.1996
vn 0.3301 0.9415 0.0677
vn 0.0612 0.9819 -0.1793
vn 0.2176 0.9720 0.0883
vn 0.0000 0.9412 -0.3379
vn -0.0612 0.9819 -0.1794
vn 0.8758 -0.3886 -0.2863
vn 0.9972 0.0660 -0.0350
vn 0.7610 0.6486 0.0165
vn 0.5207 -0.7923 0.3180
vn 0.8869 0.3513 0.2999
vn 0.6866 0.6487 0.3284
vn 0.0256 0.9331 0.3586
vn -0.2112 0.8424 0.4958
vn 0.2030 0.8853 0.4183
vn 0.5326 -0.7749 -0.3403
vn 0.6134 0.5125 0.6008
vn 0.4750 0.6310 0.6133
vn 0.2294 0.7644 0.6026
vn -0.0087 0.8556 0.5176
vn -0.1537 0.8673 0.4736
vn -0.3367 0.7685 0.5441
vn -0.4689 0.5297 0.7068
vn -0.5456 -0.3081 0.7794
vn -0.4147 0.2117 0.8850
vn 0.2073 -0.9719 0.1111
vn -0.2122 -0.9321 -0.2935
vn 0.0000 -0.9650 -0.2621
vn 0.0000 -0.9556 0.2948
vn -0.0144 -0.9711 0.2384
vn 0.2122 -0.9321 -0.2935
vn 0.0144 -0.9711 0.2384
vn -0.0000 -0.5082 0.8612
vn 0.2300 -0.4876 0.8422
vn -0.2300 -0.4876 0.8422
vn -0.5326 -0.7749 -0.3403
vn -0.2123 -0.0003 0.9772
vn -0.0000 -0.0594 0.9982
vn 0.2123 -0.0003 0.9772
vn 0.5456 -0.3081 0.7794
vn 0.4147 0.2117 0.8850
vn -0.2073 -0.9719 0.1111
vn -0.8869 0.3513 0.2999
vn -0.9972 0.0660 -0.0350
vn -0.7609 0.6486 0.0165
vn -0.6866 0.6487 0.3284
vn -0.8758 -0.3886 -0.2863
vn -0.5206 -0.7923 0.3181
vn -0.0256 0.9331 0.3586
vn -0.2030 0.8853 0.4183
vn 0.2113 0.8423 0.4958
vn -0.6134 0.5125 0.6009
vn 0.4689 0.5297 0.7068
vn 0.3367 0.7685 0.5441
vn 0.1537 0.8673 0.4736
vn -0.2294 0.7644 0.6026
vn 0.0087 0.8556 0.5176
vn -0.4750 0.6310 0.6133
vn 0.2864 0.5724 0.7684
vn -0.0000 0.5823 0.8130
vn -0.0000 0.5772 0.8166
vn 0.2234 0.5940 0.7728
vn -0.2864 0.5724 0.7684
vn -0.2234 0.5940 0.7728
vn -0.0000 0.6054 0.7959
vn 0.1317 0.6481 0.7501
vn -0.1317 0.6481 0.7501
vn -0.0361 0.7626 0.6459
vn -0.0000 0.7206 0.6933
vn 0.0361 0.7626 0.6458
vn 0.9906 0.1056 0.0874
vn 0.9444 0.2045 0.2574
vn 0.9463 0.1054 0.3056
vn 0.9792 -0.0096 0.2026
vn 0.8109 0.2762 0.5159
vn 0.8168 0.0854 0.5706
vn 0.8951 -0.1196 0.4296
vn 0.9933 0.1150 -0.0113
vn 0.9838 0.1720 0.0508
vn 0.9986 0.0520 0.0020
vn 0.9508 0.2621 0.1650
vn 0.9968 -0.0589 0.0545
vn 0.6572 0.4128 0.6306
vn -0.2024 0.3433 0.9171
vn 0.8709 0.3618 0.3326
vn 0.5159 0.1677 0.8401
vn 0.9468 -0.2219 0.2330
vn 0.7560 -0.1749 0.6308
vn -0.8436 0.4817 0.2372
vn -0.9509 0.3066 -0.0421
vn -0.9981 -0.0609 0.0085
vn -0.9392 0.0215 0.3427
vn -0.9370 0.0649 -0.3432
vn -0.9338 -0.1587 -0.3206
vn -0.9242 -0.3751 0.0714
vn -0.8233 -0.4147 0.3876
vn -0.9043 -0.3274 -0.2740
vn -0.3857 0.8730 0.2985
vn -0.5121 0.8546 0.0858
vn -0.6535 0.5104 0.5590
vn -0.6997 0.7098 -0.0820
vn -0.8402 0.4201 -0.3430
vn -0.7325 0.0509 -0.6789
vn -0.7265 -0.1451 -0.6717
vn -0.7150 -0.2320 -0.6595
vn -0.7120 -0.2896 -0.6397
vn -0.7100 -0.3633 -0.6033
vn -0.8243 -0.5350 -0.1852
vn -0.7156 -0.6827 0.1479
vn -0.5267 -0.7685 0.3634
vn -0.5990 -0.4329 0.6736
vn -0.3253 -0.8004 0.5036
vn -0.7234 0.0383 0.6893
vn 0.5946 0.6013 0.5338
vn 0.5778 0.7181 0.3880
vn 0.4445 0.7795 0.4414
vn 0.4144 0.7197 0.5571
vn 0.4288 0.8734 0.2309
vn 0.2977 0.8954 0.3312
vn 0.2396 0.8647 0.4415
vn 0.7531 0.5163 0.4077
vn 0.5923 0.5516 0.5873
vn 0.7372 0.6147 0.2806
vn 0.3937 0.6340 0.6656
vn 0.6029 0.7788 0.1732
vn 0.1888 0.8394 0.5097
vn 0.3738 0.3548 0.8570
vn 0.0000 0.1637 0.9865
vn 0.0000 -0.0836 0.9965
vn 0.3690 -0.0287 0.9290
vn -0.3738 0.3548 0.8570
vn -0.3690 -0.0287 0.9290
vn 0.0000 -0.4456 0.8952
vn 0.2921 -0.4421 0.8481
vn -0.2922 -0.4421 0.8481
vn 0.3857 0.8730 0.2985
vn 0.2426 0.7535 0.6111
vn 0.6535 0.5104 0.5590
vn -0.0000 0.5325 0.8464
vn -0.2426 0.7535 0.6111
vn -0.1424 -0.8085 0.5710
vn 0.0000 -0.8111 0.5849
vn 0.1424 -0.8085 0.5710
vn 0.5990 -0.4329 0.6736
vn 0.3253 -0.8004 0.5036
vn 0.7234 0.0383 0.6893
vn 0.9370 0.0649 -0.3432
vn 0.9509 0.3066 -0.0421
vn 0.9981 -0.0609 0.0085
vn 0.9338 -0.1587 -0.3206
vn 0.8436 0.4817 0.2372
vn 0.9392 0.0215 0.3427
vn 0.9242 -0.3751 0.0714
vn 0.9043 -0.3274 -0.2740
vn 0.8233 -0.4146 0.3876
vn 0.7325 0.0509 -0.6789
vn 0.8402 0.4201 -0.3430
vn 0.7265 -0.1451 -0.6717
vn 0.6997 0.7098 -0.0820
vn 0.5121 0.8546 0.0858
vn 0.5267 -0.7685 0.3634
vn 0.7156 -0.6827 0.1479
vn 0.8243 -0.5350 -0.1852
vn 0.7120 -0.2896 -0.6396
vn 0.7100 -0.3633 -0.6033
vn 0.7150 -0.2320 -0.6595
vn -0.3666 -0.2439 -0.8978
vn -0.0000 -0.2628 -0.9648
vn 0.0000 -0.2613 -0.9653
vn -0.3649 -0.2590 -0.8943
vn 0.3666 -0.2439 -0.8978
vn 0.3649 -0.2590 -0.8943
vn 0.0000 -0.2541 -0.9672
vn -0.3676 -0.2633 -0.8919
vn 0.3676 -0.2633 -0.8919
vn -0.3747 -0.1917 -0.9071
vn 0.0000 -0.2448 -0.9696
vn 0.3747 -0.1917 -0.9071
vn 0.3718 -0.2619 -0.8906
vn -0.0000 -0.2403 -0.9707
vn -0.3718 -0.2619 -0.8906
vn 0.9544 -0.0116 -0.2982
vn 0.9966 0.0127 0.0812
vn 0.9795 0.1780 0.0940
vn 0.9397 0.0710 -0.3346
vn 0.9097 -0.1162 0.3986
vn 0.8737 0.1663 0.4573
vn 0.9441 0.3180 0.0870
vn 0.9259 0.2399 -0.2918
vn 0.8174 0.3953 0.4191
vn 0.8355 -0.1319 -0.5334
vn 0.9820 -0.0055 -0.1890
vn 0.6931 -0.1479 -0.7055
vn 0.9941 -0.0858 0.0657
vn 0.9118 -0.3058 0.2739
vn 0.6469 -0.5582 0.5195
vn 0.6324 -0.3158 0.7073
vn 0.6083 0.0065 0.7937
vn 0.5375 0.2617 0.8016
vn 0.2882 0.6175 0.7319
vn 0.4756 0.7939 0.3790
vn 0.5811 0.8126 0.0449
vn 0.5875 0.7419 -0.3230
vn 0.6314 -0.0044 -0.7754
vn 0.6428 -0.1405 -0.7530
vn -0.3174 -0.2988 -0.9000
vn 0.0000 -0.3740 -0.9274
vn -0.0000 -0.3502 -0.9367
vn -0.2678 -0.2998 -0.9156
vn 0.3174 -0.2988 -0.9000
vn 0.2678 -0.2998 -0.9156
vn -0.0000 -0.2609 -0.9654
vn -0.2542 -0.2063 -0.9449
vn 0.2542 -0.2063 -0.9449
vn -0.8355 -0.1319 -0.5334
vn -0.3723 -0.3301 -0.8674
vn -0.6931 -0.1479 -0.7055
vn 0.0000 -0.3974 -0.9176
vn 0.3723 -0.3301 -0.8674
vn 0.2713 0.0789 -0.9592
vn 0.0000 -0.0130 -0.9999
vn -0.2713 0.0789 -0.9592
vn -0.6314 -0.0044 -0.7754
vn -0.4324 0.5498 -0.7147
vn -0.6428 -0.1405 -0.7530
vn -0.9097 -0.1162 0.3986
vn -0.9966 0.0127 0.0812
vn -0.9795 0.1780 0.0940
vn -0.8737 0.1663 0.4573
vn -0.9544 -0.0116 -0.2982
vn -0.9397 0.0710 -0.3346
vn -0.9441 0.3180 0.0870
vn -0.8174 0.3953 0.4191
vn -0.9259 0.2399 -0.2918
vn -0.6469 -0.5582 0.5195
vn -0.9118 -0.3058 0.2739
vn -0.6324 -0.3158 0.7073
vn -0.9941 -0.0858 0.0657
vn -0.9820 -0.0055 -0.1890
vn -0.5875 0.7419 -0.3230
vn -0.5811 0.8126 0.0449
vn -0.4756 0.7939 0.3790
vn -0.5375 0.2617 0.8016
vn -0.2882 0.6175 0.7319
vn -0.6083 0.0065 0.7937
vn 0.2727 -0.3902 0.8794
vn -0.0000 -0.3853 0.9228
vn -0.0000 -0.2220 0.9750
vn 0.2715 -0.1673 0.9478
vn -0.2727 -0.3902 0.8794
vn -0.2715 -0.1673 0.9478
vn -0.0000 -0.0783 0.9969
vn 0.2436 0.0192 0.9697
vn -0.2436 0.0192 0.9697
vn 0.2610 -0.5996 0.7565
vn 0.0000 -0.5431 0.8397
vn -0.2610 -0.5996 0.7565
vn -0.1879 0.1606 0.9690
vn -0.0000 0.0351 0.9994
vn 0.1879 0.1606 0.9690
vn 0.9682 0.2301 -0.0986
vn 0.8584 0.4868 0.1620
vn 0.7225 0.6777 0.1367
vn 0.7852 0.6124 -0.0920
vn 0.8524 0.4283 0.2999
vn 0.5802 0.7594 0.2945
vn 0.5990 0.7939 0.1048
vn 0.5893 0.8079 -0.0080
vn 0.4355 0.8805 0.1872
vn 0.5544 -0.4664 -0.6893
vn 0.9872 -0.1305 -0.0912
vn 0.7021 -0.0946 -0.7058
vn 0.8325 0.5163 0.2011
vn 0.8035 -0.5952 0.0072
vn 0.2699 -0.9623 0.0342
vn 0.7682 0.0034 0.6402
vn 0.3657 0.7981 0.4789
vn 0.1939 0.9342 0.2994
vn 0.1316 0.9668 0.2189
vn 0.2749 0.9541 0.1187
vn 0.3939 0.9151 0.0862
vn 0.3034 0.9512 0.0564
vn 0.3581 0.8976 -0.2571
vn 0.1547 0.9858 -0.0647
vn 0.6139 0.6069 -0.5048
vn -0.1983 0.1847 -0.9626
vn 0.0000 0.3386 -0.9409
vn -0.0000 0.5549 -0.8319
vn -0.2419 0.5692 -0.7858
vn 0.1983 0.1847 -0.9626
vn 0.2419 0.5692 -0.7858
vn -0.0000 0.7111 -0.7031
vn -0.1340 0.7937 -0.5933
vn 0.1340 0.7937 -0.5934
vn -0.5544 -0.4664 -0.6893
vn -0.1139 -0.0871 -0.9897
vn -0.7021 -0.0946 -0.7058
vn 0.0000 0.2533 -0.9674
vn 0.1139 -0.0871 -0.9897
vn 0.0361 0.9722 -0.2315
vn -0.0000 0.9372 -0.3488
vn -0.0361 0.9722 -0.2315
vn -0.3581 0.8976 -0.2571
vn -0.1547 0.9858 -0.0647
vn -0.6139 0.6069 -0.5048
vn -0.8524 0.4283 0.2999
vn -0.8584 0.4868 0.1620
vn -0.7225 0.6777 0.1367
vn -0.5802 0.7594 0.2946
vn -0.9682 0.2301 -0.0986
vn -0.7852 0.6124 -0.0920
vn -0.5990 0.7939 0.1048
vn -0.4355 0.8805 0.1872
vn -0.5893 0.8079 -0.0080
vn -0.2699 -0.9623 0.0342
vn -0.8035 -0.5952 0.0072
vn -0.7682 0.0034 0.6402
vn -0.8325 0.5163 0.2011
vn -0.9872 -0.1305 -0.0912
vn -0.3034 0.9512 0.0564
vn -0.3939 0.9151 0.0862
vn -0.2749 0.9541 0.1187
vn -0.1939 0.9342 0.2993
vn -0.1316 0.9668 0.2189
vn -0.3657 0.7981 0.4789
vn 0.1816 0.3279 0.9271
vn -0.0000 0.5460 0.8378
vn -0.0000 0.7547 0.6561
vn 0.1470 0.7652 0.6268
vn -0.1816 0.3279 0.9271
vn -0.1470 0.7652 0.6268
vn -0.0000 0.8469 0.5318
vn 0.0636 0.8826 0.4658
vn -0.0636 0.8826 0.4658
vn 0.0588 -0.9669 0.2484
vn -0.0000 -0.7305 0.6830
vn -0.0588 -0.9669 0.2484
vn -0.0302 0.9295 0.3676
vn -0.0000 0.8733 0.4872
vn 0.0302 0.9295 0.3676
vn -0.9302 -0.1919 0.3130
vn -0.9985 -0.0497 -0.0223
vn -0.9988 -0.0055 0.0495
vn -0.9082 -0.1156 0.4023
vn -0.9272 -0.0094 -0.3743
vn -0.9401 0.0295 -0.3396
vn -0.9880 0.0752 0.1350
vn -0.8771 -0.0205 0.4799
vn -0.9540 0.1236 -0.2733
vn -0.9569 -0.2078 0.2029
vn -0.6555 -0.3216 0.6833
vn -0.9945 -0.0506 -0.0917
vn -0.9167 -0.0011 -0.3995
vn -0.6802 -0.0192 -0.7327
vn -0.6774 -0.0636 -0.7329
vn -0.6741 -0.0585 -0.7363
vn -0.6766 0.0106 -0.7363
vn -0.6794 0.1858 -0.7098
vn -0.9488 0.2712 -0.1619
vn -0.9486 0.1906 0.2526
vn -0.8188 0.0642 0.5705
vn -0.6228 -0.0943 0.7767
vn -0.5722 -0.0327 0.8195
vn -0.6452 -0.2051 0.7360
vn -0.5829 -0.5081 -0.6341
vn -0.7135 -0.2179 -0.6659
vn -0.5401 -0.1699 -0.8243
vn -0.4150 -0.3498 -0.8399
vn -0.5976 0.1776 -0.7819
vn -0.4120 0.1370 -0.9008
vn -0.2515 -0.0549 -0.9663
vn -0.1426 -0.6461 -0.7498
vn -0.1827 -0.4690 -0.8641
vn -0.4036 -0.5814 -0.7065
vn -0.3565 -0.1060 -0.9283
vn -0.2592 -0.4325 -0.8636
vn -0.3660 0.3916 -0.8442
vn -0.3400 0.3224 -0.8834
vn -0.2278 0.3097 -0.9231
vn -0.1023 -0.0133 -0.9947
vn -0.1602 -0.1943 -0.9678
vn -0.1475 0.1329 -0.9801
vn 0.2777 -0.3112 0.9089
vn -0.0000 -0.2788 0.9604
vn 0.0000 -0.1930 0.9812
vn 0.2968 -0.2087 0.9319
vn -0.2777 -0.3112 0.9089
vn -0.2968 -0.2087 0.9319
vn 0.0000 -0.1251 0.9921
vn 0.2978 -0.1216 0.9468
vn -0.2978 -0.1216 0.9468
vn 0.6555 -0.3216 0.6833
vn -0.2760 -0.0845 0.9574
vn 0.0000 -0.1002 0.9950
vn 0.2760 -0.0845 0.9574
vn 0.6228 -0.0943 0.7767
vn 0.5722 -0.0327 0.8195
vn 0.6452 -0.2051 0.7360
vn 0.9272 -0.0094 -0.3743
vn 0.9985 -0.0497 -0.0223
vn 0.9988 -0.0055 0.0495
vn 0.9401 0.0295 -0.3396
vn 0.9302 -0.1919 0.3130
vn 0.9082 -0.1156 0.4023
vn 0.9880 0.0752 0.1350
vn 0.9540 0.1236 -0.2733
vn 0.8771 -0.0205 0.4799
vn 0.6802 -0.0192 -0.7327
vn 0.9167 -0.0011 -0.3995
vn 0.6774 -0.0636 -0.7329
vn 0.9945 -0.0506 -0.0917
vn 0.9569 -0.2078 0.2029
vn 0.8188 0.0642 0.5705
vn 0.9486 0.1906 0.2526
vn 0.9488 0.2712 -0.1619
vn 0.6766 0.0106 -0.7363
vn 0.6794 0.1858 -0.7098
vn 0.6741 -0.0585 -0.7363
vn -0.3214 -0.1348 -0.9373
vn -0.0000 -0.1621 -0.9868
vn -0.0000 -0.2229 -0.9748
vn -0.3030 -0.1772 -0.9364
vn 0.3214 -0.1348 -0.9373
vn 0.3030 -0.1772 -0.9364
vn -0.0000 -0.2204 -0.9754
vn -0.2787 -0.1569 -0.9475
vn 0.2787 -0.1569 -0.9475
vn -0.3328 -0.0529 -0.9415
vn -0.0000 -0.0665 -0.9978
vn 0.3328 -0.0529 -0.9415
vn 0.2359 -0.0784 -0.9686
vn -0.0000 -0.1606 -0.9870
vn -0.2359 -0.0784 -0.9686
vn 0.2743 -0.1486 0.9501
vn 0.0000 -0.1532 0.9882
vn -0.0000 -0.4299 0.9029
vn 0.2865 -0.4119 0.8650
vn -0.2743 -0.1486 0.9501
vn -0.2865 -0.4119 0.8650
vn -0.0000 -0.6706 0.7418
vn 0.2743 -0.6439 0.7142
vn -0.2743 -0.6439 0.7142
vn 0.5110 0.1631 0.8439
vn 0.2737 0.1990 0.9410
vn 0.5859 -0.0810 0.8063
vn -0.0000 0.2112 0.9774
vn -0.2737 0.1990 0.9410
vn -0.5110 0.1631 0.8439
vn -0.5859 -0.0810 0.8063
vn -0.6138 -0.3400 0.7125
vn -0.5884 -0.5751 0.5683
vn -0.5145 -0.7590 0.3990
vn -0.2752 -0.8577 0.4342
vn 0.0000 -0.8937 0.4486
vn 0.2752 -0.8577 0.4342
vn 0.5884 -0.5751 0.5683
vn 0.5146 -0.7590 0.3990
vn 0.6138 -0.3400 0.7125
vn -0.2266 -0.3680 -0.9018
vn 0.0000 -0.3847 -0.9230
vn 0.0000 -0.6532 -0.7572
vn -0.3172 -0.6165 -0.7206
vn 0.2266 -0.3680 -0.9018
vn 0.3172 -0.6165 -0.7206
vn 0.0000 -0.8551 -0.5185
vn -0.4111 -0.7848 -0.4638
vn 0.4111 -0.7848 -0.4638
vn -0.3499 -0.0966 -0.9318
vn -0.1757 -0.1058 -0.9787
vn -0.4689 -0.2768 -0.8387
vn 0.0001 -0.1077 -0.9942
vn 0.1758 -0.1058 -0.9787
vn 0.3500 -0.0966 -0.9317
vn 0.4689 -0.2768 -0.8387
vn 0.6323 -0.4761 -0.6112
vn 0.7534 -0.5730 -0.3225
vn 0.8163 -0.5660 -0.1156
vn 0.4800 -0.8495 -0.2188
vn 0.0000 -0.9647 -0.2635
vn -0.4800 -0.8495 -0.2188
vn -0.7534 -0.5730 -0.3225
vn -0.8163 -0.5660 -0.1157
vn -0.6322 -0.4761 -0.6113
vn -0.5146 -0.7590 0.3990
vn -0.3500 -0.0966 -0.9317
vn -0.1758 -0.1058 -0.9787
vn -0.0001 -0.1077 -0.9942
vn 0.1757 -0.1058 -0.9787
vn 0.3499 -0.0966 -0.9318
vn 0.6322 -0.4761 -0.6113
vn 0.8163 -0.5660 -0.1157
vn -0.8163 -0.5660 -0.1156
vn -0.6323 -0.4761 -0.6112
vn 0.9540 -0.1686 -0.2481
vn 0.9847 -0.1741 0.0051
vn 0.9022 -0.4314 -0.0000
vn 0.8726 -0.4099 -0.2657
vn 0.9498 -0.1774 0.2577
vn 0.8682 -0.4191 0.2657
vn 0.7563 -0.6542 -0.0051
vn 0.7386 -0.6239 -0.2553
vn 0.7346 -0.6325 0.2456
vn 0.8830 0.1085 -0.4566
vn 0.9611 0.1415 -0.2372
vn 0.8416 -0.1123 -0.5283
vn 0.9886 0.1502 0.0107
vn 0.9571 0.1329 0.2575
vn 0.8755 0.0922 0.4744
vn 0.8330 -0.1308 0.5377
vn 0.7471 -0.3636 0.5564
vn 0.6242 -0.5774 0.5262
vn 0.4829 -0.7490 0.4536
vn 0.5049 -0.8305 0.2353
vn 0.5148 -0.8572 -0.0106
vn 0.5088 -0.8220 -0.2556
vn 0.6328 -0.5591 -0.5357
vn 0.4904 -0.7330 -0.4714
vn 0.7562 -0.3443 -0.5565
vn -0.9498 -0.1774 0.2577
vn -0.9847 -0.1741 0.0051
vn -0.9022 -0.4314 -0.0000
vn -0.8682 -0.4191 0.2657
vn -0.9540 -0.1686 -0.2481
vn -0.8726 -0.4099 -0.2657
vn -0.7563 -0.6542 -0.0051
vn -0.7346 -0.6325 0.2456
vn -0.7386 -0.6239 -0.2553
vn -0.8755 0.0922 0.4744
vn -0.9571 0.1329 0.2575
vn -0.8330 -0.1308 0.5377
vn -0.9886 0.1502 0.0106
vn -0.9611 0.1415 -0.2372
vn -0.8830 0.1084 -0.4566
vn -0.8416 -0.1123 -0.5283
vn -0.7562 -0.3443 -0.5565
vn -0.6329 -0.5591 -0.5357
vn -0.4904 -0.7331 -0.4714
vn -0.5088 -0.8220 -0.2556
vn -0.5148 -0.8572 -0.0106
vn -0.5049 -0.8305 0.2353
vn -0.6242 -0.5774 0.5262
vn -0.4829 -0.7490 0.4536
vn -0.7471 -0.3636 0.5564
vn 0.9760 -0.1970 -0.0923
vn 0.9771 -0.1992 0.0754
vn 0.9277 -0.3664 0.0714
vn 0.9272 -0.3617 -0.0971
vn 0.9515 -0.1959 0.2373
vn 0.9038 -0.3587 0.2335
vn 0.8533 -0.5174 0.0643
vn 0.8535 -0.5116 -0.0989
vn 0.8325 -0.5073 0.2226
vn 0.9525 0.0489 -0.3006
vn 0.9899 0.0778 -0.1185
vn 0.9283 -0.1433 -0.3431
vn 0.9936 0.0844 0.0754
vn 0.9612 0.0788 0.2642
vn 0.9001 0.0510 0.4327
vn 0.8725 -0.1386 0.4685
vn 0.8198 -0.3275 0.4699
vn 0.7374 -0.5020 0.4519
vn 0.6386 -0.6553 0.4035
vn 0.6661 -0.7075 0.2361
vn 0.6875 -0.7242 0.0525
vn 0.6909 -0.7104 -0.1340
vn 0.7896 -0.5066 -0.3463
vn 0.6849 -0.6594 -0.3100
vn 0.8741 -0.3326 -0.3539
vn -0.9515 -0.1959 0.2373
vn -0.9771 -0.1992 0.0754
vn -0.9277 -0.3664 0.0714
vn -0.9038 -0.3587 0.2335
vn -0.9760 -0.1970 -0.0923
vn -0.9272 -0.3617 -0.0971
vn -0.8533 -0.5174 0.0643
vn -0.8325 -0.5073 0.2226
vn -0.8535 -0.5116 -0.0989
vn -0.9001 0.0510 0.4327
vn -0.9612 0.0788 0.2642
vn -0.8725 -0.1386 0.4685
vn -0.9936 0.0844 0.0754
vn -0.9899 0.0778 -0.1185
vn -0.9525 0.0489 -0.3006
vn -0.9283 -0.1433 -0.3431
vn -0.8741 -0.3326 -0.3539
vn -0.7896 -0.5066 -0.3463
vn -0.6849 -0.6594 -0.3100
vn -0.6909 -0.7104 -0.1340
vn -0.6875 -0.7242 0.0525
vn -0.6661 -0.7075 0.2361
vn -0.7374 -0.5020 0.4519
vn -0.6386 -0.6553 0.4035
vn -0.8198 -0.3275 0.4699
vn 0.4028 0.3126 0.8603
vn 0.4268 0.3244 0.8442
vn 0.4313 0.3437 0.8342
vn 0.4179 0.3365 0.8438
vn 0.4404 0.3295 0.8352
vn 0.4372 0.3438 0.8310
vn 0.4338 0.3449 0.8324
vn 0.4288 0.3417 0.8363
vn 0.4342 0.3445 0.8323
vn 0.2823 0.1772 0.9428
vn 0.3387 0.1909 0.9213
vn 0.2943 0.2554 0.9209
vn 0.4122 0.2426 0.8782
vn 0.4457 0.2764 0.8514
vn 0.4572 0.2973 0.8382
vn 0.4499 0.3254 0.8317
vn 0.4390 0.3381 0.8324
vn 0.4290 0.3381 0.8377
vn 0.4240 0.3286 0.8440
vn 0.4296 0.3267 0.8418
vn 0.4343 0.3265 0.8395
vn 0.4356 0.3262 0.8390
vn 0.4084 0.3331 0.8499
vn 0.4308 0.3269 0.8412
vn 0.3644 0.3173 0.8755
vn -0.4404 0.3295 0.8352
vn -0.4268 0.3244 0.8442
vn -0.4313 0.3437 0.8342
vn -0.4372 0.3438 0.8311
vn -0.4028 0.3126 0.8603
vn -0.4179 0.3365 0.8438
vn -0.4338 0.3449 0.8324
vn -0.4342 0.3445 0.8323
vn -0.4288 0.3417 0.8363
vn -0.4572 0.2973 0.8382
vn -0.4457 0.2764 0.8514
vn -0.4499 0.3254 0.8317
vn -0.4122 0.2426 0.8782
vn -0.3387 0.1909 0.9213
vn -0.2823 0.1772 0.9428
vn -0.2943 0.2554 0.9209
vn -0.3644 0.3173 0.8755
vn -0.4084 0.3331 0.8499
vn -0.4308 0.3269 0.8412
vn -0.4356 0.3262 0.8390
vn -0.4343 0.3265 0.8395
vn -0.4296 0.3267 0.8418
vn -0.4290 0.3381 0.8376
vn -0.4240 0.3286 0.8440
vn -0.4390 0.3381 0.8324
vn 0.2893 -0.7251 -0.6250
vn -0.0000 -0.7580 -0.6522
vn -0.0000 -0.5247 -0.8513
vn 0.3030 -0.5001 -0.8112
vn -0.2893 -0.7251 -0.6250
vn -0.3030 -0.5001 -0.8112
vn 0.0000 -0.2421 -0.9702
vn 0.2893 -0.2326 -0.9286
vn -0.2893 -0.2326 -0.9286
vn 0.5308 -0.7985 -0.2838
vn 0.2852 -0.9072 -0.3092
vn 0.6100 -0.6307 -0.4796
vn -0.0000 -0.9475 -0.3197
vn -0.2852 -0.9072 -0.3092
vn -0.5308 -0.7985 -0.2838
vn -0.6100 -0.6307 -0.4797
vn -0.6388 -0.4037 -0.6549
vn -0.6100 -0.1451 -0.7790
vn -0.5308 0.1052 -0.8409
vn -0.2852 0.1313 -0.9494
vn 0.0000 0.1401 -0.9901
vn 0.2852 0.1313 -0.9494
vn 0.6100 -0.1451 -0.7790
vn 0.5308 0.1052 -0.8409
vn 0.6388 -0.4037 -0.6549
vn -0.7355 -0.6769 0.0292
vn -0.4048 -0.9072 0.1142
vn -0.4820 -0.8573 0.1808
vn -0.7496 -0.6471 0.1388
vn -0.2514 -0.9515 0.1772
vn -0.4219 -0.8671 0.2649
vn -0.6925 -0.6515 0.3098
vn -0.8779 0.0379 -0.4773
vn -0.9445 -0.3272 -0.0282
vn -0.9597 -0.2121 -0.1845
vn -0.9869 0.0492 0.1539
vn -0.9733 -0.2256 0.0416
vn 0.5036 -0.6669 -0.5492
vn -0.2307 -0.9268 0.2964
vn 0.2856 -0.3755 -0.8817
vn -0.3593 -0.8234 0.4393
vn -0.7597 -0.3252 0.5631
vn -0.9223 -0.2738 0.2726
vn -0.5225 -0.6672 0.5308
vn -0.8427 0.5018 -0.1952
vn -0.5869 0.7730 -0.2410
vn -0.1849 0.9808 -0.0625
vn -0.7097 0.7035 0.0374
vn -0.6270 0.7221 -0.2923
vn -0.3401 0.9365 -0.0850
vn 0.0153 0.9958 -0.0902
vn -0.0227 0.9976 -0.0652
vn -0.1589 0.9865 -0.0401
vn -0.7371 0.3536 -0.5759
vn -0.6475 0.4054 -0.6453
vn -0.6798 0.2891 -0.6740
vn -0.0723 0.9972 -0.0192
vn 0.1185 0.9743 -0.1914
vn 0.2732 0.9172 -0.2900
vn 0.4550 0.1652 -0.8750
vn 0.2566 0.6264 -0.7361
vn 0.0000 0.0385 -0.9993
vn -0.0000 -0.5189 -0.8549
vn -0.0346 0.9779 0.2063
vn 0.0000 0.9497 -0.3130
vn -0.2565 0.6264 -0.7361
vn -0.4550 0.1652 -0.8750
vn 0.0346 0.9779 0.2064
vn 0.0379 -0.9959 -0.0825
vn 0.0723 0.9972 -0.0192
vn -0.1185 0.9743 -0.1913
vn -0.2732 0.9172 -0.2901
vn -0.0379 -0.9959 -0.0826
vn -0.5037 -0.6669 -0.5491
vn -0.0000 -0.9987 0.0503
vn 0.2514 -0.9515 0.1772
vn 0.4048 -0.9072 0.1142
vn 0.4819 -0.8574 0.1808
vn 0.4219 -0.8671 0.2649
vn 0.7355 -0.6769 0.0292
vn 0.7496 -0.6471 0.1388
vn 0.6925 -0.6515 0.3098
vn -0.2863 -0.3757 -0.8814
vn 0.2307 -0.9268 0.2964
vn 0.9869 0.0492 0.1539
vn 0.3593 -0.8234 0.4393
vn 0.8779 0.0379 -0.4773
vn 0.9597 -0.2121 -0.1845
vn 0.9445 -0.3272 -0.0282
vn 0.9733 -0.2256 0.0416
vn 0.7597 -0.3252 0.5631
vn 0.5225 -0.6672 0.5308
vn 0.9223 -0.2738 0.2726
vn 0.0227 0.9976 -0.0652
vn -0.0153 0.9958 -0.0902
vn 0.1849 0.9808 -0.0625
vn 0.7097 0.7035 0.0374
vn 0.1589 0.9865 -0.0401
vn 0.3401 0.9365 -0.0850
vn 0.5869 0.7730 -0.2410
vn 0.8427 0.5018 -0.1952
vn 0.6270 0.7221 -0.2923
vn 0.6798 0.2891 -0.6740
vn 0.6475 0.4054 -0.6453
vn 0.7371 0.3536 -0.5759
vn -0.3741 -0.3628 -0.8535
vn -0.3572 -0.3224 -0.8766
vn 0.0000 -0.3432 -0.9393
vn 0.0000 -0.4055 -0.9141
vn -0.3644 -0.2735 -0.8902
vn -0.0000 -0.2607 -0.9654
vn 0.3572 -0.3224 -0.8766
vn 0.3741 -0.3628 -0.8535
vn 0.3644 -0.2735 -0.8902
vn -0.7496 -0.2876 -0.5961
vn -0.7043 -0.3584 -0.6129
vn -0.6989 -0.4092 -0.5865
vn 0.6989 -0.4092 -0.5865
vn 0.7043 -0.3584 -0.6129
vn 0.7496 -0.2876 -0.5961
vn -0.9191 0.1851 0.3479
vn -0.9946 0.0258 0.1009
vn -0.9659 0.0834 0.2452
vn -0.8593 0.2280 0.4578
vn -0.9946 -0.1035 0.0088
vn -0.9787 0.0324 0.2028
vn -0.8464 0.2224 0.4839
vn -0.7923 0.1915 0.5793
vn -0.9671 0.1000 0.2340
vn -0.6803 0.3151 0.6618
vn -0.9987 -0.0303 0.0412
vn -0.5855 0.3708 0.7209
vn -0.8728 -0.4771 -0.1025
vn -0.9765 -0.2120 -0.0392
vn -0.9811 -0.1884 -0.0432
vn -0.9887 -0.0038 0.1497
vn -0.6264 0.4521 0.6350
vn -0.5715 0.4014 0.7157
vn -0.8880 0.2254 0.4008
vn 0.9288 -0.3373 -0.1536
vn 0.7901 -0.6001 -0.1251
vn 0.4550 -0.8544 0.2509
vn 0.8037 -0.5505 0.2259
vn 0.7213 -0.6846 -0.1051
vn 0.4608 -0.8619 0.2117
vn 0.1331 -0.9388 0.3178
vn 0.5618 -0.7106 0.4236
vn 0.2160 -0.9250 0.3125
vn 0.9919 -0.0358 -0.1217
vn 0.0720 -0.9473 0.3121
vn -0.0250 -0.9683 0.2487
vn 0.2862 -0.8395 0.4620
vn 0.9205 0.1139 0.3738
vn 0.7513 0.1219 0.6486
vn 0.9893 0.0094 0.1459
vn 0.0109 -0.9652 0.2611
vn -0.0558 -0.9885 0.1404
vn 0.0000 -0.9964 0.0847
vn -0.0000 -0.9976 0.0696
vn 0.0078 -0.9622 0.2722
vn 0.0000 -0.9692 0.2464
vn 0.0558 -0.9885 0.1404
vn -0.0109 -0.9652 0.2611
vn -0.0078 -0.9622 0.2722
vn 0.5177 0.0377 0.8548
vn -0.0720 -0.9473 0.3121
vn 0.0250 -0.9682 0.2487
vn -0.2862 -0.8394 0.4620
vn -0.5177 0.0377 0.8547
vn -0.7513 0.1219 0.6487
vn -0.0000 -0.0644 0.9979
vn -0.1725 0.6892 -0.7038
vn -0.1535 -0.6669 -0.7292
vn -0.0000 -0.6945 -0.7195
vn -0.0000 0.2762 -0.9611
vn -0.0564 -0.8957 -0.4411
vn 0.0000 -0.8685 -0.4958
vn 0.1535 -0.6669 -0.7292
vn 0.1725 0.6892 -0.7038
vn 0.0564 -0.8957 -0.4411
vn 0.1540 0.9881 -0.0054
vn -0.5951 0.3903 -0.7026
vn -0.0536 -0.9356 -0.3489
vn 0.0536 -0.9356 -0.3489
vn 0.5952 0.3903 -0.7024
vn -0.1539 0.9881 -0.0054
vn 0.9946 -0.1035 0.0088
vn 0.9946 0.0258 0.1009
vn 0.9659 0.0834 0.2452
vn 0.9787 0.0324 0.2028
vn 0.9191 0.1851 0.3479
vn 0.8593 0.2280 0.4578
vn 0.8464 0.2224 0.4839
vn 0.8728 -0.4771 -0.1025
vn 0.9811 -0.1884 -0.0432
vn 0.9765 -0.2120 -0.0392
vn 0.9987 -0.0303 0.0412
vn 0.9887 -0.0038 0.1497
vn 0.7923 0.1915 0.5793
vn 0.6803 0.3151 0.6618
vn 0.9671 0.1000 0.2340
vn 0.5855 0.3708 0.7209
vn 0.6264 0.4521 0.6350
vn 0.8880 0.2254 0.4008
vn 0.5715 0.4014 0.7157
vn -0.1257 -0.5317 -0.8376
vn -0.0000 -0.5680 -0.8230
vn -0.0000 -0.2931 -0.9561
vn -0.0047 -0.2580 -0.9661
vn 0.1257 -0.5317 -0.8376
vn 0.0047 -0.2580 -0.9661
vn -0.0000 -0.1487 -0.9889
vn 0.1252 -0.0846 -0.9885
vn -0.1252 -0.0846 -0.9885
vn -0.4965 -0.6350 -0.5919
vn -0.2365 -0.7931 -0.5613
vn -0.2582 -0.4229 -0.8686
vn 0.0000 -0.8363 -0.5483
vn 0.2365 -0.7931 -0.5613
vn 0.4965 -0.6350 -0.5919
vn 0.2582 -0.4229 -0.8686
vn 0.0081 -0.1795 -0.9837
vn -0.2558 0.0243 -0.9664
vn 0.2558 0.0243 -0.9664
vn -0.0081 -0.1795 -0.9837
vn -0.4808 0.8743 0.0668
vn -0.3710 0.9205 0.1230
vn -0.6921 0.7215 0.0198
vn -0.7457 0.6609 -0.0849
vn 0.0215 0.9934 -0.1130
vn -0.7390 0.6559 0.1539
vn -0.8286 0.4738 -0.2984
vn -0.8172 0.4347 -0.3785
vn -0.9595 0.2337 -0.1574
vn -0.6360 0.7698 0.0545
vn -0.6502 -0.1516 -0.7445
vn -0.6418 0.2749 -0.7159
vn -0.6391 0.2797 -0.7165
vn -0.8823 0.3125 -0.3521
vn -0.7254 0.1869 -0.6625
vn -0.8438 0.5266 -0.1032
vn 0.9946 -0.1036 0.0088
vn 0.9946 0.0257 0.1008
vn 0.9659 0.0833 0.2452
vn 0.9787 0.0323 0.2029
vn 0.9191 0.1851 0.3478
vn 0.8464 0.2223 0.4839
vn 0.8728 -0.4772 -0.1025
vn 0.9811 -0.1885 -0.0432
vn 0.9765 -0.2121 -0.0392
vn 0.9987 -0.0304 0.0411
vn 0.9887 -0.0039 0.1497
vn 0.7924 0.1914 0.5791
vn 0.6804 0.3150 0.6617
vn 0.9671 0.1000 0.2338
vn 0.8880 0.2254 0.4009
vn 0.5716 0.4014 0.7157
vn -0.2329 -0.1066 0.9666
vn -0.1676 -0.1931 0.9668
vn 0.0000 -0.2310 0.9729
vn 0.0000 -0.1315 0.9913
vn -0.0615 -0.3729 0.9258
vn 0.0000 -0.4327 0.9015
vn 0.1676 -0.1931 0.9668
vn 0.2329 -0.1066 0.9666
vn 0.0615 -0.3729 0.9258
vn -0.4843 -0.0259 0.8745
vn -0.3511 -0.0738 0.9334
vn -0.1407 -0.1975 0.9701
vn 0.2466 -0.3891 0.8876
vn 0.0920 -0.6681 0.7383
vn -0.0000 -0.7262 0.6874
vn -0.0920 -0.6681 0.7383
vn -0.2466 -0.3891 0.8876
vn 0.1407 -0.1975 0.9701
vn 0.3511 -0.0738 0.9334
vn 0.4843 -0.0259 0.8745
vn -0.9191 0.1851 0.3478
vn -0.9946 0.0257 0.1008
vn -0.9659 0.0833 0.2452
vn -0.9946 -0.1036 0.0088
vn -0.9787 0.0323 0.2029
vn -0.8464 0.2223 0.4839
vn -0.7924 0.1914 0.5791
vn -0.9671 0.1000 0.2338
vn -0.6804 0.3150 0.6617
vn -0.9987 -0.0304 0.0411
vn -0.8728 -0.4772 -0.1025
vn -0.9765 -0.2121 -0.0392
vn -0.9811 -0.1885 -0.0432
vn -0.9887 -0.0039 0.1497
vn -0.5716 0.4014 0.7157
vn -0.8880 0.2254 0.4009
vn -0.3121 0.2316 -0.9214
vn -0.2731 0.2508 -0.9287
vn 0.0000 0.2782 -0.9605
vn 0.0000 0.2369 -0.9715
vn -0.1854 0.1240 -0.9748
vn -0.0000 0.2794 -0.9602
vn 0.2731 0.2508 -0.9287
vn 0.3121 0.2316 -0.9214
vn 0.1854 0.1240 -0.9748
vn -0.3425 0.1764 -0.9228
vn 0.6502 -0.1516 -0.7445
vn 0.6418 0.2749 -0.7159
vn 0.6391 0.2797 -0.7165
vn 0.3425 0.1764 -0.9228
vn 0.7254 0.1869 -0.6625
vn 0.0000 0.1824 -0.9832
vn 0.8216 0.5433 0.1729
vn 0.4875 0.8557 0.1738
vn 0.4194 0.9067 0.0449
vn 0.6627 0.7485 0.0230
vn 0.2745 0.9537 0.1227
vn 0.2637 0.9621 0.0698
vn 0.3329 0.9421 -0.0392
vn 0.7960 0.5937 -0.1179
vn 0.1728 0.9840 0.0423
vn -0.0373 -0.5870 0.8088
vn 0.6690 0.3091 0.6760
vn 0.0261 -0.8791 0.4759
vn 0.3972 0.8049 0.4408
vn 0.1711 0.9528 0.2509
vn 0.0666 0.9977 0.0137
vn 0.1759 0.9764 -0.1250
vn 0.5052 0.7215 -0.4736
vn 0.1020 -0.8764 -0.4706
vn -0.0750 -0.9970 0.0170
vn 0.1720 0.8369 -0.5196
vn 0.0604 0.9839 -0.1683
vn -0.0000 0.9846 -0.1749
vn -0.0000 0.8680 -0.4966
vn 0.0173 0.9995 -0.0259
vn -0.0000 0.9993 -0.0381
vn -0.0604 0.9839 -0.1683
vn -0.1720 0.8369 -0.5196
vn -0.0173 0.9995 -0.0259
vn 0.3562 0.1088 -0.9281
vn -0.0666 0.9977 0.0137
vn -0.1759 0.9764 -0.1250
vn -0.5052 0.7215 -0.4736
vn -0.3562 0.1088 -0.9281
vn 0.0000 0.3063 -0.9519
vn -0.7960 0.5937 -0.1179
vn -0.3329 0.9421 -0.0391
vn -0.4194 0.9067 0.0449
vn -0.6628 0.7485 0.0230
vn -0.1728 0.9840 0.0423
vn -0.2637 0.9621 0.0698
vn -0.4875 0.8557 0.1738
vn -0.8216 0.5433 0.1729
vn -0.2745 0.9537 0.1227
vn -0.1020 -0.8764 -0.4706
vn -0.1711 0.9528 0.2509
vn -0.3972 0.8049 0.4408
vn -0.6690 0.3091 0.6760
vn -0.0261 -0.8791 0.4759
vn 0.0373 -0.5870 0.8088
vn 0.0750 -0.9970 0.0170
vn -0.8037 -0.0425 0.5935
vn -0.9006 -0.2877 0.3258
vn -0.7184 0.0182 0.6954
vn -0.6690 0.0228 0.7429
vn -0.4760 -0.1731 0.8623
vn -0.0400 0.2120 0.9765
vn 0.3306 0.2415 0.9123
vn 0.4778 0.0936 0.8735
vn 0.3757 0.3073 0.8743
vn -0.6705 0.1091 0.7339
vn -0.7913 -0.5920 -0.1530
vn -0.3972 -0.4591 0.7946
vn 0.4573 0.2721 0.8467
vn 0.5116 0.1368 0.8482
vn 0.5719 -0.1288 0.8101
vn 0.4246 -0.1462 0.8935
vn 0.4556 0.0975 0.8848
vn 0.3920 0.0993 0.9146
vn 0.3039 -0.1001 0.9474
vn 0.4485 0.2531 0.8572
vn 0.4275 0.2540 0.8676
vn 0.3323 0.1247 0.9349
vn 0.2069 -0.0470 0.9772
vn 0.4053 0.2621 0.8758
vn 0.3869 0.2850 0.8770
vn 0.2810 0.1862 0.9415
vn 0.1246 0.0635 0.9902
vn 0.0941 0.2121 0.9727
vn 0.2701 0.2718 0.9237
vn 0.2884 0.3383 0.8958
vn 0.1002 0.3424 0.9342
vn 0.3923 0.3167 0.8636
vn 0.4112 0.3330 0.8485
vn 0.2995 0.3866 0.8722
vn 0.0897 0.4670 0.8797
vn 0.4262 0.3321 0.8414
vn -0.0000 0.1758 0.9844
vn 0.4423 0.2937 0.8474
vn 0.3241 0.4089 0.8531
vn 0.1200 0.6133 0.7807
vn 0.0000 0.5175 0.8557
vn -0.0000 0.3428 0.9394
vn 0.9368 -0.3031 -0.1749
vn 0.8386 -0.2616 -0.4778
vn 0.9148 -0.0859 -0.3947
vn 0.9844 -0.0641 -0.1641
vn 0.6496 -0.0962 -0.7542
vn 0.8004 0.0642 -0.5960
vn 0.9137 0.1107 -0.3911
vn 0.9611 -0.2738 -0.0372
vn 0.9954 -0.0724 -0.0628
vn 0.4224 0.0534 -0.9049
vn 0.5428 0.1880 -0.8185
vn 0.7999 0.1540 -0.5800
vn 0.9678 0.0678 -0.2425
vn 0.6855 0.2307 -0.6905
vn -0.2069 -0.0470 0.9772
vn -0.3323 0.1247 0.9349
vn -0.3920 0.0993 0.9146
vn -0.3039 -0.1001 0.9474
vn -0.4053 0.2621 0.8758
vn -0.4275 0.2540 0.8676
vn -0.4556 0.0975 0.8848
vn -0.4246 -0.1462 0.8935
vn -0.4485 0.2531 0.8572
vn -0.1246 0.0635 0.9902
vn -0.2810 0.1862 0.9415
vn -0.3869 0.2850 0.8770
vn -0.4573 0.2721 0.8467
vn -0.5116 0.1368 0.8482
vn -0.5719 -0.1288 0.8101
vn -0.6496 -0.0963 -0.7541
vn -0.8386 -0.2616 -0.4778
vn -0.9148 -0.0860 -0.3946
vn -0.8004 0.0641 -0.5960
vn -0.9368 -0.3032 -0.1749
vn -0.9844 -0.0642 -0.1641
vn -0.9137 0.1106 -0.3910
vn -0.4225 0.0534 -0.9048
vn -0.5430 0.1880 -0.8185
vn -0.9611 -0.2738 -0.0372
vn -0.9954 -0.0724 -0.0627
vn -0.8001 0.1539 -0.5798
vn -0.6856 0.2307 -0.6904
vn -0.9678 0.0678 -0.2423
vn -0.4778 0.0936 0.8735
vn -0.3306 0.2415 0.9123
vn 0.7184 0.0182 0.6954
vn 0.6690 0.0228 0.7429
vn -0.3757 0.3073 0.8743
vn 0.0400 0.2120 0.9765
vn 0.9006 -0.2877 0.3258
vn 0.8037 -0.0425 0.5935
vn 0.4760 -0.1731 0.8622
vn 0.3972 -0.4591 0.7946
vn 0.7913 -0.5920 -0.1531
vn 0.6703 0.1087 0.7341
vn 0.4222 -0.4347 0.7955
vn 0.5368 -0.8426 -0.0427
vn -0.1034 -0.6432 0.7587
vn -0.2648 0.2117 0.9408
vn 0.0408 -0.4540 0.8901
vn -0.2425 -0.2467 0.9382
vn -0.3637 -0.0142 0.9314
vn -0.2299 0.6116 0.7571
vn -0.4382 0.1439 0.8873
vn -0.4423 0.2937 0.8474
vn -0.3241 0.4089 0.8531
vn -0.1200 0.6133 0.7807
vn 0.2118 -0.9486 0.2352
vn -0.8887 -0.2732 0.3683
vn 0.0000 -0.4435 -0.8963
vn -0.0000 -0.9681 -0.2507
vn -0.1163 0.8936 -0.4336
vn 0.0000 0.9104 -0.4137
vn 0.8895 -0.2725 0.3669
vn -0.2118 -0.9486 0.2353
vn 0.1163 0.8936 -0.4336
vn 0.5063 -0.2954 0.8102
vn 0.3458 -0.7531 0.5597
vn 0.2549 -0.0774 0.9639
vn -0.1203 0.8580 0.4993
vn 0.1203 0.8581 0.4993
vn -0.2549 -0.0774 0.9639
vn -0.5063 -0.2954 0.8102
vn -0.3458 -0.7531 0.5597
vn 0.0000 -0.8590 0.5121
vn -0.5907 0.3138 0.7434
vn -0.1499 0.5606 0.8144
vn -0.0628 0.6211 0.7812
vn -0.4600 0.5890 0.6644
vn 0.1715 0.7578 0.6296
vn 0.2436 0.6597 0.7109
vn 0.0040 0.5921 0.8058
vn -0.3133 0.6908 0.6516
vn 0.2789 0.5182 0.8085
vn -0.8682 0.1785 0.4630
vn 0.2346 0.3603 0.9028
vn 0.0368 0.5343 0.8445
vn -0.1766 0.7281 0.6623
vn -0.5599 0.7388 0.3752
vn -0.3467 0.8585 0.3779
vn -0.7492 0.5339 0.3920
vn 0.3885 0.2989 -0.8716
vn 0.3600 0.1883 -0.9138
vn -0.0000 0.1474 -0.9891
vn -0.0000 0.2906 -0.9568
vn 0.3700 -0.0365 -0.9283
vn 0.0000 -0.1078 -0.9942
vn -0.3600 0.1883 -0.9138
vn -0.3885 0.2989 -0.8716
vn -0.3700 -0.0365 -0.9283
vn 0.4087 0.2542 -0.8766
vn -0.4087 0.2542 -0.8766
vn 0.0000 0.2745 -0.9616
vn -0.0688 -0.2372 0.9690
vn 0.0000 -0.2350 0.9720
vn 0.0000 -0.1359 0.9907
vn -0.0575 -0.1442 0.9879
vn 0.0688 -0.2372 0.9690
vn 0.0575 -0.1442 0.9879
vn 0.0000 -0.0816 0.9967
vn -0.0437 -0.0881 0.9952
vn 0.0437 -0.0881 0.9952
vn -0.1569 -0.3932 0.9060
vn -0.0868 -0.4226 0.9022
vn -0.1563 -0.2655 0.9513
vn 0.0000 -0.4341 0.9009
vn 0.0868 -0.4226 0.9022
vn 0.1569 -0.3932 0.9060
vn 0.1563 -0.2655 0.9514
vn 0.1307 -0.1671 0.9772
vn 0.1002 -0.1009 0.9898
vn 0.0722 -0.0656 0.9952
vn 0.0363 -0.0571 0.9977
vn 0.0000 -0.0542 0.9985
vn -0.0363 -0.0571 0.9977
vn -0.1002 -0.1009 0.9898
vn -0.0722 -0.0656 0.9952
vn -0.1307 -0.1671 0.9772
vn -0.0719 0.7320 0.6776
vn 0.0304 0.4810 0.8762
vn -0.0000 0.4604 0.8877
vn -0.0000 0.7291 0.6844
vn 0.1264 0.2432 0.9617
vn 0.0000 0.2036 0.9791
vn -0.0304 0.4810 0.8762
vn 0.0719 0.7320 0.6776
vn -0.1264 0.2432 0.9617
vn -0.1546 0.9101 0.3846
vn -0.2346 0.3603 0.9029
vn -0.0368 0.5343 0.8445
vn 0.1766 0.7281 0.6623
vn 0.1546 0.9101 0.3846
vn 0.3467 0.8585 0.3779
vn 0.0000 0.9217 0.3879
vn 0.1031 -0.8579 0.5033
vn 0.1481 -0.8304 0.5371
vn -0.0000 -0.8921 0.4519
vn -0.0000 -0.9545 0.2983
vn 0.1207 -0.6597 0.7418
vn 0.0000 -0.6973 0.7168
vn -0.1481 -0.8304 0.5371
vn -0.1031 -0.8579 0.5034
vn -0.1207 -0.6597 0.7418
vn -0.6043 0.5719 0.5547
vn -0.0632 -0.3355 0.9399
vn -0.2466 0.5171 0.8196
vn 0.2237 -0.6248 0.7481
vn 0.2137 -0.5159 0.8296
vn -0.2137 -0.5159 0.8296
vn -0.2237 -0.6247 0.7481
vn 0.0632 -0.3355 0.9399
vn 0.2466 0.5171 0.8196
vn 0.6043 0.5719 0.5547
vn 0.0000 0.1012 0.9949
vn 0.4423 -0.1334 0.8869
vn -0.1315 -0.3795 0.9158
vn 0.0378 -0.2997 0.9533
vn 0.5973 -0.3113 0.7392
vn -0.2156 -0.3280 0.9198
vn -0.1594 -0.2099 0.9646
vn 0.1425 -0.3400 0.9296
vn 0.5683 -0.4991 0.6542
vn -0.0935 -0.1557 0.9834
vn 0.8750 0.2849 0.3914
vn -0.0436 -0.1367 0.9897
vn 0.1368 -0.3941 0.9088
vn 0.4048 -0.6293 0.6634
vn 0.8380 -0.4416 0.3206
vn 0.9461 -0.1281 0.2974
vn 0.1876 -0.6215 0.7606
vn 0.0661 -0.3809 0.9223
vn 0.0000 -0.3579 0.9338
vn 0.0000 -0.5694 0.8221
vn -0.0158 -0.1190 0.9928
vn -0.0000 -0.1112 0.9938
vn -0.0661 -0.3809 0.9223
vn -0.1876 -0.6215 0.7606
vn 0.0158 -0.1190 0.9928
vn 0.0436 -0.1367 0.9897
vn -0.1368 -0.3941 0.9088
vn -0.4048 -0.6293 0.6634
vn -0.5619 -0.7105 0.4236
vn -0.1331 -0.9388 0.3178
vn -0.4550 -0.8544 0.2509
vn -0.8037 -0.5505 0.2259
vn -0.2160 -0.9250 0.3125
vn -0.4608 -0.8619 0.2117
vn -0.7901 -0.6000 -0.1251
vn -0.9288 -0.3373 -0.1536
vn -0.7213 -0.6846 -0.1051
vn -0.9205 0.1139 0.3738
vn -0.9919 -0.0358 -0.1217
vn -0.9893 0.0094 0.1459
vn 0.3432 0.1333 -0.9298
vn 0.3389 0.0828 -0.9372
vn -0.0000 0.0844 -0.9964
vn -0.0000 0.1345 -0.9909
vn 0.3374 0.0261 -0.9410
vn -0.0000 0.0214 -0.9998
vn -0.3389 0.0828 -0.9372
vn -0.3432 0.1333 -0.9298
vn -0.3374 0.0261 -0.9410
vn 0.6856 0.1172 -0.7185
vn 0.6778 0.0746 -0.7315
vn 0.6790 0.0345 -0.7333
vn -0.6790 0.0345 -0.7333
vn -0.6778 0.0746 -0.7315
vn -0.6856 0.1172 -0.7185
vn 0.6496 -0.0963 -0.7541
vn 0.8004 0.0641 -0.5960
vn 0.9148 -0.0860 -0.3946
vn 0.9137 0.1106 -0.3910
vn 0.9844 -0.0642 -0.1641
vn 0.9368 -0.3032 -0.1749
vn 0.4225 0.0534 -0.9048
vn 0.5430 0.1880 -0.8185
vn 0.8001 0.1539 -0.5798
vn 0.9678 0.0678 -0.2423
vn 0.6856 0.2307 -0.6904
vn 0.9954 -0.0724 -0.0627
vn -0.5683 -0.4991 0.6542
vn -0.1425 -0.3400 0.9296
vn -0.0378 -0.2997 0.9533
vn -0.5973 -0.3113 0.7392
vn 0.0935 -0.1557 0.9834
vn 0.1594 -0.2099 0.9646
vn 0.1315 -0.3795 0.9158
vn -0.4423 -0.1334 0.8869
vn 0.2156 -0.3280 0.9198
vn -0.8380 -0.4416 0.3206
vn -0.8750 0.2849 0.3914
vn -0.9461 -0.1281 0.2974
vn -0.6496 -0.0962 -0.7542
vn -0.9148 -0.0859 -0.3947
vn -0.8004 0.0642 -0.5960
vn -0.9368 -0.3031 -0.1749
vn -0.9844 -0.0641 -0.1641
vn -0.9137 0.1107 -0.3911
vn -0.4224 0.0534 -0.9049
vn -0.5428 0.1880 -0.8185
vn -0.9954 -0.0724 -0.0628
vn -0.7999 0.1540 -0.5800
vn -0.6855 0.2307 -0.6905
vn -0.9678 0.0678 -0.2425
vn -0.1966 0.9736 0.1164
vn 0.0000 0.9931 0.1175
vn 0.0000 0.9960 -0.0888
vn -0.2090 0.9739 -0.0888
vn 0.1966 0.9736 0.1164
vn 0.2090 0.9739 -0.0888
vn 0.0000 0.9558 -0.2940
vn -0.2014 0.9375 -0.2838
vn 0.2015 0.9375 -0.2838
vn -0.4316 0.8949 0.1134
vn 0.4316 0.8949 0.1134
vn 0.4556 0.8852 -0.0936
vn 0.4417 0.8507 -0.2851
vn 0.3916 0.7947 -0.4638
vn 0.2064 0.8291 -0.5196
vn -0.0000 0.8425 -0.5386
vn -0.2064 0.8291 -0.5196
vn -0.4417 0.8507 -0.2851
vn -0.3916 0.7947 -0.4638
vn -0.4556 0.8852 -0.0936
vn 0.3134 0.6908 0.6516
vn -0.0040 0.5921 0.8058
vn 0.0628 0.6211 0.7812
vn 0.4600 0.5890 0.6644
vn -0.2789 0.5182 0.8085
vn -0.2436 0.6597 0.7109
vn 0.1499 0.5606 0.8144
vn 0.5907 0.3138 0.7434
vn -0.1715 0.7578 0.6296
vn 0.5599 0.7388 0.3752
vn 0.8682 0.1785 0.4630
vn 0.7492 0.5339 0.3920
vn 0.2553 0.6393 -0.7253
vn 0.3118 0.4427 -0.8407
vn 0.0000 0.4402 -0.8979
vn -0.0000 0.6462 -0.7631
vn 0.3673 0.2721 -0.8894
vn -0.0000 0.2979 -0.9546
vn -0.3118 0.4427 -0.8407
vn -0.2553 0.6393 -0.7253
vn -0.3673 0.2721 -0.8894
vn 0.5122 0.6428 -0.5697
vn 0.6195 0.4521 -0.6417
vn 0.7147 0.2337 -0.6593
vn -0.7147 0.2337 -0.6593
vn -0.6195 0.4521 -0.6417
vn -0.5122 0.6428 -0.5697
vn -0.0897 0.4670 0.8797
vn -0.2995 0.3866 0.8722
vn -0.2884 0.3383 0.8958
vn -0.1002 0.3424 0.9342
vn -0.4262 0.3321 0.8414
vn -0.4112 0.3330 0.8485
vn -0.2701 0.2718 0.9237
vn -0.0941 0.2121 0.9727
vn -0.3923 0.3167 0.8636
vn -0.2341 -0.8903 0.3907
vn -0.0000 -0.9350 0.3548
vn -0.0000 -0.9986 0.0536
vn -0.3028 -0.9509 0.0641
vn 0.2341 -0.8903 0.3907
vn 0.3028 -0.9509 0.0641
vn 0.0000 -0.9730 -0.2307
vn -0.2987 -0.9249 -0.2352
vn 0.2987 -0.9249 -0.2352
vn -0.5904 -0.6695 0.4507
vn 0.5904 -0.6695 0.4507
vn 0.6771 -0.7321 0.0752
vn 0.6412 -0.7259 -0.2490
vn -0.6412 -0.7259 -0.2490
vn -0.6771 -0.7321 0.0752
vn -0.1038 0.1499 0.9832
vn -0.0716 -0.0117 0.9974
vn -0.0000 0.0078 1.0000
vn 0.0000 0.0702 0.9975
vn -0.1350 -0.1678 0.9765
vn -0.0000 -0.0350 0.9994
vn 0.0716 -0.0117 0.9974
vn 0.1038 0.1499 0.9832
vn 0.1350 -0.1678 0.9765
vn -0.1005 0.3414 0.9346
vn 0.0181 0.0200 0.9996
vn 0.0936 -0.3087 0.9465
vn -0.2517 -0.0456 0.9667
vn 0.0000 0.0959 0.9954
vn 0.2516 -0.0456 0.9667
vn -0.0936 -0.3087 0.9465
vn -0.0181 0.0201 0.9996
vn 0.1005 0.3414 0.9346
vn 0.8172 0.4347 -0.3785
vn 0.8286 0.4738 -0.2984
vn 0.6921 0.7215 0.0198
vn 0.7457 0.6609 -0.0849
vn 0.9595 0.2337 -0.1574
vn 0.7390 0.6559 0.1539
vn 0.3710 0.9205 0.1230
vn 0.4808 0.8743 0.0668
vn -0.0214 0.9933 -0.1133
vn 0.8823 0.3125 -0.3521
vn 0.6360 0.7698 0.0545
vn 0.8438 0.5266 -0.1032
vn -0.0638 0.1863 -0.9804
vn -0.1062 0.3223 -0.9406
vn 0.0000 0.3095 -0.9509
vn 0.0000 0.1875 -0.9823
vn -0.1923 0.3277 -0.9250
vn 0.0000 0.2591 -0.9659
vn 0.1062 0.3223 -0.9406
vn 0.0638 0.1863 -0.9804
vn 0.1923 0.3277 -0.9250
vn -0.0516 -0.0072 -0.9986
vn 0.0516 -0.0072 -0.9986
vn -0.0000 -0.0033 -1.0000
vn 0.2296 -0.4414 -0.8674
vn 0.0000 -0.3218 -0.9468
vn 0.0000 -0.3676 -0.9300
vn 0.1293 -0.4000 -0.9073
vn -0.2296 -0.4414 -0.8674
vn -0.1293 -0.4000 -0.9073
vn 0.0000 -0.2069 -0.9784
vn 0.0734 -0.2164 -0.9735
vn -0.0734 -0.2164 -0.9735
vn 0.2037 0.9715 0.1211
vn -0.0000 0.9902 0.1394
vn 0.0000 0.9917 0.1282
vn 0.2030 0.9738 0.1020
vn -0.2037 0.9715 0.1211
vn -0.2030 0.9738 0.1020
vn 0.0000 0.9900 0.1413
vn 0.2130 0.9693 0.1224
vn -0.2130 0.9693 0.1225
vn 0.4657 0.8808 0.0861
vn -0.4657 0.8808 0.0861
vn -0.4740 0.8791 0.0507
vn -0.5190 0.8502 0.0881
vn 0.5190 0.8502 0.0881
vn 0.4740 0.8791 0.0507
vn 0.9945 0.0502 -0.0917
vn 0.9979 -0.0288 -0.0575
vn 0.9778 0.0181 -0.2086
vn 0.9726 0.0683 -0.2221
vn 0.9901 -0.1307 0.0504
vn 0.9869 -0.0234 -0.1597
vn 0.8971 0.0541 -0.4385
vn 0.8982 0.0893 -0.4305
vn 0.9057 0.0260 -0.4231
vn 0.9896 0.1204 -0.0791
vn 0.9159 0.1387 -0.3767
vn 0.9733 0.1265 -0.1914
vn -0.9057 0.0260 -0.4231
vn -0.9869 -0.0234 -0.1597
vn -0.9778 0.0181 -0.2086
vn -0.8971 0.0541 -0.4385
vn -0.9901 -0.1307 0.0504
vn -0.9979 -0.0288 -0.0575
vn -0.9726 0.0683 -0.2221
vn -0.8982 0.0893 -0.4305
vn -0.9945 0.0502 -0.0917
vn -0.9896 0.1204 -0.0791
vn -0.9733 0.1265 -0.1914
vn -0.9159 0.1387 -0.3767
vn 0.6643 0.6738 -0.3237
vn 0.7004 0.7064 -0.1025
vn 0.8794 0.4666 -0.0942
vn 0.8164 0.4596 -0.3497
vn 0.6743 0.7298 0.1124
vn 0.8642 0.4863 0.1293
vn 0.9832 0.1759 -0.0494
vn 0.9237 0.2058 -0.3231
vn 0.9697 0.1562 0.1876
vn -0.6643 0.6738 -0.3237
vn -0.8164 0.4596 -0.3497
vn -0.8794 0.4666 -0.0942
vn -0.7004 0.7064 -0.1025
vn -0.9237 0.2058 -0.3231
vn -0.9832 0.1759 -0.0494
vn -0.8642 0.4863 0.1293
vn -0.6743 0.7298 0.1124
vn -0.9697 0.1562 0.1876
vn -0.1943 -0.7650 0.6140
vn -0.0000 -0.6576 0.7534
vn -0.0000 -0.3359 0.9419
vn -0.2530 -0.5689 0.7825
vn 0.1943 -0.7650 0.6140
vn 0.2530 -0.5689 0.7825
vn 0.0000 -0.3158 0.9488
vn -0.2948 -0.5488 0.7823
vn 0.2948 -0.5488 0.7823
vn 0.2299 0.6116 0.7571
vn 0.3636 -0.0141 0.9314
vn 0.1034 -0.6432 0.7587
vn 0.2648 0.2118 0.9407
vn 0.4382 0.1439 0.8873
vn 0.2426 -0.2467 0.9383
vn -0.5368 -0.8426 -0.0427
vn -0.4224 -0.4346 0.7955
vn -0.0408 -0.4540 0.8901
vn -0.2745 0.3693 0.8878
vn -0.1856 0.7258 0.6624
vn -0.0000 0.6871 0.7265
vn -0.0000 0.3971 0.9178
vn -0.0779 0.8866 0.4559
vn -0.0000 0.8390 0.5442
vn 0.1856 0.7258 0.6624
vn 0.2745 0.3693 0.8878
vn 0.0779 0.8866 0.4559
vn 0.9665 -0.2565 -0.0032
vn 0.9955 -0.0895 -0.0299
vn 0.9957 -0.0929 -0.0002
vn 0.9695 -0.2451 -0.0000
vn 0.9930 0.0077 -0.1175
vn 0.9999 -0.0149 -0.0008
vn 0.9971 -0.0723 0.0249
vn 0.9742 -0.2254 -0.0153
vn 0.9934 0.0203 0.1128
vn 0.8434 -0.5370 -0.0173
vn 0.9742 0.0398 -0.2222
vn 0.9999 0.0121 -0.0009
vn 0.9739 0.0542 0.2204
vn 0.8603 -0.5095 -0.0197
vn 0.8541 -0.5201 0.0072
vn -0.9665 -0.2565 -0.0032
vn -0.9695 -0.2451 -0.0000
vn -0.9957 -0.0929 -0.0002
vn -0.9955 -0.0895 -0.0299
vn -0.9742 -0.2254 -0.0153
vn -0.9971 -0.0723 0.0249
vn -0.9999 -0.0149 -0.0008
vn -0.9930 0.0077 -0.1175
vn -0.9934 0.0203 0.1128
vn -0.8434 -0.5370 -0.0173
vn -0.8541 -0.5201 0.0072
vn -0.8603 -0.5095 -0.0197
vn -0.9739 0.0542 0.2204
vn -0.9999 0.0121 -0.0009
vn -0.9742 0.0398 -0.2222
vn -0.9665 -0.2565 -0.0031
vn -0.9695 -0.2451 0.0001
vn -0.9957 -0.0928 0.0000
vn -0.9955 -0.0895 -0.0297
vn -0.9742 -0.2253 -0.0152
vn -0.9971 -0.0723 0.0251
vn -0.9999 -0.0148 -0.0005
vn -0.9931 0.0077 -0.1173
vn -0.9934 0.0203 0.1130
vn -0.8434 -0.5370 -0.0172
vn -0.8603 -0.5094 -0.0197
vn -0.9738 0.0542 0.2207
vn -0.9999 0.0121 -0.0006
vn -0.9743 0.0398 -0.2219
vn 0.9665 -0.2565 -0.0031
vn 0.9955 -0.0895 -0.0297
vn 0.9957 -0.0928 0.0000
vn 0.9695 -0.2451 0.0001
vn 0.9931 0.0077 -0.1173
vn 0.9999 -0.0148 -0.0005
vn 0.9971 -0.0723 0.0251
vn 0.9742 -0.2253 -0.0152
vn 0.9934 0.0203 0.1130
vn 0.8434 -0.5370 -0.0172
vn 0.9743 0.0398 -0.2219
vn 0.9999 0.0121 -0.0006
vn 0.9738 0.0542 0.2207
vn 0.8603 -0.5094 -0.0197
vn -0.7821 0.6180 0.0806
vn -0.9131 0.4031 -0.0612
vn -0.9459 0.3244 0.0073
vn -0.8690 0.4735 0.1438
vn -0.9436 0.2353 -0.2329
vn -0.9723 0.2060 -0.1106
vn -0.9535 0.2879 0.0888
vn -0.8840 0.4040 0.2353
vn -0.9809 0.1939 -0.0162
vn 0.9809 0.1939 -0.0162
vn 0.9723 0.2060 -0.1106
vn 0.9459 0.3244 0.0073
vn 0.9535 0.2879 0.0888
vn 0.9436 0.2353 -0.2329
vn 0.9131 0.4031 -0.0612
vn 0.8690 0.4735 0.1438
vn 0.8840 0.4040 0.2353
vn 0.7821 0.6180 0.0806
vn 0.1898 0.1071 -0.9760
vn -0.0001 0.1128 -0.9936
vn -0.0001 0.2421 -0.9702
vn 0.2407 0.2363 -0.9414
vn -0.1899 0.1071 -0.9759
vn -0.2409 0.2363 -0.9413
vn -0.0001 0.2759 -0.9612
vn 0.3173 0.2800 -0.9060
vn -0.3175 0.2800 -0.9060
vn -0.3609 0.2090 -0.9089
vn -0.0002 0.2131 -0.9770
vn 0.3606 0.2090 -0.9090
vn 0.1899 0.1071 -0.9759
vn 0.0001 0.1128 -0.9936
vn 0.0001 0.2421 -0.9702
vn 0.2409 0.2363 -0.9413
vn -0.1898 0.1071 -0.9760
vn -0.2407 0.2363 -0.9414
vn 0.0001 0.2759 -0.9612
vn 0.3175 0.2800 -0.9060
vn -0.3173 0.2800 -0.9060
vn -0.3606 0.2090 -0.9090
vn 0.0002 0.2131 -0.9770
vn 0.3609 0.2090 -0.9089
vn 0.3060 0.3643 0.8796
vn -0.0001 0.3555 0.9347
vn -0.0001 0.4382 0.8989
vn 0.2549 0.4301 0.8660
vn -0.3062 0.3643 0.8795
vn -0.2551 0.4301 0.8660
vn -0.0001 0.5204 0.8539
vn 0.2572 0.4963 0.8292
vn -0.2573 0.4963 0.8292
vn 0.3448 0.2459 0.9059
vn -0.0002 0.2436 0.9699
vn -0.3451 0.2459 0.9058
vn -0.2943 0.5881 0.7534
vn -0.0000 0.6260 0.7798
vn 0.2942 0.5881 0.7534
vn 0.3062 0.3643 0.8795
vn 0.0001 0.3555 0.9347
vn 0.0001 0.4382 0.8989
vn 0.2551 0.4301 0.8660
vn -0.3060 0.3643 0.8796
vn -0.2549 0.4301 0.8660
vn 0.0001 0.5204 0.8539
vn 0.2573 0.4963 0.8292
vn -0.2572 0.4963 0.8292
vn 0.3451 0.2459 0.9058
vn 0.0002 0.2436 0.9699
vn -0.3448 0.2459 0.9059
vn -0.2942 0.5881 0.7534
vn 0.2943 0.5881 0.7534
vn -0.5172 -0.8545 -0.0477
vn -0.0000 -0.9980 -0.0626
vn 0.0000 -0.9994 0.0356
vn -0.5296 -0.8478 0.0251
vn 0.5172 -0.8545 -0.0477
vn 0.5296 -0.8478 0.0251
vn -0.0000 -0.9998 0.0215
vn -0.5296 -0.8482 0.0047
vn 0.5296 -0.8482 0.0047
vn 0.5096 -0.8525 -0.1165
vn -0.0000 -0.9951 -0.0993
vn -0.5096 -0.8525 -0.1165
vn -0.2693 0.0765 0.9600
vn -0.5232 0.1341 0.8416
vn -0.6670 0.3705 0.6464
vn -0.4348 0.3340 0.8363
vn -0.7072 0.1246 0.6960
vn -0.8471 0.3133 0.4293
vn -0.7874 0.5024 0.3572
vn -0.6292 0.4754 0.6149
vn -0.9021 0.4252 0.0735
vn 0.0058 -0.0024 1.0000
vn -0.8835 0.4064 -0.2328
vn -0.8825 0.4608 0.0940
vn -0.8137 0.4426 0.3768
vn -0.4838 0.3483 0.8029
vn -0.7063 0.3710 0.6029
vn -0.2264 0.2296 0.9466
vn 0.7072 0.1246 0.6960
vn 0.5232 0.1341 0.8416
vn 0.6670 0.3705 0.6464
vn 0.8471 0.3133 0.4293
vn 0.2693 0.0765 0.9600
vn 0.4348 0.3340 0.8363
vn 0.7874 0.5024 0.3572
vn 0.9021 0.4252 0.0735
vn 0.6292 0.4754 0.6149
vn -0.0058 -0.0024 1.0000
vn 0.2264 0.2296 0.9466
vn 0.4838 0.3483 0.8029
vn 0.7063 0.3710 0.6029
vn 0.8137 0.4426 0.3768
vn 0.8825 0.4608 0.0940
vn 0.8835 0.4064 -0.2328
vn 0.7689 0.6360 0.0651
vn 0.7896 0.6131 0.0248
vn 0.9717 0.2339 0.0339
vn 0.9543 0.2968 0.0342
vn 0.8531 0.5172 0.0692
vn 0.9933 0.0728 0.0893
vn 0.9982 -0.0321 0.0500
vn 0.9964 0.0714 -0.0468
vn 0.9555 -0.2484 0.1590
vn -0.9555 -0.2484 0.1590
vn -0.9933 0.0728 0.0893
vn -0.9717 0.2339 0.0339
vn -0.9982 -0.0321 0.0500
vn -0.8531 0.5172 0.0692
vn -0.7896 0.6131 0.0248
vn -0.9543 0.2968 0.0342
vn -0.9964 0.0714 -0.0468
vn -0.7689 0.6360 0.0651
vn 0.9343 -0.3189 0.1593
vn 0.9995 -0.0166 -0.0272
vn 0.9995 -0.0160 -0.0271
vn 0.9339 -0.3191 0.1614
vn 0.9342 0.2860 -0.2131
vn 0.9335 0.2889 -0.2121
vn 0.9995 -0.0148 -0.0271
vn 0.9328 -0.3201 0.1655
vn 0.9320 0.2946 -0.2113
vn 0.9342 -0.3219 0.1536
vn 0.9993 -0.0198 -0.0322
vn 0.9342 0.2819 -0.2186
vn 0.3203 0.4754 -0.8194
vn 0.0000 0.5095 -0.8605
vn 0.0000 0.7198 -0.6941
vn 0.3489 0.6644 -0.6609
vn -0.3203 0.4754 -0.8194
vn -0.3489 0.6644 -0.6609
vn 0.0000 0.8055 -0.5925
vn 0.3542 0.7494 -0.5595
vn -0.3542 0.7494 -0.5595
vn 0.6381 0.3172 -0.7016
vn -0.6381 0.3172 -0.7016
vn -0.6905 0.4748 -0.5456
vn -0.7046 0.5554 -0.4418
vn 0.7046 0.5554 -0.4418
vn 0.6905 0.4748 -0.5456
vn -0.8347 0.0376 -0.5495
vn -0.8852 -0.2441 -0.3960
vn -0.9770 -0.1119 -0.1815
vn -0.9124 0.1847 -0.3652
vn -0.8347 -0.5078 -0.2133
vn -0.9124 -0.4093 0.0009
vn -0.9967 -0.0429 -0.0696
vn -0.9315 0.2579 -0.2565
vn -0.9315 -0.3451 0.1152
vn -0.6381 -0.7693 -0.0319
vn -0.6905 -0.7008 0.1790
vn -0.7046 -0.6442 0.2977
vn -0.3203 -0.9456 0.0566
vn 0.0000 -0.9976 0.0686
vn 0.0000 -0.9435 0.3312
vn -0.3489 -0.8890 0.2966
vn 0.3203 -0.9456 0.0566
vn 0.3489 -0.8890 0.2966
vn 0.0000 -0.8913 0.4535
vn -0.3542 -0.8365 0.4181
vn 0.3542 -0.8365 0.4181
vn 0.6381 -0.7693 -0.0319
vn 0.6905 -0.7008 0.1790
vn 0.7046 -0.6442 0.2977
vn 0.8347 -0.5078 -0.2133
vn 0.8852 -0.2441 -0.3960
vn 0.9770 -0.1119 -0.1815
vn 0.9124 -0.4093 0.0009
vn 0.8347 0.0376 -0.5495
vn 0.9124 0.1847 -0.3652
vn 0.9967 -0.0429 -0.0696
vn 0.9315 -0.3451 0.1152
vn 0.9315 0.2579 -0.2565
vn -0.3300 -0.8972 0.2936
vn -0.3461 -0.9375 0.0353
vn 0.0538 -0.9983 0.0205
vn 0.0571 -0.9389 0.3395
vn -0.3741 -0.8996 -0.2253
vn -0.0153 -0.9531 -0.3024
vn 0.3059 -0.9519 0.0194
vn 0.3135 -0.8846 0.3452
vn 0.2271 -0.9203 -0.3185
vn -0.3689 -0.7447 0.5563
vn -0.4518 -0.7467 -0.4881
vn -0.1474 -0.7675 -0.6239
vn 0.0796 -0.7380 -0.6701
vn 0.2358 -0.6952 0.6790
vn -0.0183 -0.7519 0.6590
vn -0.5824 -0.5010 -0.6402
vn -0.6940 -0.2539 -0.6737
vn -0.4302 -0.1499 -0.8902
vn -0.3010 -0.4653 -0.8324
vn -0.7720 0.0083 -0.6356
vn -0.5384 0.1734 -0.8247
vn -0.2359 -0.0796 -0.9685
vn -0.0928 -0.4187 -0.9034
vn -0.3523 0.2680 -0.8967
vn -0.8334 0.2829 -0.4747
vn -0.6182 0.4994 -0.6070
vn -0.4323 0.6160 -0.6586
vn -0.8722 0.4454 -0.2022
vn -0.8733 0.4828 0.0646
vn -0.6193 0.7839 0.0434
vn -0.6389 0.7165 -0.2801
vn -0.8312 0.4507 0.3255
vn -0.5808 0.7295 0.3612
vn -0.4183 0.9079 0.0272
vn -0.4454 0.8408 -0.3077
vn -0.3775 0.8561 0.3531
vn -0.7560 0.2960 0.5838
vn -0.5116 0.5288 0.6772
vn -0.3062 0.6568 0.6891
vn -0.6787 0.0232 0.7340
vn -0.5974 -0.2444 0.7638
vn -0.2857 -0.1250 0.9501
vn -0.4059 0.2090 0.8897
vn -0.4855 -0.4978 0.7187
vn -0.1513 -0.4512 0.8795
vn -0.0594 -0.0358 0.9976
vn -0.1931 0.3232 0.9264
vn 0.0910 -0.3841 0.9188
vn 0.3741 -0.8996 -0.2253
vn 0.3461 -0.9375 0.0353
vn -0.0538 -0.9983 0.0205
vn 0.0153 -0.9531 -0.3024
vn 0.3300 -0.8972 0.2936
vn -0.0571 -0.9389 0.3395
vn -0.3059 -0.9519 0.0194
vn -0.2271 -0.9203 -0.3185
vn -0.3135 -0.8846 0.3452
vn 0.4518 -0.7467 -0.4881
vn 0.3689 -0.7447 0.5563
vn 0.0183 -0.7519 0.6590
vn -0.2358 -0.6952 0.6790
vn -0.0796 -0.7380 -0.6701
vn 0.1474 -0.7675 -0.6239
vn 0.4855 -0.4978 0.7187
vn 0.5974 -0.2444 0.7638
vn 0.2857 -0.1250 0.9501
vn 0.1513 -0.4512 0.8795
vn 0.6787 0.0232 0.7340
vn 0.4060 0.2090 0.8897
vn 0.0594 -0.0358 0.9976
vn -0.0910 -0.3841 0.9188
vn 0.1931 0.3232 0.9264
vn 0.7560 0.2960 0.5838
vn 0.5116 0.5288 0.6772
vn 0.3062 0.6568 0.6891
vn 0.8312 0.4507 0.3255
vn 0.8733 0.4828 0.0646
vn 0.6193 0.7839 0.0434
vn 0.5808 0.7295 0.3612
vn 0.8722 0.4454 -0.2022
vn 0.6389 0.7165 -0.2801
vn 0.4183 0.9079 0.0272
vn 0.3775 0.8561 0.3531
vn 0.4454 0.8408 -0.3077
vn 0.8334 0.2829 -0.4747
vn 0.6182 0.4994 -0.6070
vn 0.4323 0.6160 -0.6586
vn 0.7720 0.0083 -0.6356
vn 0.6940 -0.2539 -0.6737
vn 0.4302 -0.1499 -0.8902
vn 0.5384 0.1734 -0.8247
vn 0.5824 -0.5010 -0.6402
vn 0.3010 -0.4653 -0.8324
vn 0.2359 -0.0796 -0.9685
vn 0.3523 0.2680 -0.8967
vn 0.0928 -0.4187 -0.9034
vn 0.4011 -0.8544 0.3303
vn 0.4043 -0.9146 -0.0096
vn 0.4642 -0.8857 -0.0013
vn 0.4609 -0.8242 0.3291
vn 0.3632 -0.8618 -0.3541
vn 0.4200 -0.8409 -0.3412
vn 0.4971 -0.8676 0.0113
vn 0.4930 -0.8044 0.3314
vn 0.4529 -0.8305 -0.3243
vn 0.2569 -0.6826 0.6842
vn 0.3094 -0.8905 0.3335
vn 0.3409 -0.6534 0.6759
vn 0.3134 -0.9495 -0.0138
vn 0.2791 -0.8893 -0.3623
vn 0.1978 -0.6743 -0.7115
vn 0.2656 -0.6572 -0.7053
vn 0.3127 -0.6466 -0.6958
vn 0.3415 -0.6450 -0.6836
vn 0.4271 -0.6161 0.6618
vn 0.3966 -0.6301 0.6676
vn 0.1280 -0.3266 -0.9365
vn -0.0012 0.0134 -0.9999
vn 0.0132 0.0150 -0.9998
vn 0.1586 -0.3228 -0.9331
vn -0.1185 0.3551 -0.9273
vn -0.1180 0.3565 -0.9268
vn 0.0221 0.0140 -0.9997
vn 0.1778 -0.3249 -0.9289
vn -0.1180 0.3579 -0.9263
vn 0.0845 -0.3350 -0.9384
vn -0.0219 0.0096 -0.9997
vn -0.1195 0.3539 -0.9276
vn -0.2060 0.6936 -0.6903
vn -0.2205 0.6919 -0.6876
vn -0.2307 0.6920 -0.6841
vn -0.2370 0.6939 -0.6799
vn -0.2721 0.9044 -0.3285
vn -0.2715 0.9622 0.0211
vn -0.2848 0.9584 0.0205
vn -0.2864 0.9015 -0.3245
vn -0.2327 0.9015 0.3649
vn -0.2422 0.9020 0.3575
vn -0.2922 0.9562 0.0195
vn -0.2945 0.9006 -0.3197
vn -0.2489 0.9039 0.3478
vn -0.2508 0.9094 -0.3318
vn -0.2517 0.9676 0.0212
vn -0.2201 0.9026 0.3701
vn -0.1466 0.6815 0.7169
vn -0.1445 0.6894 0.7098
vn -0.1460 0.6994 0.6997
vn -0.1505 0.7112 0.6867
vn -0.0204 0.3529 0.9355
vn 0.1039 0.0074 0.9946
vn 0.1325 0.0217 0.9909
vn -0.0081 0.3683 0.9297
vn 0.2276 -0.3320 0.9154
vn 0.2719 -0.3169 0.9087
vn 0.1467 0.0334 0.9886
vn -0.0053 0.3848 0.9230
vn 0.2967 -0.3083 0.9038
vn -0.0432 0.3385 0.9400
vn 0.0594 -0.0087 0.9982
vn 0.1614 -0.3519 0.9220
vn 0.0595 -0.9402 0.3355
vn 0.0662 -0.9977 -0.0171
vn 0.1239 -0.9922 -0.0163
vn 0.1179 -0.9344 0.3361
vn 0.0532 -0.9284 -0.3678
vn 0.1058 -0.9241 -0.3671
vn 0.2104 -0.9775 -0.0155
vn 0.2053 -0.9193 0.3358
vn 0.1848 -0.9121 -0.3660
vn 0.0062 -0.7240 0.6898
vn 0.0333 -0.9415 0.3354
vn 0.0299 -0.7237 0.6894
vn 0.0403 -0.9990 -0.0179
vn 0.0298 -0.9289 -0.3691
vn -0.0002 -0.6981 -0.7160
vn 0.0182 -0.6991 -0.7148
vn 0.0598 -0.6970 -0.7146
vn 0.1225 -0.6891 -0.7142
vn 0.1621 -0.7064 0.6890
vn 0.0828 -0.7192 0.6899
vn -0.0300 -0.3471 -0.9373
vn -0.0767 0.0061 -0.9970
vn -0.0641 0.0054 -0.9979
vn -0.0036 -0.3467 -0.9380
vn -0.1230 0.3570 -0.9260
vn -0.1223 0.3553 -0.9267
vn -0.0450 0.0066 -0.9990
vn 0.0364 -0.3427 -0.9387
vn -0.1211 0.3542 -0.9273
vn -0.0414 -0.3453 -0.9376
vn -0.0819 0.0079 -0.9966
vn -0.1231 0.3587 -0.9253
vn -0.1630 0.7039 -0.6913
vn -0.1671 0.7025 -0.6918
vn -0.1763 0.7000 -0.6921
vn -0.1899 0.6968 -0.6917
vn -0.1919 0.9222 -0.3356
vn -0.1969 0.9802 0.0196
vn -0.2099 0.9775 0.0201
vn -0.2058 0.9194 -0.3351
vn -0.1878 0.9088 0.3725
vn -0.1954 0.9070 0.3730
vn -0.2291 0.9732 0.0207
vn -0.2266 0.9150 -0.3340
vn -0.2066 0.9048 0.3724
vn -0.1860 0.9234 -0.3357
vn -0.1914 0.9813 0.0192
vn -0.1845 0.9098 0.3717
vn -0.1595 0.6765 0.7189
vn -0.1584 0.6753 0.7203
vn -0.1555 0.6752 0.7211
vn -0.1511 0.6770 0.7203
vn -0.1107 0.3211 0.9405
vn -0.0624 -0.0319 0.9975
vn -0.0341 -0.0295 0.9990
vn -0.0947 0.3226 0.9418
vn -0.0156 -0.3815 0.9242
vn 0.0255 -0.3784 0.9253
vn 0.0086 -0.0219 0.9997
vn -0.0709 0.3282 0.9420
vn 0.0872 -0.3688 0.9254
vn -0.1174 0.3224 0.9393
vn -0.0748 -0.0307 0.9967
vn -0.0337 -0.3806 0.9241
vn 0.0228 -0.9417 0.3356
vn 0.0302 -0.9994 -0.0190
vn 0.0318 -0.9993 -0.0189
vn 0.0245 -0.9417 0.3356
vn 0.0212 -0.9283 -0.3711
vn 0.0225 -0.9284 -0.3709
vn 0.0341 -0.9992 -0.0185
vn 0.0269 -0.9416 0.3355
vn 0.0243 -0.9286 -0.3703
vn -0.0031 -0.7229 0.6909
vn 0.0224 -0.9418 0.3356
vn -0.0028 -0.7229 0.6909
vn 0.0298 -0.9994 -0.0190
vn 0.0209 -0.9283 -0.3712
vn -0.0061 -0.6962 -0.7178
vn -0.0053 -0.6964 -0.7176
vn -0.0041 -0.6970 -0.7171
vn 0.0006 -0.7234 0.6905
vn -0.0014 -0.7230 0.6908
vn -0.0441 -0.3429 -0.9383
vn -0.0824 0.0098 -0.9966
vn -0.0825 0.0096 -0.9965
vn -0.0439 -0.3431 -0.9383
vn -0.1222 0.3599 -0.9250
vn -0.1224 0.3598 -0.9250
vn -0.0826 0.0091 -0.9965
vn -0.0435 -0.3438 -0.9380
vn -0.1228 0.3595 -0.9250
vn -0.0440 -0.3429 -0.9383
vn -0.0821 0.0098 -0.9966
vn -0.1219 0.3598 -0.9250
vn -0.1614 0.7044 -0.6912
vn -0.1617 0.7044 -0.6911
vn -0.1619 0.7044 -0.6911
vn -0.1622 0.7043 -0.6911
vn -0.1846 0.9237 -0.3357
vn -0.1901 0.9816 0.0191
vn -0.1902 0.9816 0.0191
vn -0.1848 0.9237 -0.3357
vn -0.1832 0.9102 0.3713
vn -0.1834 0.9102 0.3713
vn -0.1904 0.9815 0.0191
vn -0.1850 0.9236 -0.3357
vn -0.1837 0.9101 0.3714
vn -0.1844 0.9237 -0.3357
vn -0.1899 0.9816 0.0191
vn -0.1829 0.9103 0.3714
vn -0.1584 0.6776 0.7182
vn -0.1587 0.6776 0.7181
vn -0.1590 0.6775 0.7181
vn -0.1593 0.6772 0.7183
vn -0.1182 0.3244 0.9385
vn -0.0780 -0.0281 0.9966
vn -0.0777 -0.0284 0.9966
vn -0.1183 0.3242 0.9386
vn -0.0399 -0.3783 0.9248
vn -0.0391 -0.3785 0.9248
vn -0.0772 -0.0292 0.9966
vn -0.1184 0.3236 0.9388
vn -0.0378 -0.3793 0.9245
vn -0.1179 0.3244 0.9385
vn -0.0779 -0.0281 0.9966
vn -0.0400 -0.3783 0.9248
vn 0.0487 -0.9406 0.3360
vn 0.0567 -0.9982 -0.0191
vn 0.0415 -0.9990 -0.0191
vn 0.0339 -0.9413 0.3357
vn 0.0470 -0.9272 -0.3717
vn 0.0323 -0.9279 -0.3714
vn 0.0328 -0.9993 -0.0191
vn 0.0254 -0.9417 0.3356
vn 0.0239 -0.9282 -0.3712
vn 0.0388 -0.7202 0.6927
vn 0.0693 -0.9392 0.3364
vn 0.0204 -0.7217 0.6920
vn 0.0778 -0.9968 -0.0191
vn 0.0675 -0.9257 -0.3721
vn 0.0351 -0.6934 -0.7197
vn 0.0171 -0.6949 -0.7189
vn 0.0040 -0.6957 -0.7183
vn -0.0035 -0.6961 -0.7180
vn -0.0005 -0.7229 0.6910
vn 0.0071 -0.7225 0.6913
vn -0.0257 -0.3416 -0.9395
vn -0.0687 0.0109 -0.9976
vn -0.0761 0.0101 -0.9970
vn -0.0360 -0.3424 -0.9389
vn -0.1130 0.3607 -0.9258
vn -0.1178 0.3602 -0.9254
vn -0.0804 0.0098 -0.9967
vn -0.0418 -0.3428 -0.9385
vn -0.1207 0.3599 -0.9252
vn -0.0116 -0.3403 -0.9403
vn -0.0585 0.0120 -0.9982
vn -0.1064 0.3615 -0.9263
vn -0.1538 0.7055 -0.6919
vn -0.1570 0.7050 -0.6916
vn -0.1593 0.7047 -0.6914
vn -0.1607 0.7045 -0.6913
vn -0.1831 0.9239 -0.3359
vn -0.1895 0.9817 0.0191
vn -0.1896 0.9817 0.0191
vn -0.1837 0.9238 -0.3358
vn -0.1815 0.9105 0.3716
vn -0.1822 0.9104 0.3715
vn -0.1897 0.9817 0.0191
vn -0.1841 0.9238 -0.3358
vn -0.1826 0.9103 0.3714
vn -0.1824 0.9240 -0.3360
vn -0.1806 0.9106 0.3717
vn -0.1502 0.6787 0.7189
vn -0.1536 0.6783 0.7186
vn -0.1562 0.6779 0.7184
vn -0.1577 0.6777 0.7182
vn -0.1086 0.3253 0.9393
vn -0.0640 -0.0270 0.9976
vn -0.0717 -0.0277 0.9970
vn -0.1137 0.3247 0.9389
vn -0.0213 -0.3770 0.9260
vn -0.0318 -0.3779 0.9253
vn -0.0762 -0.0281 0.9967
vn -0.1167 0.3245 0.9387
vn -0.0379 -0.3782 0.9249
vn -0.1016 0.3262 0.9398
vn -0.0534 -0.0259 0.9982
vn -0.0069 -0.3757 0.9267
vn 0.1173 -0.9343 0.3367
vn 0.1269 -0.9917 -0.0191
vn 0.1165 -0.9930 -0.0191
vn 0.1071 -0.9355 0.3367
vn 0.1151 -0.9209 -0.3725
vn 0.1050 -0.9221 -0.3725
vn 0.0996 -0.9948 -0.0191
vn 0.0906 -0.9373 0.3366
vn 0.0886 -0.9238 -0.3724
vn 0.0854 -0.7157 0.6932
vn 0.1214 -0.9338 0.3367
vn 0.0817 -0.7160 0.6933
vn 0.1312 -0.9912 -0.0191
vn 0.1192 -0.9204 -0.3724
vn 0.0811 -0.6890 -0.7202
vn 0.0774 -0.6893 -0.7203
vn 0.0684 -0.6903 -0.7203
vn 0.0539 -0.6918 -0.7201
vn 0.0578 -0.7185 0.6931
vn 0.0725 -0.7170 0.6933
vn 0.0214 -0.3371 -0.9412
vn -0.0346 0.0142 -0.9993
vn -0.0397 0.0138 -0.9991
vn 0.0143 -0.3378 -0.9411
vn -0.0909 0.3629 -0.9274
vn -0.0942 0.3627 -0.9271
vn -0.0479 0.0130 -0.9988
vn 0.0030 -0.3389 -0.9408
vn -0.0995 0.3622 -0.9268
vn 0.0242 -0.3370 -0.9412
vn -0.0325 0.0142 -0.9994
vn -0.0896 0.3629 -0.9275
vn -0.1459 0.7060 -0.6930
vn -0.1465 0.7061 -0.6928
vn -0.1480 0.7060 -0.6926
vn -0.1505 0.7058 -0.6922
vn -0.1809 0.9242 -0.3365
vn -0.1897 0.9816 0.0191
vn -0.1812 0.9242 -0.3363
vn -0.1788 0.9108 0.3722
vn -0.1791 0.9108 0.3720
vn -0.1817 0.9241 -0.3361
vn -0.1798 0.9107 0.3718
vn -0.1809 0.9241 -0.3366
vn -0.1787 0.9107 0.3723
vn -0.1416 0.6793 0.7201
vn -0.1422 0.6794 0.7199
vn -0.1439 0.6793 0.7196
vn -0.1466 0.6791 0.7192
vn -0.0853 0.3276 0.9409
vn -0.0286 -0.0235 0.9993
vn -0.0339 -0.0240 0.9991
vn -0.0888 0.3274 0.9407
vn 0.0270 -0.3724 0.9277
vn 0.0198 -0.3731 0.9276
vn -0.0424 -0.0248 0.9988
vn -0.0944 0.3269 0.9403
vn 0.0081 -0.3743 0.9273
vn -0.0839 0.3276 0.9411
vn -0.0264 -0.0235 0.9994
vn 0.0300 -0.3723 0.9276
vn 0.1221 -0.9337 0.3366
vn 0.1319 -0.9911 -0.0191
vn 0.1200 -0.9203 -0.3724
vn 0.1199 -0.9203 -0.3724
vn 0.1318 -0.9911 -0.0191
vn 0.1221 -0.9337 0.3367
vn 0.0861 -0.7157 0.6931
vn 0.0861 -0.7156 0.6931
vn 0.0817 -0.6890 -0.7202
vn 0.0816 -0.6890 -0.7202
vn 0.0860 -0.7156 0.6932
vn 0.0860 -0.7156 0.6931
vn 0.0247 -0.3371 -0.9412
vn -0.0322 0.0141 -0.9994
vn -0.0895 0.3627 -0.9276
vn -0.0322 0.0142 -0.9994
vn 0.0247 -0.3370 -0.9412
vn -0.0894 0.3628 -0.9276
vn -0.1460 0.7059 -0.6931
vn -0.1459 0.7059 -0.6931
vn -0.1811 0.9240 -0.3366
vn -0.1811 0.9241 -0.3366
vn -0.1789 0.9107 0.3724
vn -0.1900 0.9816 0.0191
vn -0.1810 0.9241 -0.3366
vn -0.1788 0.9107 0.3724
vn -0.1790 0.9107 0.3724
vn -0.1417 0.6792 0.7202
vn -0.1416 0.6792 0.7202
vn -0.1415 0.6793 0.7201
vn -0.0837 0.3274 0.9412
vn -0.0261 -0.0236 0.9994
vn -0.0837 0.3275 0.9411
vn 0.0305 -0.3723 0.9276
vn 0.0304 -0.3723 0.9276
vn 0.1211 -0.9339 0.3365
vn 0.1308 -0.9912 -0.0191
vn 0.1314 -0.9911 -0.0191
vn 0.1217 -0.9338 0.3366
vn 0.1190 -0.9205 -0.3722
vn 0.1195 -0.9204 -0.3723
vn 0.1317 -0.9911 -0.0191
vn 0.1220 -0.9337 0.3366
vn 0.1198 -0.9203 -0.3724
vn 0.0861 -0.7160 0.6927
vn 0.1218 -0.9338 0.3363
vn 0.0854 -0.7160 0.6929
vn 0.1197 -0.9205 -0.3720
vn 0.0818 -0.6894 -0.7198
vn 0.0811 -0.6893 -0.7199
vn 0.0814 -0.6891 -0.7201
vn 0.0816 -0.6890 -0.7201
vn 0.0860 -0.7157 0.6931
vn 0.0858 -0.7158 0.6930
vn 0.0245 -0.3374 -0.9410
vn -0.0322 0.0139 -0.9994
vn -0.0322 0.0140 -0.9994
vn 0.0246 -0.3372 -0.9411
vn -0.0894 0.3626 -0.9276
vn 0.0247 -0.3371 -0.9411
vn 0.0252 -0.3375 -0.9410
vn -0.0317 0.0139 -0.9994
vn -0.0892 0.3627 -0.9276
vn -0.1463 0.7059 -0.6930
vn -0.1461 0.7059 -0.6931
vn -0.1813 0.9240 -0.3366
vn -0.1903 0.9815 0.0191
vn -0.1812 0.9240 -0.3366
vn -0.1791 0.9106 0.3723
vn -0.1791 0.9106 0.3724
vn -0.1819 0.9239 -0.3365
vn -0.1910 0.9814 0.0191
vn -0.1797 0.9106 0.3723
vn -0.1419 0.6792 0.7201
vn -0.0261 -0.0238 0.9994
vn -0.0261 -0.0237 0.9994
vn 0.0302 -0.3727 0.9275
vn 0.0304 -0.3725 0.9276
vn 0.0305 -0.3724 0.9276
vn -0.0834 0.3274 0.9412
vn -0.0255 -0.0239 0.9994
vn 0.0310 -0.3728 0.9274
vn 0.2029 -0.9194 0.3369
vn 0.2151 -0.9764 -0.0191
vn 0.1684 -0.9855 -0.0191
vn 0.1577 -0.9284 0.3365
vn 0.2000 -0.9062 -0.3726
vn 0.1553 -0.9150 -0.3723
vn 0.1412 -0.9898 -0.0191
vn 0.1313 -0.9325 0.3363
vn 0.1291 -0.9192 -0.3720
vn 0.2064 -0.6895 0.6942
vn 0.2620 -0.9044 0.3369
vn 0.1561 -0.7028 0.6941
vn 0.2763 -0.9609 -0.0191
vn 0.2585 -0.8912 -0.3727
vn 0.1995 -0.6633 -0.7213
vn 0.1504 -0.6762 -0.7212
vn 0.1124 -0.6843 -0.7205
vn 0.0901 -0.6882 -0.7200
vn 0.0945 -0.7148 0.6929
vn 0.1173 -0.7109 0.6935
vn 0.0743 -0.3270 -0.9421
vn -0.0023 0.0213 -0.9998
vn -0.0183 0.0170 -0.9997
vn 0.0473 -0.3332 -0.9417
vn -0.0790 0.3668 -0.9269
vn -0.0845 0.3647 -0.9273
vn -0.0279 0.0148 -0.9995
vn 0.0313 -0.3364 -0.9412
vn -0.0879 0.3634 -0.9275
vn 0.1084 -0.3175 -0.9420
vn 0.0172 0.0272 -0.9995
vn -0.0734 0.3693 -0.9264
vn -0.1624 0.7047 -0.6907
vn -0.1548 0.7057 -0.6914
vn -0.1502 0.7060 -0.6921
vn -0.1474 0.7061 -0.6926
vn -0.2030 0.9199 -0.3354
vn -0.2157 0.9763 0.0190
vn -0.2025 0.9791 0.0191
vn -0.1917 0.9222 -0.3359
vn -0.2000 0.9068 0.3710
vn -0.1891 0.9090 0.3715
vn -0.1944 0.9807 0.0191
vn -0.1847 0.9235 -0.3362
vn -0.1824 0.9102 0.3720
vn -0.2194 0.9163 -0.3350
vn -0.2346 0.9719 0.0190
vn -0.2159 0.9034 0.3706
vn -0.1555 0.6787 0.7177
vn -0.1489 0.6795 0.7184
vn -0.1451 0.6796 0.7191
vn -0.1428 0.6795 0.7197
vn -0.0712 0.3319 0.9406
vn 0.0060 -0.0161 0.9999
vn -0.0112 -0.0206 0.9997
vn -0.0778 0.3296 0.9409
vn 0.0819 -0.3620 0.9286
vn 0.0539 -0.3684 0.9281
vn -0.0215 -0.0230 0.9995
vn -0.0818 0.3281 0.9411
vn 0.0372 -0.3717 0.9276
vn -0.0642 0.3348 0.9401
vn 0.0270 -0.0098 0.9996
vn 0.1176 -0.3522 0.9285
vn 0.3264 -0.8832 0.3367
vn 0.3477 -0.9374 -0.0191
vn 0.3550 -0.9347 -0.0191
vn 0.3359 -0.8797 0.3365
vn 0.3215 -0.8706 -0.3725
vn 0.3314 -0.8670 -0.3723
vn 0.3298 -0.9438 -0.0191
vn 0.3131 -0.8881 0.3365
vn 0.3090 -0.8752 -0.3723
vn 0.1947 -0.6959 0.6912
vn 0.2812 -0.8990 0.3357
vn 0.2460 -0.6771 0.6936
vn 0.3046 -0.9523 -0.0190
vn 0.2760 -0.8865 -0.3714
vn 0.1843 -0.6710 -0.7181
vn 0.2362 -0.6519 -0.7206
vn 0.2537 -0.6454 -0.7205
vn 0.2401 -0.6505 -0.7206
vn 0.2481 -0.6764 0.6935
vn 0.2627 -0.6710 0.6934
vn 0.1074 -0.3189 -0.9417
vn -0.0209 0.0140 -0.9997
vn 0.0160 0.0276 -0.9995
vn 0.1347 -0.3088 -0.9416
vn -0.1480 0.3446 -0.9270
vn -0.1010 0.3619 -0.9267
vn 0.0274 0.0308 -0.9991
vn 0.1337 -0.3095 -0.9415
vn -0.0774 0.3689 -0.9262
vn 0.0486 -0.3423 -0.9383
vn -0.0866 -0.0137 -0.9961
vn -0.2219 0.3121 -0.9238
vn -0.3547 0.6317 -0.6893
vn -0.2724 0.6689 -0.6916
vn -0.2154 0.6898 -0.6912
vn -0.1800 0.7004 -0.6906
vn -0.3506 0.8743 -0.3357
vn -0.3711 0.9284 0.0190
vn -0.3074 0.9514 0.0190
vn -0.2881 0.8970 -0.3354
vn -0.3458 0.8617 0.3713
vn -0.2837 0.8843 0.3710
vn -0.2633 0.9645 0.0190
vn -0.2457 0.9096 -0.3350
vn -0.2417 0.8968 0.3706
vn -0.4370 0.8349 -0.3347
vn -0.4581 0.8887 0.0190
vn -0.4319 0.8224 0.3702
vn -0.3445 0.6068 0.7163
vn -0.2628 0.6438 0.7187
vn -0.2065 0.6644 0.7183
vn -0.1720 0.6748 0.7177
vn -0.1352 0.3112 0.9407
vn -0.0071 -0.0218 0.9997
vn 0.0287 -0.0086 0.9996
vn -0.0892 0.3282 0.9404
vn 0.1203 -0.3523 0.9281
vn 0.1466 -0.3426 0.9280
vn 0.0388 -0.0058 0.9992
vn -0.0668 0.3348 0.9399
vn 0.1444 -0.3437 0.9279
vn -0.2083 0.2791 0.9374
vn -0.0720 -0.0490 0.9962
vn 0.0623 -0.3752 0.9248
vn -0.2099 -0.9387 0.2735
vn -0.2056 -0.9785 -0.0153
vn 0.0526 -0.9985 -0.0178
vn 0.0294 -0.9490 0.3140
vn -0.2145 -0.9287 -0.3025
vn 0.0241 -0.9374 -0.3473
vn 0.2147 -0.9765 -0.0188
vn 0.1897 -0.9246 0.3305
vn 0.1843 -0.9124 -0.3656
vn -0.2715 -0.7767 0.5683
vn -0.2808 -0.7566 -0.5905
vn -0.0682 -0.7387 -0.6706
vn 0.0888 -0.7022 -0.7064
vn 0.0995 -0.7265 0.6799
vn -0.0578 -0.7616 0.6454
vn -0.4167 -0.4944 -0.7629
vn -0.5497 -0.2372 -0.8009
vn -0.3410 -0.1336 -0.9305
vn -0.2045 -0.4360 -0.8764
vn -0.6580 0.0291 -0.7524
vn -0.4767 0.1663 -0.8632
vn -0.1882 -0.0602 -0.9803
vn -0.0499 -0.3811 -0.9232
vn -0.3281 0.2570 -0.9090
vn -0.7675 0.2961 -0.5685
vn -0.6108 0.4602 -0.6443
vn -0.4660 0.5682 -0.6782
vn -0.8517 0.4469 -0.2735
vn -0.8796 0.4755 0.0153
vn -0.7166 0.6973 0.0178
vn -0.6945 0.6479 -0.3130
vn -0.8471 0.4369 0.3025
vn -0.6893 0.6364 0.3462
vn -0.5715 0.8204 0.0187
vn -0.5502 0.7673 -0.3294
vn -0.5449 0.7552 0.3643
vn -0.7582 0.2759 0.5907
vn -0.6005 0.4373 0.6695
vn -0.4555 0.5440 0.7047
vn -0.6458 0.0028 0.7635
vn -0.5368 -0.2650 0.8010
vn -0.3263 -0.1660 0.9306
vn -0.4630 0.1360 0.8759
vn -0.4045 -0.5207 0.7519
vn -0.1907 -0.4664 0.8638
vn -0.1732 -0.0946 0.9803
vn -0.3141 0.2249 0.9223
vn -0.0358 -0.4132 0.9099
vn -0.3632 -0.8618 -0.3541
vn -0.4043 -0.9146 -0.0096
vn -0.4642 -0.8857 -0.0013
vn -0.4200 -0.8409 -0.3413
vn -0.4011 -0.8544 0.3303
vn -0.4609 -0.8242 0.3291
vn -0.4971 -0.8676 0.0113
vn -0.4529 -0.8305 -0.3243
vn -0.4930 -0.8044 0.3314
vn -0.1978 -0.6743 -0.7115
vn -0.2791 -0.8893 -0.3623
vn -0.2656 -0.6572 -0.7053
vn -0.3134 -0.9495 -0.0138
vn -0.3094 -0.8905 0.3335
vn -0.2569 -0.6826 0.6842
vn -0.3409 -0.6534 0.6759
vn -0.3966 -0.6301 0.6676
vn -0.4271 -0.6161 0.6618
vn -0.3415 -0.6450 -0.6836
vn -0.3127 -0.6466 -0.6958
vn -0.2276 -0.3320 0.9154
vn -0.1039 0.0074 0.9946
vn -0.1325 0.0217 0.9909
vn -0.2719 -0.3169 0.9087
vn 0.0204 0.3529 0.9355
vn 0.0081 0.3683 0.9297
vn -0.1467 0.0334 0.9886
vn -0.2967 -0.3083 0.9038
vn 0.0053 0.3848 0.9230
vn -0.1614 -0.3519 0.9220
vn -0.0594 -0.0087 0.9982
vn 0.0432 0.3385 0.9400
vn 0.1466 0.6816 0.7169
vn 0.1445 0.6894 0.7098
vn 0.1460 0.6994 0.6997
vn 0.1505 0.7112 0.6867
vn 0.2327 0.9015 0.3649
vn 0.2715 0.9622 0.0211
vn 0.2848 0.9584 0.0205
vn 0.2422 0.9020 0.3575
vn 0.2721 0.9044 -0.3285
vn 0.2864 0.9015 -0.3245
vn 0.2922 0.9562 0.0195
vn 0.2489 0.9039 0.3478
vn 0.2945 0.9006 -0.3197
vn 0.2201 0.9026 0.3701
vn 0.2517 0.9676 0.0212
vn 0.2508 0.9094 -0.3318
vn 0.2060 0.6936 -0.6903
vn 0.2205 0.6919 -0.6876
vn 0.2307 0.6920 -0.6841
vn 0.2370 0.6939 -0.6799
vn 0.1185 0.3551 -0.9273
vn 0.0012 0.0134 -0.9999
vn -0.0132 0.0150 -0.9998
vn 0.1180 0.3565 -0.9268
vn -0.1280 -0.3266 -0.9365
vn -0.1586 -0.3228 -0.9331
vn -0.0221 0.0140 -0.9997
vn 0.1180 0.3579 -0.9263
vn -0.1778 -0.3249 -0.9289
vn 0.1195 0.3539 -0.9276
vn 0.0219 0.0096 -0.9997
vn -0.0845 -0.3350 -0.9384
vn -0.0532 -0.9284 -0.3678
vn -0.0662 -0.9977 -0.0171
vn -0.1239 -0.9922 -0.0163
vn -0.1058 -0.9241 -0.3671
vn -0.0595 -0.9402 0.3355
vn -0.1179 -0.9344 0.3361
vn -0.2104 -0.9775 -0.0155
vn -0.1848 -0.9121 -0.3660
vn -0.2053 -0.9193 0.3358
vn 0.0002 -0.6981 -0.7160
vn -0.0298 -0.9289 -0.3691
vn -0.0182 -0.6991 -0.7148
vn -0.0403 -0.9990 -0.0179
vn -0.0333 -0.9415 0.3354
vn -0.0062 -0.7240 0.6898
vn -0.0299 -0.7237 0.6894
vn -0.0828 -0.7192 0.6899
vn -0.1621 -0.7064 0.6890
vn -0.1225 -0.6891 -0.7142
vn -0.0598 -0.6970 -0.7146
vn 0.0156 -0.3815 0.9242
vn 0.0624 -0.0319 0.9975
vn 0.0341 -0.0295 0.9990
vn -0.0255 -0.3784 0.9253
vn 0.1107 0.3211 0.9405
vn 0.0947 0.3226 0.9418
vn -0.0086 -0.0219 0.9997
vn -0.0872 -0.3688 0.9254
vn 0.0709 0.3282 0.9420
vn 0.0337 -0.3806 0.9241
vn 0.0748 -0.0307 0.9967
vn 0.1174 0.3224 0.9393
vn 0.1595 0.6765 0.7189
vn 0.1584 0.6753 0.7203
vn 0.1555 0.6752 0.7211
vn 0.1511 0.6770 0.7203
vn 0.1878 0.9088 0.3725
vn 0.1969 0.9802 0.0196
vn 0.2099 0.9775 0.0201
vn 0.1954 0.9070 0.3730
vn 0.1919 0.9222 -0.3356
vn 0.2058 0.9194 -0.3352
vn 0.2291 0.9732 0.0207
vn 0.2066 0.9048 0.3724
vn 0.2266 0.9150 -0.3340
vn 0.1845 0.9098 0.3717
vn 0.1914 0.9813 0.0192
vn 0.1860 0.9234 -0.3357
vn 0.1630 0.7039 -0.6913
vn 0.1671 0.7025 -0.6918
vn 0.1763 0.7000 -0.6921
vn 0.1899 0.6968 -0.6917
vn 0.1230 0.3570 -0.9260
vn 0.0767 0.0061 -0.9970
vn 0.0641 0.0054 -0.9979
vn 0.1223 0.3553 -0.9267
vn 0.0300 -0.3471 -0.9373
vn 0.0036 -0.3467 -0.9380
vn 0.0450 0.0066 -0.9990
vn 0.1211 0.3542 -0.9273
vn -0.0364 -0.3427 -0.9387
vn 0.1231 0.3587 -0.9253
vn 0.0819 0.0079 -0.9966
vn 0.0414 -0.3453 -0.9376
vn -0.0212 -0.9283 -0.3711
vn -0.0302 -0.9994 -0.0190
vn -0.0318 -0.9993 -0.0189
vn -0.0225 -0.9284 -0.3709
vn -0.0229 -0.9417 0.3356
vn -0.0245 -0.9417 0.3356
vn -0.0341 -0.9992 -0.0185
vn -0.0243 -0.9286 -0.3703
vn -0.0269 -0.9417 0.3355
vn 0.0061 -0.6962 -0.7178
vn -0.0209 -0.9283 -0.3712
vn -0.0298 -0.9994 -0.0190
vn -0.0224 -0.9418 0.3356
vn 0.0031 -0.7229 0.6909
vn 0.0028 -0.7229 0.6909
vn 0.0014 -0.7230 0.6908
vn -0.0006 -0.7234 0.6905
vn 0.0041 -0.6970 -0.7171
vn 0.0053 -0.6964 -0.7176
vn 0.0399 -0.3783 0.9248
vn 0.0780 -0.0281 0.9966
vn 0.0777 -0.0284 0.9966
vn 0.0391 -0.3785 0.9248
vn 0.1182 0.3244 0.9385
vn 0.1183 0.3242 0.9386
vn 0.0772 -0.0292 0.9966
vn 0.0378 -0.3793 0.9245
vn 0.1184 0.3236 0.9388
vn 0.0400 -0.3783 0.9248
vn 0.0779 -0.0281 0.9966
vn 0.1179 0.3244 0.9385
vn 0.1584 0.6776 0.7182
vn 0.1587 0.6776 0.7181
vn 0.1590 0.6775 0.7181
vn 0.1593 0.6772 0.7183
vn 0.1832 0.9102 0.3713
vn 0.1901 0.9816 0.0191
vn 0.1902 0.9816 0.0191
vn 0.1834 0.9102 0.3713
vn 0.1846 0.9237 -0.3357
vn 0.1848 0.9237 -0.3357
vn 0.1904 0.9815 0.0191
vn 0.1837 0.9101 0.3714
vn 0.1850 0.9236 -0.3357
vn 0.1829 0.9103 0.3714
vn 0.1899 0.9816 0.0191
vn 0.1844 0.9237 -0.3357
vn 0.1614 0.7044 -0.6912
vn 0.1617 0.7044 -0.6911
vn 0.1619 0.7044 -0.6911
vn 0.1622 0.7043 -0.6911
vn 0.1222 0.3599 -0.9250
vn 0.0824 0.0098 -0.9966
vn 0.0825 0.0096 -0.9965
vn 0.1224 0.3598 -0.9250
vn 0.0441 -0.3429 -0.9383
vn 0.0439 -0.3431 -0.9383
vn 0.0826 0.0091 -0.9965
vn 0.1228 0.3595 -0.9250
vn 0.0435 -0.3438 -0.9380
vn 0.1219 0.3598 -0.9250
vn 0.0821 0.0098 -0.9966
vn 0.0440 -0.3429 -0.9383
vn -0.0470 -0.9272 -0.3717
vn -0.0567 -0.9982 -0.0191
vn -0.0415 -0.9990 -0.0191
vn -0.0323 -0.9279 -0.3714
vn -0.0487 -0.9406 0.3360
vn -0.0339 -0.9413 0.3357
vn -0.0328 -0.9993 -0.0190
vn -0.0239 -0.9282 -0.3712
vn -0.0254 -0.9417 0.3356
vn -0.0351 -0.6934 -0.7197
vn -0.0675 -0.9257 -0.3721
vn -0.0171 -0.6949 -0.7189
vn -0.0778 -0.9968 -0.0191
vn -0.0693 -0.9392 0.3364
vn -0.0388 -0.7202 0.6927
vn -0.0204 -0.7217 0.6919
vn -0.0071 -0.7225 0.6913
vn 0.0005 -0.7229 0.6910
vn 0.0035 -0.6961 -0.7180
vn -0.0040 -0.6957 -0.7183
vn 0.0213 -0.3770 0.9260
vn 0.0640 -0.0270 0.9976
vn 0.0717 -0.0277 0.9970
vn 0.0318 -0.3779 0.9253
vn 0.1086 0.3253 0.9393
vn 0.1137 0.3247 0.9389
vn 0.0762 -0.0281 0.9967
vn 0.0379 -0.3782 0.9249
vn 0.1167 0.3245 0.9387
vn 0.0069 -0.3757 0.9267
vn 0.0534 -0.0259 0.9982
vn 0.1016 0.3262 0.9398
vn 0.1502 0.6787 0.7189
vn 0.1536 0.6783 0.7186
vn 0.1562 0.6779 0.7184
vn 0.1577 0.6777 0.7182
vn 0.1815 0.9105 0.3716
vn 0.1895 0.9817 0.0191
vn 0.1896 0.9817 0.0191
vn 0.1822 0.9104 0.3715
vn 0.1831 0.9239 -0.3359
vn 0.1837 0.9238 -0.3358
vn 0.1897 0.9817 0.0191
vn 0.1826 0.9103 0.3714
vn 0.1841 0.9238 -0.3358
vn 0.1806 0.9106 0.3717
vn 0.1824 0.9240 -0.3360
vn 0.1538 0.7055 -0.6919
vn 0.1570 0.7050 -0.6916
vn 0.1593 0.7047 -0.6914
vn 0.1607 0.7045 -0.6913
vn 0.1130 0.3607 -0.9258
vn 0.0687 0.0109 -0.9976
vn 0.0761 0.0101 -0.9970
vn 0.1178 0.3602 -0.9254
vn 0.0257 -0.3416 -0.9395
vn 0.0360 -0.3424 -0.9389
vn 0.0804 0.0098 -0.9967
vn 0.1207 0.3599 -0.9252
vn 0.0418 -0.3428 -0.9385
vn 0.1064 0.3615 -0.9263
vn 0.0585 0.0120 -0.9982
vn 0.0116 -0.3403 -0.9403
vn -0.1151 -0.9209 -0.3725
vn -0.1269 -0.9917 -0.0191
vn -0.1165 -0.9930 -0.0191
vn -0.1050 -0.9221 -0.3725
vn -0.1173 -0.9343 0.3367
vn -0.1071 -0.9355 0.3367
vn -0.0996 -0.9948 -0.0191
vn -0.0886 -0.9238 -0.3724
vn -0.0906 -0.9373 0.3366
vn -0.0811 -0.6890 -0.7202
vn -0.1192 -0.9204 -0.3724
vn -0.0774 -0.6893 -0.7203
vn -0.1311 -0.9912 -0.0191
vn -0.1214 -0.9338 0.3367
vn -0.0854 -0.7157 0.6932
vn -0.0817 -0.7160 0.6933
vn -0.0725 -0.7170 0.6933
vn -0.0578 -0.7185 0.6931
vn -0.0539 -0.6918 -0.7201
vn -0.0684 -0.6903 -0.7203
vn -0.0270 -0.3724 0.9277
vn 0.0286 -0.0235 0.9993
vn 0.0339 -0.0240 0.9991
vn -0.0198 -0.3731 0.9276
vn 0.0853 0.3276 0.9409
vn 0.0888 0.3274 0.9407
vn 0.0424 -0.0248 0.9988
vn -0.0081 -0.3743 0.9273
vn 0.0944 0.3269 0.9403
vn -0.0300 -0.3723 0.9276
vn 0.0264 -0.0235 0.9994
vn 0.0839 0.3276 0.9411
vn 0.1416 0.6793 0.7201
vn 0.1422 0.6794 0.7199
vn 0.1439 0.6793 0.7196
vn 0.1466 0.6791 0.7192
vn 0.1788 0.9108 0.3722
vn 0.1897 0.9816 0.0191
vn 0.1791 0.9108 0.3720
vn 0.1809 0.9242 -0.3365
vn 0.1812 0.9242 -0.3363
vn 0.1798 0.9107 0.3718
vn 0.1817 0.9241 -0.3361
vn 0.1787 0.9107 0.3723
vn 0.1809 0.9241 -0.3366
vn 0.1459 0.7060 -0.6930
vn 0.1465 0.7061 -0.6928
vn 0.1480 0.7060 -0.6926
vn 0.1505 0.7058 -0.6922
vn 0.0909 0.3629 -0.9274
vn 0.0346 0.0142 -0.9993
vn 0.0397 0.0138 -0.9991
vn 0.0942 0.3627 -0.9271
vn -0.0214 -0.3371 -0.9412
vn -0.0143 -0.3378 -0.9411
vn 0.0479 0.0130 -0.9988
vn 0.0995 0.3622 -0.9268
vn -0.0030 -0.3389 -0.9408
vn 0.0896 0.3629 -0.9275
vn 0.0325 0.0142 -0.9994
vn -0.0242 -0.3370 -0.9412
vn -0.1200 -0.9203 -0.3724
vn -0.1319 -0.9911 -0.0191
vn -0.1199 -0.9203 -0.3724
vn -0.1221 -0.9337 0.3366
vn -0.1318 -0.9911 -0.0191
vn -0.1221 -0.9337 0.3367
vn -0.0817 -0.6890 -0.7202
vn -0.0861 -0.7157 0.6931
vn -0.0860 -0.7156 0.6931
vn -0.0860 -0.7156 0.6932
vn -0.0816 -0.6890 -0.7202
vn -0.0305 -0.3723 0.9276
vn 0.0261 -0.0236 0.9994
vn 0.0837 0.3274 0.9412
vn 0.0837 0.3275 0.9411
vn 0.1417 0.6792 0.7202
vn 0.1416 0.6792 0.7202
vn 0.1415 0.6793 0.7201
vn 0.1789 0.9107 0.3724
vn 0.1811 0.9240 -0.3366
vn 0.1811 0.9241 -0.3366
vn 0.1900 0.9816 0.0191
vn 0.1788 0.9107 0.3724
vn 0.1810 0.9241 -0.3366
vn 0.1790 0.9107 0.3724
vn 0.1812 0.9240 -0.3366
vn 0.1460 0.7059 -0.6931
vn 0.1459 0.7059 -0.6931
vn 0.0895 0.3627 -0.9276
vn 0.0322 0.0141 -0.9994
vn -0.0247 -0.3371 -0.9412
vn -0.0247 -0.3370 -0.9412
vn 0.0322 0.0142 -0.9994
vn 0.0894 0.3628 -0.9276
vn -0.1190 -0.9205 -0.3722
vn -0.1307 -0.9912 -0.0191
vn -0.1314 -0.9911 -0.0191
vn -0.1195 -0.9204 -0.3723
vn -0.1211 -0.9339 0.3365
vn -0.1217 -0.9338 0.3366
vn -0.1317 -0.9911 -0.0191
vn -0.1198 -0.9203 -0.3724
vn -0.1220 -0.9337 0.3366
vn -0.0818 -0.6894 -0.7198
vn -0.1197 -0.9205 -0.3720
vn -0.0811 -0.6893 -0.7199
vn -0.1218 -0.9338 0.3363
vn -0.0861 -0.7160 0.6927
vn -0.0854 -0.7160 0.6929
vn -0.0858 -0.7158 0.6931
vn -0.0860 -0.7157 0.6931
vn -0.0816 -0.6890 -0.7201
vn -0.0814 -0.6891 -0.7201
vn -0.0302 -0.3727 0.9275
vn 0.0261 -0.0238 0.9994
vn 0.0261 -0.0237 0.9994
vn -0.0304 -0.3725 0.9276
vn -0.0305 -0.3724 0.9276
vn -0.0310 -0.3728 0.9274
vn 0.0255 -0.0239 0.9994
vn 0.0834 0.3274 0.9412
vn 0.1419 0.6792 0.7201
vn 0.1792 0.9106 0.3723
vn 0.1903 0.9815 0.0191
vn 0.1790 0.9106 0.3724
vn 0.1813 0.9240 -0.3366
vn 0.1797 0.9106 0.3723
vn 0.1910 0.9814 0.0191
vn 0.1819 0.9239 -0.3365
vn 0.1463 0.7059 -0.6930
vn 0.1461 0.7059 -0.6931
vn 0.0894 0.3626 -0.9276
vn 0.0322 0.0139 -0.9994
vn 0.0322 0.0140 -0.9994
vn -0.0245 -0.3374 -0.9410
vn -0.0246 -0.3372 -0.9411
vn -0.0247 -0.3371 -0.9411
vn 0.0892 0.3627 -0.9276
vn 0.0317 0.0139 -0.9994
vn -0.0252 -0.3375 -0.9410
vn -0.2000 -0.9062 -0.3726
vn -0.2150 -0.9764 -0.0191
vn -0.1684 -0.9855 -0.0191
vn -0.1553 -0.9150 -0.3723
vn -0.2029 -0.9194 0.3368
vn -0.1577 -0.9284 0.3365
vn -0.1412 -0.9898 -0.0191
vn -0.1291 -0.9192 -0.3720
vn -0.1313 -0.9325 0.3363
vn -0.1995 -0.6633 -0.7213
vn -0.2585 -0.8912 -0.3727
vn -0.1504 -0.6762 -0.7212
vn -0.2763 -0.9609 -0.0191
vn -0.2620 -0.9044 0.3369
vn -0.2064 -0.6895 0.6942
vn -0.1561 -0.7028 0.6941
vn -0.1173 -0.7109 0.6934
vn -0.0945 -0.7148 0.6929
vn -0.0901 -0.6882 -0.7200
vn -0.1124 -0.6843 -0.7205
vn -0.0819 -0.3620 0.9286
vn -0.0060 -0.0162 0.9999
vn 0.0112 -0.0206 0.9997
vn -0.0539 -0.3684 0.9281
vn 0.0712 0.3319 0.9406
vn 0.0778 0.3296 0.9409
vn 0.0215 -0.0230 0.9995
vn -0.0372 -0.3717 0.9276
vn 0.0818 0.3281 0.9411
vn -0.1176 -0.3522 0.9285
vn -0.0270 -0.0098 0.9996
vn 0.0642 0.3348 0.9401
vn 0.1555 0.6788 0.7177
vn 0.1489 0.6795 0.7184
vn 0.1451 0.6796 0.7191
vn 0.1428 0.6795 0.7197
vn 0.2000 0.9068 0.3710
vn 0.2157 0.9763 0.0190
vn 0.2025 0.9791 0.0191
vn 0.1891 0.9090 0.3715
vn 0.2030 0.9200 -0.3354
vn 0.1917 0.9222 -0.3358
vn 0.1944 0.9807 0.0191
vn 0.1824 0.9102 0.3719
vn 0.1847 0.9235 -0.3362
vn 0.2159 0.9034 0.3706
vn 0.2346 0.9719 0.0190
vn 0.2194 0.9163 -0.3350
vn 0.1624 0.7047 -0.6907
vn 0.1548 0.7057 -0.6914
vn 0.1502 0.7060 -0.6921
vn 0.1474 0.7061 -0.6926
vn 0.0790 0.3668 -0.9269
vn 0.0023 0.0213 -0.9998
vn 0.0183 0.0170 -0.9997
vn 0.0845 0.3647 -0.9273
vn -0.0743 -0.3270 -0.9421
vn -0.0473 -0.3332 -0.9417
vn 0.0279 0.0148 -0.9995
vn 0.0879 0.3634 -0.9275
vn -0.0313 -0.3364 -0.9412
vn 0.0734 0.3693 -0.9264
vn -0.0172 0.0272 -0.9995
vn -0.1084 -0.3175 -0.9420
vn -0.3215 -0.8706 -0.3725
vn -0.3477 -0.9374 -0.0191
vn -0.3550 -0.9347 -0.0191
vn -0.3314 -0.8670 -0.3723
vn -0.3264 -0.8832 0.3367
vn -0.3359 -0.8797 0.3365
vn -0.3298 -0.9438 -0.0191
vn -0.3090 -0.8752 -0.3723
vn -0.3131 -0.8881 0.3365
vn -0.1843 -0.6710 -0.7181
vn -0.2760 -0.8865 -0.3714
vn -0.2362 -0.6519 -0.7206
vn -0.3046 -0.9523 -0.0190
vn -0.2812 -0.8990 0.3357
vn -0.1947 -0.6959 0.6912
vn -0.2460 -0.6771 0.6935
vn -0.2627 -0.6710 0.6934
vn -0.2481 -0.6764 0.6935
vn -0.2401 -0.6505 -0.7206
vn -0.2537 -0.6454 -0.7205
vn -0.1203 -0.3523 0.9281
vn 0.0071 -0.0218 0.9997
vn -0.0287 -0.0086 0.9996
vn -0.1466 -0.3426 0.9280
vn 0.1352 0.3112 0.9407
vn 0.0892 0.3282 0.9404
vn -0.0388 -0.0058 0.9992
vn -0.1444 -0.3437 0.9279
vn 0.0668 0.3348 0.9399
vn -0.0623 -0.3753 0.9248
vn 0.0720 -0.0490 0.9962
vn 0.2083 0.2791 0.9374
vn 0.3445 0.6068 0.7163
vn 0.2628 0.6438 0.7187
vn 0.2065 0.6644 0.7183
vn 0.1720 0.6748 0.7177
vn 0.3458 0.8617 0.3713
vn 0.3711 0.9284 0.0190
vn 0.3074 0.9514 0.0190
vn 0.2837 0.8843 0.3710
vn 0.3506 0.8743 -0.3357
vn 0.2881 0.8970 -0.3354
vn 0.2633 0.9645 0.0190
vn 0.2417 0.8968 0.3706
vn 0.2457 0.9096 -0.3350
vn 0.4319 0.8224 0.3702
vn 0.4581 0.8887 0.0190
vn 0.4370 0.8349 -0.3347
vn 0.3547 0.6317 -0.6893
vn 0.2724 0.6689 -0.6916
vn 0.2154 0.6898 -0.6912
vn 0.1800 0.7004 -0.6906
vn 0.1480 0.3446 -0.9270
vn 0.0209 0.0140 -0.9997
vn -0.0160 0.0276 -0.9995
vn 0.1010 0.3619 -0.9267
vn -0.1074 -0.3189 -0.9417
vn -0.1347 -0.3088 -0.9416
vn -0.0274 0.0308 -0.9991
vn 0.0774 0.3689 -0.9262
vn -0.1337 -0.3095 -0.9415
vn 0.2219 0.3121 -0.9238
vn 0.0866 -0.0137 -0.9961
vn -0.0486 -0.3423 -0.9383
vn 0.2145 -0.9287 -0.3025
vn 0.2056 -0.9785 -0.0153
vn -0.0526 -0.9985 -0.0178
vn -0.0241 -0.9374 -0.3473
vn 0.2099 -0.9387 0.2735
vn -0.0294 -0.9490 0.3140
vn -0.2147 -0.9765 -0.0188
vn -0.1843 -0.9124 -0.3656
vn -0.1897 -0.9246 0.3305
vn 0.2808 -0.7566 -0.5905
vn 0.2715 -0.7767 0.5683
vn 0.0578 -0.7616 0.6454
vn -0.0995 -0.7265 0.6799
vn -0.0888 -0.7022 -0.7064
vn 0.0682 -0.7387 -0.6706
vn 0.4045 -0.5207 0.7519
vn 0.5368 -0.2650 0.8010
vn 0.3263 -0.1660 0.9306
vn 0.1907 -0.4664 0.8638
vn 0.6458 0.0028 0.7635
vn 0.4630 0.1360 0.8759
vn 0.1732 -0.0946 0.9803
vn 0.0358 -0.4132 0.9099
vn 0.3141 0.2249 0.9223
vn 0.7582 0.2759 0.5907
vn 0.6005 0.4373 0.6695
vn 0.4555 0.5440 0.7047
vn 0.8471 0.4369 0.3025
vn 0.8796 0.4755 0.0153
vn 0.7166 0.6973 0.0178
vn 0.6893 0.6364 0.3462
vn 0.8517 0.4469 -0.2735
vn 0.6945 0.6479 -0.3130
vn 0.5715 0.8204 0.0187
vn 0.5449 0.7552 0.3643
vn 0.5502 0.7673 -0.3294
vn 0.7675 0.2961 -0.5686
vn 0.6108 0.4602 -0.6443
vn 0.4660 0.5682 -0.6782
vn 0.6580 0.0291 -0.7524
vn 0.5497 -0.2372 -0.8009
vn 0.3410 -0.1336 -0.9305
vn 0.4767 0.1663 -0.8632
vn 0.4167 -0.4944 -0.7629
vn 0.2045 -0.4360 -0.8764
vn 0.1882 -0.0602 -0.9803
vn 0.3281 0.2570 -0.9090
vn 0.0499 -0.3811 -0.9232
vn 0.9404 -0.0190 0.3396
vn 0.9997 -0.0181 0.0157
vn 0.9923 -0.1200 0.0307
vn 0.9303 -0.1061 0.3511
vn 0.9523 -0.0430 -0.3020
vn 0.9483 -0.1534 -0.2779
vn 0.9272 -0.3702 0.0564
vn 0.8583 -0.3209 0.4003
vn 0.8788 -0.3998 -0.2606
vn 0.7200 -0.0233 0.6936
vn 0.9391 -0.0075 0.3436
vn 0.7225 -0.0324 0.6906
vn 1.0000 -0.0041 0.0079
vn 0.9456 -0.0204 -0.3246
vn 0.7379 -0.0505 -0.6730
vn 0.7566 -0.0832 -0.6486
vn 0.7588 -0.1871 -0.6239
vn 0.6913 -0.3892 -0.6087
vn 0.5918 -0.2054 0.7795
vn 0.6996 -0.0865 0.7093
vn 0.4036 -0.1008 -0.9094
vn 0.0097 -0.0720 -0.9974
vn 0.0133 -0.0903 -0.9958
vn 0.4075 -0.1689 -0.8974
vn -0.3769 -0.0047 -0.9263
vn -0.3701 0.0191 -0.9288
vn 0.0121 -0.1210 -0.9926
vn 0.3642 -0.2839 -0.8870
vn -0.3313 0.0477 -0.9423
vn 0.3854 -0.0700 -0.9201
vn 0.0061 -0.0593 -0.9982
vn -0.3702 -0.0172 -0.9288
vn -0.7185 0.0420 -0.6943
vn -0.7210 0.0777 -0.6885
vn -0.7137 0.1332 -0.6877
vn -0.6852 0.2198 -0.6944
vn -0.9221 0.1318 -0.3637
vn -0.9883 0.1427 -0.0541
vn -0.9739 0.2166 -0.0676
vn -0.9092 0.2019 -0.3641
vn -0.9531 0.1227 0.2766
vn -0.9462 0.1985 0.2555
vn -0.9435 0.3293 -0.0380
vn -0.8893 0.3106 -0.3357
vn -0.9139 0.3080 0.2646
vn -0.9296 0.0843 -0.3588
vn -0.9951 0.0931 -0.0318
vn -0.9485 0.0753 0.3076
vn -0.7402 0.0378 0.6714
vn -0.7583 0.0790 0.6471
vn -0.7646 0.1546 0.6257
vn -0.7461 0.2586 0.6136
vn -0.4029 0.0262 0.9148
vn -0.0207 -0.0128 0.9997
vn -0.0471 0.0294 0.9985
vn -0.4209 0.0927 0.9024
vn 0.3592 -0.0332 0.9327
vn 0.3241 -0.0347 0.9454
vn -0.1038 0.1125 0.9882
vn -0.4334 0.2000 0.8787
vn 0.2130 -0.0293 0.9766
vn -0.3836 -0.0032 0.9235
vn -0.0094 -0.0284 0.9996
vn 0.3629 -0.0342 0.9312
vn 0.9338 -0.0516 0.3541
vn 0.9986 -0.0523 0.0003
vn 0.9991 -0.0419 0.0013
vn 0.9348 -0.0421 0.3527
vn 0.9340 -0.0526 -0.3533
vn 0.9358 -0.0454 -0.3496
vn 0.9997 -0.0240 0.0036
vn 0.9366 -0.0258 0.3495
vn 0.9396 -0.0329 -0.3408
vn 0.7058 -0.0510 0.7066
vn 0.9334 -0.0553 0.3545
vn 0.7065 -0.0488 0.7061
vn 0.9984 -0.0562 0.0000
vn 0.9335 -0.0554 -0.3544
vn 0.7058 -0.0512 -0.7065
vn 0.7071 -0.0509 -0.7053
vn 0.7113 -0.0501 -0.7011
vn 0.7211 -0.0485 -0.6911
vn 0.7129 -0.0336 0.7004
vn 0.7085 -0.0432 0.7044
vn 0.3548 -0.0450 -0.9339
vn -0.0008 -0.0368 -0.9993
vn -0.0000 -0.0416 -0.9991
vn 0.3589 -0.0497 -0.9321
vn -0.3565 -0.0264 -0.9339
vn -0.3589 -0.0247 -0.9331
vn 0.0023 -0.0493 -0.9988
vn 0.3686 -0.0573 -0.9278
vn -0.3632 -0.0221 -0.9315
vn 0.3538 -0.0432 -0.9343
vn -0.0008 -0.0349 -0.9994
vn -0.3554 -0.0270 -0.9343
vn -0.7075 -0.0191 -0.7065
vn -0.7086 -0.0139 -0.7055
vn -0.7107 -0.0013 -0.7035
vn -0.7141 0.0176 -0.6999
vn -0.9352 -0.0041 -0.3541
vn -1.0000 -0.0014 -0.0011
vn -0.9998 0.0213 -0.0051
vn -0.9350 0.0169 -0.3543
vn -0.9358 -0.0052 0.3526
vn -0.9380 0.0136 0.3465
vn -0.9984 0.0541 -0.0147
vn -0.9334 0.0475 -0.3556
vn -0.9423 0.0412 0.3323
vn -0.9350 -0.0129 -0.3544
vn -0.9999 -0.0109 -0.0001
vn -0.9350 -0.0131 0.3543
vn -0.7075 -0.0192 0.7065
vn -0.7089 -0.0144 0.7051
vn -0.7136 -0.0030 0.7006
vn -0.7237 0.0143 0.6900
vn -0.3565 -0.0252 0.9339
vn -0.0011 -0.0342 0.9994
vn -0.0021 -0.0334 0.9994
vn -0.3603 -0.0209 0.9326
vn 0.3542 -0.0422 0.9342
vn 0.3555 -0.0405 0.9338
vn -0.0045 -0.0320 0.9995
vn -0.3688 -0.0143 0.9294
vn 0.3585 -0.0377 0.9328
vn -0.3554 -0.0269 0.9343
vn -0.0008 -0.0345 0.9994
vn 0.3537 -0.0428 0.9344
vn 0.9334 -0.0559 0.3545
vn 0.9984 -0.0569 0.0000
vn 0.9984 -0.0568 0.0000
vn 0.9334 -0.0558 0.3545
vn 0.9334 -0.0558 -0.3545
vn 0.7057 -0.0512 0.7067
vn 0.9334 -0.0557 0.3545
vn 0.7057 -0.0514 0.7067
vn 0.9984 -0.0567 0.0000
vn 0.9334 -0.0557 -0.3545
vn 0.7057 -0.0512 -0.7066
vn 0.7057 -0.0513 -0.7066
vn 0.7057 -0.0513 -0.7067
vn 0.7057 -0.0513 0.7067
vn 0.3537 -0.0429 -0.9344
vn -0.0007 -0.0346 -0.9994
vn -0.0008 -0.0346 -0.9994
vn -0.3552 -0.0271 -0.9344
vn 0.3537 -0.0428 -0.9344
vn -0.7073 -0.0199 -0.7067
vn -0.7073 -0.0198 -0.7067
vn -0.9349 -0.0142 -0.3545
vn -0.9999 -0.0123 0.0000
vn -0.9999 -0.0124 0.0000
vn -0.9349 -0.0142 0.3545
vn -0.9349 -0.0143 -0.3545
vn -0.9349 -0.0143 0.3545
vn -0.9349 -0.0142 0.3546
vn -0.7072 -0.0198 0.7067
vn -0.7073 -0.0199 0.7067
vn -0.3552 -0.0272 0.9344
vn -0.0007 -0.0346 0.9994
vn -0.0008 -0.0346 0.9994
vn -0.3552 -0.0271 0.9344
vn 0.3537 -0.0430 0.9344
vn 0.3537 -0.0429 0.9344
vn -0.0007 -0.0345 0.9994
vn 0.9340 -0.0439 0.3546
vn 0.9989 -0.0463 0.0000
vn 0.9986 -0.0520 0.0000
vn 0.9337 -0.0503 0.3546
vn 0.9338 -0.0474 -0.3546
vn 0.9336 -0.0519 -0.3545
vn 0.9985 -0.0554 0.0000
vn 0.9335 -0.0542 0.3546
vn 0.9335 -0.0547 -0.3545
vn 0.7065 -0.0304 0.7070
vn 0.9343 -0.0355 0.3547
vn 0.7062 -0.0391 0.7069
vn 0.9992 -0.0389 -0.0000
vn 0.9341 -0.0416 -0.3547
vn 0.7060 -0.0426 -0.7069
vn 0.7059 -0.0462 -0.7068
vn 0.7058 -0.0489 -0.7067
vn 0.7057 -0.0506 -0.7067
vn 0.7058 -0.0497 0.7067
vn 0.7059 -0.0457 0.7068
vn 0.3537 -0.0413 -0.9344
vn -0.0008 -0.0357 -0.9994
vn -0.0008 -0.0351 -0.9994
vn 0.3537 -0.0421 -0.9344
vn -0.3552 -0.0302 -0.9343
vn -0.3552 -0.0285 -0.9343
vn -0.0007 -0.0347 -0.9994
vn 0.3537 -0.0426 -0.9344
vn -0.3552 -0.0275 -0.9344
vn 0.3538 -0.0403 -0.9345
vn -0.0007 -0.0366 -0.9993
vn -0.3552 -0.0325 -0.9342
vn -0.7072 -0.0271 -0.7065
vn -0.7073 -0.0241 -0.7065
vn -0.7073 -0.0218 -0.7066
vn -0.7073 -0.0204 -0.7066
vn -0.9349 -0.0183 -0.3545
vn -0.9999 -0.0151 0.0000
vn -0.9999 -0.0136 0.0000
vn -0.9349 -0.0161 -0.3545
vn -0.9349 -0.0147 0.3545
vn -0.9349 -0.0144 0.3545
vn -0.9999 -0.0127 0.0000
vn -0.9349 -0.0147 -0.3545
vn -0.9349 -0.0212 -0.3544
vn -0.9999 -0.0171 0.0001
vn -0.9349 -0.0151 0.3545
vn -0.7073 -0.0150 0.7067
vn -0.7073 -0.0170 0.7067
vn -0.7073 -0.0185 0.7067
vn -0.7073 -0.0194 0.7067
vn -0.3552 -0.0208 0.9346
vn -0.0006 -0.0256 0.9997
vn -0.0006 -0.0305 0.9995
vn -0.3552 -0.0242 0.9345
vn 0.3540 -0.0319 0.9347
vn 0.3538 -0.0379 0.9345
vn -0.0007 -0.0334 0.9994
vn -0.3552 -0.0263 0.9344
vn 0.3537 -0.0415 0.9344
vn -0.3551 -0.0164 0.9347
vn -0.0004 -0.0194 0.9998
vn 0.3542 -0.0241 0.9349
vn 0.9348 -0.0177 0.3548
vn 0.9997 -0.0232 0.0001
vn 0.9997 -0.0264 0.0001
vn 0.9347 -0.0213 0.3547
vn 0.9346 -0.0292 -0.3545
vn 0.9345 -0.0317 -0.3546
vn 0.9995 -0.0317 0.0000
vn 0.9346 -0.0273 0.3547
vn 0.9343 -0.0359 -0.3547
vn 0.7071 -0.0106 0.7071
vn 0.9348 -0.0163 0.3548
vn 0.7070 -0.0121 0.7071
vn 0.9998 -0.0220 0.0001
vn 0.9346 -0.0282 -0.3545
vn 0.7067 -0.0344 -0.7066
vn 0.7066 -0.0350 -0.7067
vn 0.7065 -0.0366 -0.7068
vn 0.7063 -0.0391 -0.7069
vn 0.7068 -0.0220 0.7071
vn 0.7069 -0.0158 0.7071
vn 0.3543 -0.0380 -0.9344
vn -0.0004 -0.0384 -0.9993
vn -0.0005 -0.0381 -0.9993
vn 0.3541 -0.0385 -0.9344
vn -0.3549 -0.0373 -0.9341
vn -0.3550 -0.0363 -0.9341
vn -0.0006 -0.0374 -0.9993
vn 0.3539 -0.0392 -0.9344
vn -0.3551 -0.0347 -0.9342
vn 0.3544 -0.0379 -0.9343
vn -0.0003 -0.0386 -0.9993
vn -0.3549 -0.0377 -0.9342
vn -0.7071 -0.0342 -0.7063
vn -0.7071 -0.0336 -0.7063
vn -0.7071 -0.0323 -0.7063
vn -0.7072 -0.0301 -0.7064
vn -0.9348 -0.0273 -0.3541
vn -0.9998 -0.0213 0.0004
vn -0.9998 -0.0204 0.0003
vn -0.9348 -0.0261 -0.3542
vn -0.9347 -0.0159 0.3550
vn -0.9348 -0.0157 0.3548
vn -0.9998 -0.0190 0.0002
vn -0.9348 -0.0240 -0.3543
vn -0.9349 -0.0154 0.3547
vn -0.9348 -0.0278 -0.3541
vn -0.9998 -0.0216 0.0005
vn -0.9347 -0.0159 0.3551
vn -0.7069 -0.0104 0.7073
vn -0.7070 -0.0108 0.7072
vn -0.7071 -0.0116 0.7070
vn -0.7072 -0.0130 0.7069
vn -0.3546 -0.0070 0.9350
vn 0.0000 -0.0061 1.0000
vn -0.0001 -0.0088 1.0000
vn -0.3548 -0.0089 0.9349
vn 0.3547 -0.0077 0.9349
vn 0.3546 -0.0111 0.9350
vn -0.0002 -0.0132 0.9999
vn -0.3549 -0.0121 0.9348
vn 0.3544 -0.0166 0.9349
vn -0.3545 -0.0063 0.9350
vn 0.0001 -0.0050 1.0000
vn 0.3548 -0.0064 0.9349
vn 0.9348 -0.0160 0.3548
vn 0.9998 -0.0217 0.0002
vn 0.9998 -0.0218 0.0002
vn 0.9347 -0.0280 -0.3544
vn 0.7071 -0.0104 0.7071
vn 0.7068 -0.0343 -0.7066
vn 0.3545 -0.0378 -0.9343
vn -0.0002 -0.0387 -0.9993
vn -0.3548 -0.0378 -0.9342
vn -0.0002 -0.0386 -0.9993
vn -0.7071 -0.0343 -0.7063
vn -0.9348 -0.0280 -0.3541
vn -0.9998 -0.0217 0.0006
vn -0.9998 -0.0217 0.0005
vn -0.9347 -0.0160 0.3551
vn -0.9347 -0.0160 0.3552
vn -0.7068 -0.0104 0.7073
vn -0.3545 -0.0062 0.9350
vn 0.0002 -0.0048 1.0000
vn 0.3548 -0.0062 0.9349
vn 0.7073 -0.0079 0.7068
vn 0.9350 -0.0145 0.3543
vn 0.9998 -0.0209 0.0002
vn 0.9349 -0.0266 -0.3539
vn 0.7071 -0.0318 -0.7063
vn 0.3545 -0.0348 -0.9344
vn -0.0002 -0.0356 -0.9994
vn -0.3549 -0.0348 -0.9343
vn -0.7074 -0.0318 -0.7061
vn -0.9350 -0.0266 -0.3535
vn -0.9998 -0.0209 0.0005
vn -0.9349 -0.0145 0.3546
vn -0.7071 -0.0079 0.7071
vn -0.3544 -0.0034 0.9351
vn 0.0002 -0.0022 1.0000
vn 0.3547 -0.0035 0.9350
vn 0.9543 0.0412 0.2961
vn 1.0000 0.0093 -0.0004
vn 1.0000 -0.0029 -0.0001
vn 0.9419 0.0164 0.3354
vn 0.9551 0.0278 -0.2951
vn 0.9423 0.0039 -0.3347
vn 0.9999 -0.0151 0.0001
vn 0.9367 -0.0049 0.3501
vn 0.9367 -0.0170 -0.3497
vn 0.7358 0.1036 0.6692
vn 0.7438 0.0780 -0.6638
vn 0.7187 0.0240 -0.6949
vn 0.7098 -0.0149 -0.7042
vn 0.7093 0.0085 0.7049
vn 0.7158 0.0472 0.6967
vn 0.3605 0.1086 -0.9264
vn -0.0002 0.1135 -0.9935
vn -0.0002 0.0345 -0.9994
vn 0.3555 0.0341 -0.9340
vn -0.3608 0.1086 -0.9263
vn -0.3559 0.0341 -0.9339
vn -0.0002 -0.0151 -0.9999
vn 0.3546 -0.0144 -0.9349
vn -0.3550 -0.0144 -0.9348
vn -0.7441 0.0780 -0.6635
vn -0.7189 0.0240 -0.6947
vn -0.7101 -0.0149 -0.7040
vn -0.9552 0.0277 -0.2948
vn -1.0000 0.0093 -0.0000
vn -1.0000 -0.0029 0.0003
vn -0.9424 0.0039 -0.3344
vn -0.9542 0.0413 0.2965
vn -0.9418 0.0164 0.3358
vn -0.9999 -0.0151 0.0004
vn -0.9368 -0.0170 -0.3493
vn -0.9366 -0.0049 0.3504
vn -0.7356 0.1036 0.6694
vn -0.7156 0.0472 0.6969
vn -0.7090 0.0085 0.7051
vn -0.3494 0.1342 0.9273
vn 0.0002 0.1356 0.9908
vn 0.0002 0.0609 0.9981
vn -0.3514 0.0608 0.9342
vn 0.3498 0.1342 0.9272
vn 0.3518 0.0608 0.9341
vn 0.0002 0.0159 0.9999
vn -0.3536 0.0152 0.9353
vn 0.3540 0.0152 0.9351
vn 0.3206 -0.9432 0.0867
vn -0.0000 -0.9964 0.0846
vn -0.0000 -0.9881 -0.1541
vn 0.3738 -0.9172 -0.1376
vn -0.3206 -0.9432 0.0867
vn -0.3738 -0.9172 -0.1376
vn -0.0000 -0.9789 -0.2045
vn 0.4389 -0.8741 -0.2081
vn -0.4389 -0.8741 -0.2081
vn 0.6326 -0.7603 0.1475
vn -0.6326 -0.7603 0.1475
vn -0.7093 -0.7021 -0.0625
vn -0.7770 -0.6092 -0.1584
vn 0.7770 -0.6093 -0.1584
vn 0.7093 -0.7021 -0.0625
vn -0.8210 -0.4881 0.2960
vn -0.8654 -0.2172 0.4516
vn -0.9656 -0.1076 0.2368
vn -0.9131 -0.4006 0.0754
vn -0.8112 0.0653 0.5811
vn -0.8921 0.1793 0.4148
vn -0.9891 -0.0408 0.1414
vn -0.9510 -0.3078 -0.0300
vn -0.9081 0.2252 0.3530
vn -0.6167 0.3425 0.7088
vn -0.6655 0.4565 0.5905
vn -0.6668 0.4880 0.5631
vn -0.3090 0.5020 0.8078
vn 0.0000 0.5384 0.8427
vn 0.0000 0.6904 0.7234
vn -0.3329 0.6368 0.6955
vn 0.3090 0.5020 0.8078
vn 0.3329 0.6368 0.6955
vn 0.0000 0.7033 0.7108
vn -0.3254 0.6552 0.6818
vn 0.3254 0.6552 0.6818
vn 0.6167 0.3425 0.7088
vn 0.6655 0.4565 0.5905
vn 0.6669 0.4880 0.5632
vn 0.8112 0.0653 0.5811
vn 0.8654 -0.2172 0.4516
vn 0.9656 -0.1076 0.2369
vn 0.8921 0.1793 0.4148
vn 0.8210 -0.4881 0.2960
vn 0.9131 -0.4006 0.0754
vn 0.9891 -0.0408 0.1414
vn 0.9081 0.2252 0.3530
vn 0.9510 -0.3078 -0.0299
vn -0.9523 -0.0430 -0.3020
vn -0.9997 -0.0181 0.0157
vn -0.9923 -0.1200 0.0307
vn -0.9483 -0.1534 -0.2779
vn -0.9404 -0.0190 0.3396
vn -0.9303 -0.1061 0.3511
vn -0.9272 -0.3702 0.0564
vn -0.8788 -0.3998 -0.2606
vn -0.8583 -0.3209 0.4003
vn -0.7379 -0.0505 -0.6730
vn -0.9456 -0.0204 -0.3246
vn -0.7566 -0.0832 -0.6486
vn -1.0000 -0.0041 0.0079
vn -0.9391 -0.0075 0.3436
vn -0.7200 -0.0233 0.6936
vn -0.7225 -0.0324 0.6906
vn -0.6996 -0.0865 0.7093
vn -0.5918 -0.2054 0.7795
vn -0.6913 -0.3892 -0.6087
vn -0.7588 -0.1871 -0.6239
vn -0.3592 -0.0332 0.9327
vn 0.0207 -0.0128 0.9997
vn 0.0471 0.0294 0.9985
vn -0.3241 -0.0347 0.9454
vn 0.4029 0.0262 0.9148
vn 0.4209 0.0927 0.9024
vn 0.1038 0.1125 0.9882
vn -0.2130 -0.0293 0.9766
vn 0.4334 0.2000 0.8787
vn -0.3629 -0.0342 0.9312
vn 0.0094 -0.0284 0.9996
vn 0.3836 -0.0032 0.9235
vn 0.7402 0.0378 0.6714
vn 0.7583 0.0790 0.6471
vn 0.7646 0.1546 0.6257
vn 0.7461 0.2586 0.6136
vn 0.9531 0.1227 0.2766
vn 0.9883 0.1427 -0.0541
vn 0.9739 0.2166 -0.0676
vn 0.9462 0.1985 0.2555
vn 0.9221 0.1318 -0.3637
vn 0.9092 0.2019 -0.3641
vn 0.9435 0.3293 -0.0380
vn 0.9139 0.3080 0.2646
vn 0.8893 0.3106 -0.3357
vn 0.9485 0.0753 0.3076
vn 0.9951 0.0931 -0.0318
vn 0.9296 0.0843 -0.3588
vn 0.7185 0.0420 -0.6943
vn 0.7210 0.0777 -0.6885
vn 0.7137 0.1332 -0.6877
vn 0.6852 0.2198 -0.6944
vn 0.3769 -0.0047 -0.9263
vn -0.0097 -0.0720 -0.9974
vn -0.0133 -0.0903 -0.9958
vn 0.3701 0.0191 -0.9288
vn -0.4036 -0.1008 -0.9094
vn -0.4075 -0.1689 -0.8974
vn -0.0121 -0.1210 -0.9926
vn 0.3313 0.0477 -0.9423
vn -0.3642 -0.2839 -0.8870
vn 0.3702 -0.0172 -0.9288
vn -0.0061 -0.0593 -0.9982
vn -0.3854 -0.0700 -0.9201
vn -0.9340 -0.0526 -0.3533
vn -0.9986 -0.0523 0.0003
vn -0.9991 -0.0419 0.0013
vn -0.9358 -0.0454 -0.3496
vn -0.9338 -0.0516 0.3541
vn -0.9348 -0.0421 0.3527
vn -0.9997 -0.0240 0.0036
vn -0.9396 -0.0329 -0.3408
vn -0.9366 -0.0258 0.3495
vn -0.7058 -0.0512 -0.7065
vn -0.9335 -0.0554 -0.3544
vn -0.7071 -0.0509 -0.7053
vn -0.9984 -0.0562 0.0000
vn -0.9334 -0.0553 0.3545
vn -0.7058 -0.0510 0.7066
vn -0.7065 -0.0488 0.7060
vn -0.7085 -0.0432 0.7044
vn -0.7129 -0.0336 0.7004
vn -0.7211 -0.0485 -0.6911
vn -0.7113 -0.0501 -0.7011
vn -0.3542 -0.0422 0.9342
vn 0.0011 -0.0342 0.9994
vn 0.0021 -0.0334 0.9994
vn -0.3555 -0.0405 0.9338
vn 0.3565 -0.0252 0.9339
vn 0.3603 -0.0209 0.9326
vn 0.0045 -0.0320 0.9995
vn -0.3585 -0.0377 0.9328
vn 0.3688 -0.0143 0.9294
vn -0.3537 -0.0428 0.9344
vn 0.0008 -0.0345 0.9994
vn 0.3554 -0.0269 0.9343
vn 0.7075 -0.0192 0.7065
vn 0.7089 -0.0144 0.7051
vn 0.7136 -0.0030 0.7006
vn 0.7237 0.0143 0.6900
vn 0.9358 -0.0052 0.3526
vn 1.0000 -0.0014 -0.0011
vn 0.9998 0.0213 -0.0051
vn 0.9380 0.0136 0.3465
vn 0.9352 -0.0041 -0.3541
vn 0.9350 0.0169 -0.3543
vn 0.9984 0.0541 -0.0147
vn 0.9423 0.0412 0.3323
vn 0.9334 0.0475 -0.3556
vn 0.9350 -0.0131 0.3543
vn 0.9999 -0.0109 -0.0001
vn 0.9350 -0.0129 -0.3544
vn 0.7075 -0.0191 -0.7065
vn 0.7086 -0.0139 -0.7055
vn 0.7107 -0.0013 -0.7035
vn 0.7141 0.0176 -0.6999
vn 0.3565 -0.0264 -0.9339
vn 0.0008 -0.0368 -0.9993
vn 0.3589 -0.0247 -0.9331
vn -0.3548 -0.0450 -0.9339
vn -0.3589 -0.0497 -0.9321
vn -0.0023 -0.0493 -0.9988
vn 0.3632 -0.0221 -0.9315
vn -0.3686 -0.0573 -0.9278
vn 0.3554 -0.0270 -0.9343
vn 0.0008 -0.0349 -0.9994
vn -0.3538 -0.0432 -0.9343
vn -0.9334 -0.0558 -0.3545
vn -0.9984 -0.0569 0.0000
vn -0.9984 -0.0568 0.0000
vn -0.9334 -0.0559 0.3545
vn -0.9334 -0.0558 0.3545
vn -0.7057 -0.0512 -0.7066
vn -0.9334 -0.0557 -0.3545
vn -0.7057 -0.0513 -0.7066
vn -0.9984 -0.0567 0.0000
vn -0.9334 -0.0557 0.3545
vn -0.7057 -0.0512 0.7067
vn -0.7057 -0.0514 0.7067
vn -0.7057 -0.0513 0.7067
vn -0.7057 -0.0513 -0.7067
vn -0.3537 -0.0430 0.9344
vn 0.0007 -0.0346 0.9994
vn 0.0008 -0.0346 0.9994
vn -0.3537 -0.0429 0.9344
vn 0.3552 -0.0272 0.9344
vn 0.3552 -0.0271 0.9344
vn 0.0007 -0.0345 0.9994
vn 0.7072 -0.0198 0.7067
vn 0.7073 -0.0199 0.7067
vn 0.9349 -0.0142 0.3545
vn 0.9999 -0.0123 0.0000
vn 0.9999 -0.0124 0.0000
vn 0.9349 -0.0142 -0.3545
vn 0.9349 -0.0143 0.3545
vn 0.9349 -0.0143 -0.3545
vn 0.9349 -0.0142 0.3546
vn 0.7073 -0.0199 -0.7067
vn 0.7073 -0.0198 -0.7067
vn 0.3552 -0.0271 -0.9344
vn 0.0007 -0.0346 -0.9994
vn 0.0008 -0.0346 -0.9994
vn -0.3537 -0.0429 -0.9344
vn -0.3537 -0.0428 -0.9344
vn -0.9338 -0.0474 -0.3546
vn -0.9989 -0.0463 0.0000
vn -0.9986 -0.0520 0.0000
vn -0.9336 -0.0519 -0.3545
vn -0.9340 -0.0439 0.3546
vn -0.9337 -0.0503 0.3546
vn -0.9985 -0.0554 0.0000
vn -0.9335 -0.0547 -0.3545
vn -0.9335 -0.0542 0.3546
vn -0.7060 -0.0426 -0.7069
vn -0.9341 -0.0416 -0.3547
vn -0.7059 -0.0462 -0.7068
vn -0.9992 -0.0389 -0.0000
vn -0.9343 -0.0355 0.3547
vn -0.7065 -0.0304 0.7070
vn -0.7062 -0.0391 0.7069
vn -0.7059 -0.0457 0.7068
vn -0.7058 -0.0497 0.7067
vn -0.7057 -0.0506 -0.7067
vn -0.7058 -0.0489 -0.7067
vn -0.3540 -0.0319 0.9347
vn 0.0006 -0.0256 0.9997
vn 0.0006 -0.0305 0.9995
vn -0.3538 -0.0379 0.9345
vn 0.3552 -0.0208 0.9346
vn 0.3552 -0.0242 0.9345
vn 0.0007 -0.0334 0.9994
vn -0.3537 -0.0415 0.9344
vn 0.3552 -0.0263 0.9344
vn -0.3542 -0.0241 0.9349
vn 0.0004 -0.0194 0.9998
vn 0.3551 -0.0164 0.9347
vn 0.7073 -0.0150 0.7067
vn 0.7073 -0.0170 0.7067
vn 0.7073 -0.0185 0.7067
vn 0.7073 -0.0194 0.7067
vn 0.9349 -0.0147 0.3545
vn 0.9999 -0.0151 0.0000
vn 0.9999 -0.0136 0.0000
vn 0.9349 -0.0144 0.3545
vn 0.9349 -0.0183 -0.3545
vn 0.9349 -0.0161 -0.3545
vn 0.9999 -0.0127 0.0000
vn 0.9349 -0.0147 -0.3545
vn 0.9349 -0.0151 0.3545
vn 0.9999 -0.0171 0.0001
vn 0.9349 -0.0212 -0.3544
vn 0.7072 -0.0271 -0.7065
vn 0.7073 -0.0241 -0.7065
vn 0.7073 -0.0218 -0.7066
vn 0.7073 -0.0204 -0.7066
vn 0.3552 -0.0302 -0.9343
vn 0.0008 -0.0357 -0.9994
vn 0.0008 -0.0351 -0.9994
vn 0.3552 -0.0285 -0.9343
vn -0.3537 -0.0413 -0.9344
vn -0.3537 -0.0421 -0.9344
vn 0.0007 -0.0347 -0.9994
vn 0.3552 -0.0275 -0.9344
vn -0.3537 -0.0426 -0.9344
vn 0.3552 -0.0325 -0.9342
vn 0.0007 -0.0366 -0.9993
vn -0.3538 -0.0403 -0.9345
vn -0.9346 -0.0292 -0.3545
vn -0.9997 -0.0232 0.0001
vn -0.9997 -0.0264 0.0001
vn -0.9345 -0.0317 -0.3546
vn -0.9348 -0.0177 0.3548
vn -0.9347 -0.0213 0.3547
vn -0.9995 -0.0317 0.0000
vn -0.9343 -0.0359 -0.3547
vn -0.9346 -0.0273 0.3547
vn -0.7067 -0.0344 -0.7066
vn -0.9346 -0.0282 -0.3545
vn -0.7066 -0.0350 -0.7067
vn -0.9998 -0.0220 0.0001
vn -0.9348 -0.0163 0.3548
vn -0.7071 -0.0106 0.7071
vn -0.7070 -0.0121 0.7071
vn -0.7069 -0.0158 0.7071
vn -0.7068 -0.0220 0.7071
vn -0.7063 -0.0391 -0.7069
vn -0.7065 -0.0366 -0.7068
vn -0.3547 -0.0077 0.9349
vn 0.0001 -0.0088 1.0000
vn -0.3546 -0.0111 0.9350
vn 0.3546 -0.0070 0.9350
vn 0.3548 -0.0089 0.9349
vn 0.0002 -0.0132 0.9999
vn -0.3544 -0.0166 0.9349
vn 0.3549 -0.0121 0.9348
vn -0.3548 -0.0064 0.9349
vn -0.0001 -0.0050 1.0000
vn 0.3545 -0.0063 0.9350
vn 0.7069 -0.0104 0.7073
vn 0.7070 -0.0108 0.7072
vn 0.7071 -0.0116 0.7070
vn 0.7072 -0.0130 0.7069
vn 0.9347 -0.0159 0.3550
vn 0.9998 -0.0213 0.0004
vn 0.9998 -0.0204 0.0003
vn 0.9348 -0.0157 0.3548
vn 0.9348 -0.0273 -0.3541
vn 0.9348 -0.0261 -0.3542
vn 0.9998 -0.0190 0.0002
vn 0.9349 -0.0154 0.3547
vn 0.9348 -0.0240 -0.3543
vn 0.9347 -0.0159 0.3551
vn 0.9998 -0.0216 0.0005
vn 0.9348 -0.0278 -0.3541
vn 0.7071 -0.0342 -0.7063
vn 0.7071 -0.0336 -0.7063
vn 0.7071 -0.0323 -0.7063
vn 0.7072 -0.0301 -0.7064
vn 0.3549 -0.0373 -0.9341
vn 0.0004 -0.0384 -0.9993
vn 0.0005 -0.0381 -0.9993
vn 0.3550 -0.0363 -0.9341
vn -0.3543 -0.0380 -0.9344
vn -0.3541 -0.0385 -0.9344
vn 0.0006 -0.0374 -0.9993
vn 0.3551 -0.0347 -0.9342
vn -0.3539 -0.0392 -0.9344
vn 0.3549 -0.0377 -0.9342
vn 0.0003 -0.0386 -0.9993
vn -0.3544 -0.0379 -0.9343
vn -0.9347 -0.0280 -0.3544
vn -0.9998 -0.0217 0.0002
vn -0.9998 -0.0218 0.0002
vn -0.9348 -0.0160 0.3548
vn -0.7068 -0.0343 -0.7066
vn -0.7071 -0.0104 0.7071
vn -0.3548 -0.0062 0.9349
vn -0.0002 -0.0048 1.0000
vn 0.3545 -0.0062 0.9350
vn 0.7068 -0.0104 0.7073
vn 0.9347 -0.0160 0.3551
vn 0.9998 -0.0217 0.0006
vn 0.9998 -0.0217 0.0005
vn 0.9348 -0.0280 -0.3541
vn 0.9347 -0.0160 0.3552
vn 0.7071 -0.0343 -0.7063
vn 0.3548 -0.0378 -0.9342
vn 0.0002 -0.0387 -0.9993
vn -0.3545 -0.0378 -0.9343
vn 0.0002 -0.0386 -0.9993
vn -0.7071 -0.0318 -0.7063
vn -0.9349 -0.0266 -0.3539
vn -0.9998 -0.0209 0.0002
vn -0.9350 -0.0145 0.3543
vn -0.7073 -0.0079 0.7068
vn -0.3547 -0.0035 0.9350
vn -0.0002 -0.0022 1.0000
vn 0.3544 -0.0034 0.9351
vn 0.7071 -0.0079 0.7071
vn 0.9349 -0.0145 0.3546
vn 0.9998 -0.0209 0.0005
vn 0.9350 -0.0266 -0.3535
vn 0.7074 -0.0318 -0.7061
vn 0.3549 -0.0348 -0.9343
vn 0.0002 -0.0356 -0.9994
vn -0.3545 -0.0348 -0.9344
vn -0.9551 0.0278 -0.2951
vn -1.0000 0.0093 -0.0004
vn -1.0000 -0.0029 -0.0001
vn -0.9423 0.0039 -0.3347
vn -0.9543 0.0412 0.2961
vn -0.9419 0.0164 0.3354
vn -0.9999 -0.0151 0.0001
vn -0.9367 -0.0170 -0.3497
vn -0.9367 -0.0049 0.3501
vn -0.7438 0.0780 -0.6638
vn -0.7358 0.1036 0.6692
vn -0.7158 0.0472 0.6967
vn -0.7093 0.0085 0.7049
vn -0.7098 -0.0149 -0.7042
vn -0.7187 0.0240 -0.6949
vn -0.3498 0.1342 0.9272
vn -0.0002 0.1356 0.9908
vn -0.0002 0.0609 0.9981
vn -0.3518 0.0608 0.9341
vn 0.3494 0.1342 0.9273
vn 0.3514 0.0608 0.9342
vn -0.0002 0.0159 0.9999
vn -0.3540 0.0152 0.9351
vn 0.3536 0.0152 0.9353
vn 0.7356 0.1036 0.6694
vn 0.7156 0.0472 0.6969
vn 0.7090 0.0085 0.7051
vn 0.9542 0.0413 0.2965
vn 1.0000 0.0093 -0.0000
vn 1.0000 -0.0029 0.0003
vn 0.9418 0.0164 0.3358
vn 0.9552 0.0277 -0.2948
vn 0.9424 0.0039 -0.3344
vn 0.9999 -0.0151 0.0004
vn 0.9366 -0.0049 0.3504
vn 0.9368 -0.0170 -0.3493
vn 0.7441 0.0780 -0.6635
vn 0.7189 0.0240 -0.6947
vn 0.7101 -0.0149 -0.7040
vn 0.3608 0.1086 -0.9263
vn 0.0002 0.1135 -0.9935
vn 0.0002 0.0345 -0.9994
vn 0.3559 0.0341 -0.9339
vn -0.3605 0.1086 -0.9264
vn -0.3555 0.0341 -0.9340
vn 0.0002 -0.0151 -0.9999
vn 0.3550 -0.0144 -0.9348
vn -0.3546 -0.0144 -0.9349
vn -0.7770 -0.6093 -0.1584
vn 0.7770 -0.6092 -0.1584
vn -0.9656 -0.1076 0.2369
vn -0.9510 -0.3078 -0.0299
vn -0.6669 0.4880 0.5632
vn 0.6668 0.4880 0.5631
vn 0.9656 -0.1076 0.2368
vn 0.9510 -0.3078 -0.0300
vn -0.0000 0.9546 -0.2978
vn -0.0000 1.0000 0.0000
vn 0.3019 0.9223 -0.2411
vn -0.0000 -0.4829 -0.8757
vn 0.0000 -0.2491 -0.9685
vn 0.6982 -0.1954 -0.6887
vn 0.6610 -0.3916 -0.6402
vn 0.0000 0.2491 -0.9685
vn 0.0000 0.4829 -0.8757
vn 0.6610 0.3916 -0.6402
vn 0.6982 0.1954 -0.6887
vn -0.0000 -1.0000 0.0000
vn 0.0000 -0.9546 -0.2978
vn 0.3019 -0.9223 -0.2411
vn -0.0000 0.8477 -0.5305
vn 0.4778 0.7705 -0.4220
vn -0.0000 -0.6868 -0.7269
vn 0.5915 -0.5862 -0.5535
vn 0.0000 0.0000 -1.0000
vn 0.7100 0.0000 -0.7042
vn -0.0000 0.6868 -0.7269
vn 0.5915 0.5863 -0.5535
vn -0.0000 -0.8477 -0.5305
vn 0.4778 -0.7705 -0.4220
vn 0.9273 0.1300 -0.3510
vn 0.9351 -0.0000 -0.3543
vn 0.7184 0.6447 -0.2612
vn 0.8412 0.4399 -0.3143
vn 0.8412 -0.4399 -0.3143
vn 0.7184 -0.6447 -0.2612
vn 0.9273 -0.1300 -0.3510
vn 0.9003 0.2721 -0.3396
vn 0.4711 -0.8680 -0.1572
vn 0.4710 0.8680 -0.1572
vn 0.9003 -0.2721 -0.3396
vn 0.9650 0.2166 -0.1477
vn 0.9833 0.1021 -0.1505
vn 0.5569 -0.8270 -0.0777
vn 0.5569 0.8270 -0.0777
vn 0.8187 0.5607 -0.1237
vn 0.9650 -0.2166 -0.1477
vn 0.9220 -0.3606 -0.1409
vn 0.9885 -0.0000 -0.1512
vn 0.9220 0.3606 -0.1409
vn 0.8187 -0.5607 -0.1236
vn 0.9833 -0.1021 -0.1505
vn 1.0000 0.0000 0.0000
vn 0.9955 -0.0947 0.0000
vn 0.9414 0.3372 0.0000
vn 0.9795 0.2013 -0.0000
vn 0.8464 -0.5325 -0.0000
vn 0.5839 -0.8118 -0.0000
vn 0.5839 0.8118 -0.0000
vn 0.9795 -0.2013 0.0000
vn 0.9955 0.0947 -0.0000
vn 0.8464 0.5325 -0.0000
vn 0.9414 -0.3372 0.0000
vn 0.9833 0.1021 0.1505
vn 0.9885 0.0000 0.1512
vn 0.8187 0.5607 0.1237
vn 0.9220 0.3606 0.1409
vn 0.9220 -0.3606 0.1409
vn 0.8187 -0.5607 0.1236
vn 0.9833 -0.1021 0.1505
vn 0.9650 0.2166 0.1477
vn 0.5569 -0.8270 0.0777
vn 0.5569 0.8270 0.0777
vn 0.9650 -0.2166 0.1477
vn 0.9273 -0.1300 0.3510
vn 0.9003 -0.2721 0.3396
vn 0.9003 0.2721 0.3396
vn 0.9273 0.1300 0.3510
vn 0.4711 -0.8680 0.1572
vn 0.4710 0.8680 0.1572
vn 0.7184 0.6447 0.2612
vn 0.8412 -0.4399 0.3143
vn 0.9351 -0.0000 0.3543
vn 0.8412 0.4399 0.3143
vn 0.7184 -0.6447 0.2612
vn 0.7100 0.0000 0.7042
vn 0.6982 -0.1954 0.6887
vn 0.5915 0.5863 0.5535
vn 0.6610 0.3916 0.6402
vn 0.4778 -0.7705 0.4220
vn 0.3019 -0.9223 0.2411
vn 0.3019 0.9223 0.2411
vn 0.6610 -0.3916 0.6402
vn 0.6982 0.1954 0.6887
vn 0.4778 0.7705 0.4220
vn 0.5915 -0.5863 0.5535
vn 0.0000 -0.4829 0.8757
vn 0.0000 -0.6868 0.7269
vn -0.0000 0.2491 0.9685
vn -0.0000 0.0000 1.0000
vn 0.0000 0.8477 0.5305
vn 0.0000 0.6868 0.7269
vn 0.0000 -0.8477 0.5305
vn -0.0000 -0.2491 0.9685
vn -0.0000 0.4829 0.8757
vn 0.0000 -0.9546 0.2978
vn 0.0000 0.9546 0.2978
vn -0.3019 0.9223 0.2411
vn -0.6982 -0.1954 0.6887
vn -0.6610 -0.3916 0.6402
vn -0.6610 0.3916 0.6402
vn -0.6982 0.1954 0.6887
vn -0.3020 -0.9223 0.2411
vn -0.4778 0.7705 0.4220
vn -0.5915 -0.5862 0.5535
vn -0.7100 0.0000 0.7042
vn -0.5915 0.5863 0.5535
vn -0.4778 -0.7705 0.4220
vn -0.8412 -0.4399 0.3143
vn -0.7184 -0.6447 0.2612
vn -0.9351 -0.0000 0.3543
vn -0.9273 -0.1300 0.3510
vn -0.8412 0.4399 0.3143
vn -0.9003 0.2721 0.3396
vn -0.4711 -0.8680 0.1572
vn -0.4710 0.8680 0.1572
vn -0.9003 -0.2721 0.3396
vn -0.9273 0.1300 0.3510
vn -0.7184 0.6447 0.2612
vn -0.5569 0.8270 0.0777
vn -0.8187 0.5607 0.1237
vn -0.9650 -0.2166 0.1477
vn -0.9220 -0.3606 0.1409
vn -0.9833 0.1021 0.1505
vn -0.9885 -0.0000 0.1512
vn -0.9220 0.3606 0.1409
vn -0.8187 -0.5607 0.1236
vn -0.9833 -0.1021 0.1505
vn -0.9650 0.2166 0.1477
vn -0.5569 -0.8270 0.0777
vn -0.8464 -0.5325 -0.0000
vn -0.5839 -0.8118 -0.0000
vn -0.5839 0.8118 -0.0000
vn -0.9955 -0.0947 -0.0000
vn -0.9795 -0.2013 -0.0000
vn -0.9795 0.2013 0.0000
vn -0.9955 0.0947 -0.0000
vn -0.8464 0.5325 -0.0000
vn -0.9414 -0.3372 -0.0000
vn -1.0000 0.0000 -0.0000
vn -0.9414 0.3372 -0.0000
vn -0.8187 0.5607 -0.1237
vn -0.9220 0.3606 -0.1409
vn -0.9220 -0.3606 -0.1409
vn -0.8187 -0.5607 -0.1237
vn -0.9885 -0.0000 -0.1512
vn -0.9833 -0.1021 -0.1505
vn -0.9650 0.2166 -0.1477
vn -0.5569 -0.8270 -0.0776
vn -0.5569 0.8270 -0.0777
vn -0.9650 -0.2166 -0.1477
vn -0.9833 0.1021 -0.1505
vn -0.4710 -0.8680 -0.1572
vn -0.4710 0.8680 -0.1572
vn -0.7184 0.6447 -0.2612
vn -0.9003 -0.2721 -0.3396
vn -0.8412 -0.4399 -0.3143
vn -0.9273 0.1300 -0.3510
vn -0.9351 -0.0000 -0.3543
vn -0.8412 0.4399 -0.3143
vn -0.7184 -0.6447 -0.2612
vn -0.9273 -0.1300 -0.3510
vn -0.9003 0.2721 -0.3396
vn -0.5915 0.5863 -0.5535
vn -0.6610 0.3916 -0.6402
vn -0.4778 -0.7705 -0.4220
vn -0.3019 -0.9223 -0.2411
vn -0.3019 0.9223 -0.2411
vn -0.6982 -0.1954 -0.6887
vn -0.6610 -0.3916 -0.6402
vn -0.6982 0.1954 -0.6887
vn -0.4778 0.7705 -0.4220
vn -0.5915 -0.5863 -0.5535
vn -0.7100 0.0000 -0.7042
vn 0.5915 0.5862 -0.5535
vn 0.3020 -0.9223 -0.2411
vn 0.4710 -0.8680 0.1572
vn 0.5915 -0.5862 0.5535
vn 0.5915 0.5862 0.5535
vn -0.5915 0.5862 0.5535
vn -0.5915 0.5862 -0.5535
usemtl Tex
s 1
f 2146/1/1 2147/2/2 2145/3/3 2151/4/4
f 2148/5/5 2149/6/6 2145/3/3 2147/2/2
f 2150/7/7 2151/4/4 2145/3/3 2149/6/6
f 109/8/8 399/9/9 2146/1/1 407/10/10
f 399/9/9 400/11/11 2147/2/2 2146/1/1
f 407/10/10 2146/1/1 2151/4/4 406/12/12
f 19/13/13 402/14/14 2148/5/5 401/15/15
f 402/14/14 403/16/16 2149/6/6 2148/5/5
f 401/15/15 2148/5/5 2147/2/2 400/11/11
f 110/17/17 405/18/18 2150/7/7 404/19/19
f 405/18/18 406/12/12 2151/4/4 2150/7/7
f 404/19/19 2150/7/7 2149/6/6 403/16/16
f 2152/20/20 2153/21/21 2156/22/22 2155/23/23
f 2153/21/21 2154/24/24 2157/25/25 2156/22/22
f 2155/23/23 2156/22/22 2159/26/26 2158/27/27
f 2156/22/22 2157/25/25 2160/28/28 2159/26/26
f 151/29/29 1164/30/30 2152/20/20 1161/31/31
f 1164/30/30 1165/32/32 2153/21/21 2152/20/20
f 1165/32/32 1166/33/33 2154/24/24 2153/21/21
f 1166/33/33 152/34/34 1167/35/35 2154/24/24
f 2154/24/24 1167/35/35 1168/36/36 2157/25/25
f 2157/25/25 1168/36/36 1169/37/37 2160/28/28
f 2160/28/28 1169/37/37 148/38/38 1142/39/39
f 2159/26/26 2160/28/28 1142/39/39 1141/40/40
f 2158/27/27 2159/26/26 1141/40/40 1140/41/41
f 1163/42/42 2158/27/27 1140/41/41 147/43/43
f 1162/44/44 2155/23/23 2158/27/27 1163/42/42
f 1161/31/31 2152/20/20 2155/23/23 1162/44/44
f 2161/45/45 2162/46/46 2165/47/47 2164/48/48
f 2162/46/46 2163/49/49 2166/50/50 2165/47/47
f 2164/48/48 2165/47/47 2168/51/51 2167/52/52
f 2165/47/47 2166/50/50 2169/53/53 2168/51/51
f 150/54/54 1158/55/55 2161/45/45 1155/56/56
f 1158/55/55 1159/57/57 2162/46/46 2161/45/45
f 1159/57/57 1160/58/58 2163/49/49 2162/46/46
f 1160/58/58 151/29/29 1161/31/31 2163/49/49
f 2163/49/49 1161/31/31 1162/44/44 2166/50/50
f 2166/50/50 1162/44/44 1163/42/42 2169/53/53
f 2169/53/53 1163/42/42 147/43/43 1136/59/59
f 2168/51/51 2169/53/53 1136/59/59 1135/60/60
f 2167/52/52 2168/51/51 1135/60/60 1134/61/61
f 1157/62/62 2167/52/52 1134/61/61 146/63/63
f 1156/64/64 2164/48/48 2167/52/52 1157/62/62
f 1155/56/56 2161/45/45 2164/48/48 1156/64/64
f 2170/65/65 2171/66/66 2174/67/67 2173/68/68
f 2171/66/66 2172/69/69 2175/70/70 2174/67/67
f 2173/68/68 2174/67/67 2177/71/71 2176/72/72
f 2174/67/67 2175/70/70 2178/73/73 2177/71/71
f 149/74/74 1152/75/75 2170/65/65 1151/76/76
f 1152/75/75 1153/77/77 2171/66/66 2170/65/65
f 1153/77/77 1154/78/78 2172/69/69 2171/66/66
f 1154/78/78 150/54/54 1155/56/56 2172/69/69
f 2172/69/69 1155/56/56 1156/64/64 2175/70/70
f 2175/70/70 1156/64/64 1157/62/62 2178/73/73
f 2178/73/73 1157/62/62 146/63/63 1130/79/79
f 2177/71/71 2178/73/73 1130/79/79 1129/80/80
f 2176/72/72 2177/71/71 1129/80/80 1128/81/81
f 1149/82/82 2176/72/72 1128/81/81 145/83/83
f 1150/84/84 2173/68/68 2176/72/72 1149/82/82
f 1151/76/76 2170/65/65 2173/68/68 1150/84/84
f 2179/85/85 2180/86/86 2183/87/87 2182/88/88
f 2180/86/86 2181/89/89 2184/90/90 2183/87/87
f 2182/88/88 2183/87/87 2186/91/91 2185/92/92
f 2183/87/87 2184/90/90 2187/93/93 2186/91/91
f 148/38/38 1146/94/94 2179/85/85 1143/95/95
f 1146/94/94 1147/96/96 2180/86/86 2179/85/85
f 1147/96/96 1148/97/97 2181/89/89 2180/86/86
f 1148/97/97 145/83/83 1127/98/98 2181/89/89
f 2181/89/89 1127/98/98 1126/99/99 2184/90/90
f 2184/90/90 1126/99/99 1125/100/100 2187/93/93
f 2187/93/93 1125/100/100 11/101/101 1124/102/102
f 2186/91/91 2187/93/93 1124/102/102 1123/103/103
f 2185/92/92 2186/91/91 1123/103/103 1122/104/104
f 1145/105/105 2185/92/92 1122/104/104 14/106/106
f 1144/107/107 2182/88/88 2185/92/92 1145/105/105
f 1143/95/95 2179/85/85 2182/88/88 1144/107/107
f 2188/108/108 2189/109/109 2192/110/110 2191/111/111
f 2189/109/109 2190/112/112 2193/113/113 2192/110/110
f 2191/111/111 2192/110/110 2195/114/114 2194/115/115
f 2192/110/110 2193/113/113 2196/116/116 2195/114/114
f 147/43/43 1140/41/41 2188/108/108 1137/117/117
f 1140/41/41 1141/40/40 2189/109/109 2188/108/108
f 1141/40/40 1142/39/39 2190/112/112 2189/109/109
f 1142/39/39 148/38/38 1143/95/95 2190/112/112
f 2190/112/112 1143/95/95 1144/107/107 2193/113/113
f 2193/113/113 1144/107/107 1145/105/105 2196/116/116
f 2196/116/116 1145/105/105 14/106/106 1118/118/118
f 2195/114/114 2196/116/116 1118/118/118 1117/119/119
f 2194/115/115 2195/114/114 1117/119/119 1116/120/120
f 1139/121/121 2194/115/115 1116/120/120 13/122/122
f 1138/123/123 2191/111/111 2194/115/115 1139/121/121
f 1137/117/117 2188/108/108 2191/111/111 1138/123/123
f 2197/124/124 2198/125/125 2201/126/126 2200/127/127
f 2198/125/125 2199/128/128 2202/129/129 2201/126/126
f 2200/127/127 2201/126/126 2204/130/130 2203/131/131
f 2201/126/126 2202/129/129 2205/132/132 2204/130/130
f 146/63/63 1134/61/61 2197/124/124 1131/133/133
f 1134/61/61 1135/60/60 2198/125/125 2197/124/124
f 1135/60/60 1136/59/59 2199/128/128 2198/125/125
f 1136/59/59 147/43/43 1137/117/117 2199/128/128
f 2199/128/128 1137/117/117 1138/123/123 2202/129/129
f 2202/129/129 1138/123/123 1139/121/121 2205/132/132
f 2205/132/132 1139/121/121 13/122/122 1112/134/134
f 2204/130/130 2205/132/132 1112/134/134 1111/135/135
f 2203/131/131 2204/130/130 1111/135/135 1110/136/136
f 1133/137/137 2203/131/131 1110/136/136 12/138/138
f 1132/139/139 2200/127/127 2203/131/131 1133/137/137
f 1131/133/133 2197/124/124 2200/127/127 1132/139/139
f 2206/140/140 2207/141/141 2210/142/142 2209/143/143
f 2207/141/141 2208/144/144 2211/145/145 2210/142/142
f 2209/143/143 2210/142/142 2213/146/146 2212/147/147
f 2210/142/142 2211/145/145 2214/148/148 2213/146/146
f 145/83/83 1128/81/81 2206/140/140 1127/98/98
f 1128/81/81 1129/80/80 2207/141/141 2206/140/140
f 1129/80/80 1130/79/79 2208/144/144 2207/141/141
f 1130/79/79 146/63/63 1131/133/133 2208/144/144
f 2208/144/144 1131/133/133 1132/139/139 2211/145/145
f 2211/145/145 1132/139/139 1133/137/137 2214/148/148
f 2214/148/148 1133/137/137 12/138/138 1106/149/149
f 2213/146/146 2214/148/148 1106/149/149 1105/150/150
f 2212/147/147 2213/146/146 1105/150/150 1104/151/151
f 1125/100/100 2212/147/147 1104/151/151 11/101/101
f 1126/99/99 2209/143/143 2212/147/147 1125/100/100
f 1127/98/98 2206/140/140 2209/143/143 1126/99/99
f 2215/152/152 2216/153/153 2219/154/154 2218/155/155
f 2216/153/153 2217/156/156 2220/157/157 2219/154/154
f 2218/155/155 2219/154/154 2222/158/158 2221/159/159
f 2219/154/154 2220/157/157 2223/160/160 2222/158/158
f 14/106/106 1122/104/104 2215/152/152 1119/161/161
f 1122/104/104 1123/103/103 2216/153/153 2215/152/152
f 1123/103/103 1124/102/102 2217/156/156 2216/153/153
f 1124/102/102 11/101/101 1103/162/162 2217/156/156
f 2217/156/156 1103/162/162 1102/163/163 2220/157/157
f 2220/157/157 1102/163/163 1101/164/164 2223/160/160
f 2223/160/160 1101/164/164 141/165/165 1100/166/166
f 2222/158/158 2223/160/160 1100/166/166 1099/167/167
f 2221/159/159 2222/158/158 1099/167/167 1098/168/168
f 1121/169/169 2221/159/159 1098/168/168 144/170/170
f 1120/171/171 2218/155/155 2221/159/159 1121/169/169
f 1119/161/161 2215/152/152 2218/155/155 1120/171/171
f 2224/172/172 2225/173/173 2228/174/174 2227/175/175
f 2225/173/173 2226/176/176 2229/177/177 2228/174/174
f 2227/175/175 2228/174/174 2231/178/178 2230/179/179
f 2228/174/174 2229/177/177 2232/180/180 2231/178/178
f 13/122/122 1116/120/120 2224/172/172 1113/181/181
f 1116/120/120 1117/119/119 2225/173/173 2224/172/172
f 1117/119/119 1118/118/118 2226/176/176 2225/173/173
f 1118/118/118 14/106/106 1119/161/161 2226/176/176
f 2226/176/176 1119/161/161 1120/171/171 2229/177/177
f 2229/177/177 1120/171/171 1121/169/169 2232/180/180
f 2232/180/180 1121/169/169 144/170/170 1094/182/182
f 2231/178/178 2232/180/180 1094/182/182 1093/183/183
f 2230/179/179 2231/178/178 1093/183/183 1092/184/184
f 1115/185/185 2230/179/179 1092/184/184 143/186/186
f 1114/187/187 2227/175/175 2230/179/179 1115/185/185
f 1113/181/181 2224/172/172 2227/175/175 1114/187/187
f 2233/188/188 2234/189/189 2237/190/190 2236/191/191
f 2234/189/189 2235/192/192 2238/193/193 2237/190/190
f 2236/191/191 2237/190/190 2240/194/194 2239/195/195
f 2237/190/190 2238/193/193 2241/196/196 2240/194/194
f 12/138/138 1110/136/136 2233/188/188 1107/197/197
f 1110/136/136 1111/135/135 2234/189/189 2233/188/188
f 1111/135/135 1112/134/134 2235/192/192 2234/189/189
f 1112/134/134 13/122/122 1113/181/181 2235/192/192
f 2235/192/192 1113/181/181 1114/187/187 2238/193/193
f 2238/193/193 1114/187/187 1115/185/185 2241/196/196
f 2241/196/196 1115/185/185 143/186/186 1088/198/198
f 2240/194/194 2241/196/196 1088/198/198 1087/199/199
f 2239/195/195 2240/194/194 1087/199/199 1086/200/200
f 1109/201/201 2239/195/195 1086/200/200 142/202/202
f 1108/203/203 2236/191/191 2239/195/195 1109/201/201
f 1107/197/197 2233/188/188 2236/191/191 1108/203/203
f 2242/204/204 2243/205/205 2246/206/206 2245/207/207
f 2243/205/205 2244/208/208 2247/209/209 2246/206/206
f 2245/207/207 2246/206/206 2249/210/210 2248/211/211
f 2246/206/206 2247/209/209 2250/212/212 2249/210/210
f 11/101/101 1104/151/151 2242/204/204 1103/162/162
f 1104/151/151 1105/150/150 2243/205/205 2242/204/204
f 1105/150/150 1106/149/149 2244/208/208 2243/205/205
f 1106/149/149 12/138/138 1107/197/197 2244/208/208
f 2244/208/208 1107/197/197 1108/203/203 2247/209/209
f 2247/209/209 1108/203/203 1109/201/201 2250/212/212
f 2250/212/212 1109/201/201 142/202/202 1082/213/213
f 2249/210/210 2250/212/212 1082/213/213 1081/214/214
f 2248/211/211 2249/210/210 1081/214/214 1080/215/215
f 1101/164/164 2248/211/211 1080/215/215 141/165/165
f 1102/163/163 2245/207/207 2248/211/211 1101/164/164
f 1103/162/162 2242/204/204 2245/207/207 1102/163/163
f 2251/216/216 2252/217/217 2255/218/218 2254/219/219
f 2252/217/217 2253/220/220 2256/221/221 2255/218/218
f 2254/219/219 2255/218/218 2258/222/222 2257/223/223
f 2255/218/218 2256/221/221 2259/224/224 2258/222/222
f 144/170/170 1098/168/168 2251/216/216 1095/225/225
f 1098/168/168 1099/167/167 2252/217/217 2251/216/216
f 1099/167/167 1100/166/166 2253/220/220 2252/217/217
f 1100/166/166 141/165/165 1079/226/226 2253/220/220
f 2253/220/220 1079/226/226 1078/227/227 2256/221/221
f 2256/221/221 1078/227/227 1077/228/228 2259/224/224
f 2259/224/224 1077/228/228 137/229/229 1076/230/230
f 2258/222/222 2259/224/224 1076/230/230 1075/231/231
f 2257/223/223 2258/222/222 1075/231/231 1074/232/232
f 1097/233/233 2257/223/223 1074/232/232 140/234/234
f 1096/235/235 2254/219/219 2257/223/223 1097/233/233
f 1095/225/225 2251/216/216 2254/219/219 1096/235/235
f 2260/236/236 2261/237/237 2264/238/238 2263/239/239
f 2261/237/237 2262/240/240 2265/241/241 2264/238/238
f 2263/239/239 2264/238/238 2267/242/242 2266/243/243
f 2264/238/238 2265/241/241 2268/244/244 2267/242/242
f 143/186/186 1092/184/184 2260/236/236 1089/245/245
f 1092/184/184 1093/183/183 2261/237/237 2260/236/236
f 1093/183/183 1094/182/182 2262/240/240 2261/237/237
f 1094/182/182 144/170/170 1095/225/225 2262/240/240
f 2262/240/240 1095/225/225 1096/235/235 2265/241/241
f 2265/241/241 1096/235/235 1097/233/233 2268/244/244
f 2268/244/244 1097/233/233 140/234/234 1070/246/246
f 2267/242/242 2268/244/244 1070/246/246 1069/247/247
f 2266/243/243 2267/242/242 1069/247/247 1068/248/248
f 1091/249/249 2266/243/243 1068/248/248 139/250/250
f 1090/251/251 2263/239/239 2266/243/243 1091/249/249
f 1089/245/245 2260/236/236 2263/239/239 1090/251/251
f 2270/252/252 2271/253/253 2269/254/254 2275/255/255
f 2272/256/256 2273/257/257 2269/254/254 2271/253/253
f 2274/258/258 2275/255/255 2269/254/254 2273/257/257
f 110/17/17 366/259/259 2270/252/252 308/260/260
f 366/259/259 367/261/261 2271/253/253 2270/252/252
f 308/260/260 2270/252/252 2275/255/255 307/262/262
f 112/263/263 333/264/264 2272/256/256 368/265/265
f 333/264/264 334/266/266 2273/257/257 2272/256/256
f 368/265/265 2272/256/256 2271/253/253 367/261/261
f 20/267/267 306/268/268 2274/258/258 335/269/269
f 306/268/268 307/262/262 2275/255/255 2274/258/258
f 335/269/269 2274/258/258 2273/257/257 334/266/266
f 2276/270/270 2277/271/271 2280/272/272 2279/273/273
f 2277/271/271 2278/274/274 2281/275/275 2280/272/272
f 2279/273/273 2280/272/272 2283/276/276 2282/277/277
f 2280/272/272 2281/275/275 2284/278/278 2283/276/276
f 142/202/202 1086/200/200 2276/270/270 1083/279/279
f 1086/200/200 1087/199/199 2277/271/271 2276/270/270
f 1087/199/199 1088/198/198 2278/274/274 2277/271/271
f 1088/198/198 143/186/186 1089/245/245 2278/274/274
f 2278/274/274 1089/245/245 1090/251/251 2281/275/275
f 2281/275/275 1090/251/251 1091/249/249 2284/278/278
f 2284/278/278 1091/249/249 139/250/250 1064/280/280
f 2283/276/276 2284/278/278 1064/280/280 1063/281/281
f 2282/277/277 2283/276/276 1063/281/281 1062/282/282
f 1085/283/283 2282/277/277 1062/282/282 138/284/284
f 1084/285/285 2279/273/273 2282/277/277 1085/283/283
f 1083/279/279 2276/270/270 2279/273/273 1084/285/285
f 2285/286/286 2286/287/287 2289/288/288 2288/289/289
f 2286/287/287 2287/290/290 2290/291/291 2289/288/288
f 2288/289/289 2289/288/288 2292/292/292 2291/293/293
f 2289/288/288 2290/291/291 2293/294/294 2292/292/292
f 141/165/165 1080/215/215 2285/286/286 1079/226/226
f 1080/215/215 1081/214/214 2286/287/287 2285/286/286
f 1081/214/214 1082/213/213 2287/290/290 2286/287/287
f 1082/213/213 142/202/202 1083/279/279 2287/290/290
f 2287/290/290 1083/279/279 1084/285/285 2290/291/291
f 2290/291/291 1084/285/285 1085/283/283 2293/294/294
f 2293/294/294 1085/283/283 138/284/284 1058/295/295
f 2292/292/292 2293/294/294 1058/295/295 1057/296/296
f 2291/293/293 2292/292/292 1057/296/296 1056/297/297
f 1077/228/228 2291/293/293 1056/297/297 137/229/229
f 1078/227/227 2288/289/289 2291/293/293 1077/228/228
f 1079/226/226 2285/286/286 2288/289/289 1078/227/227
f 2294/298/298 2295/299/299 2298/300/300 2297/301/301
f 2295/299/299 2296/302/302 2299/303/303 2298/300/300
f 2297/301/301 2298/300/300 2301/304/304 2300/305/305
f 2298/300/300 2299/303/303 2302/306/306 2301/304/304
f 140/234/234 1074/232/232 2294/298/298 1071/307/307
f 1074/232/232 1075/231/231 2295/299/299 2294/298/298
f 1075/231/231 1076/230/230 2296/302/302 2295/299/299
f 1076/230/230 137/229/229 1055/308/308 2296/302/302
f 2296/302/302 1055/308/308 1054/309/309 2299/303/303
f 2299/303/303 1054/309/309 1053/310/310 2302/306/306
f 2302/306/306 1053/310/310 133/311/311 1052/312/312
f 2301/304/304 2302/306/306 1052/312/312 1051/313/313
f 2300/305/305 2301/304/304 1051/313/313 1050/314/314
f 1073/315/315 2300/305/305 1050/314/314 136/316/316
f 1072/317/317 2297/301/301 2300/305/305 1073/315/315
f 1071/307/307 2294/298/298 2297/301/301 1072/317/317
f 2304/318/318 2305/319/319 2303/320/320 2309/321/321
f 2306/322/322 2307/323/323 2303/320/320 2305/319/319
f 2308/324/324 2309/321/321 2303/320/320 2307/323/323
f 122/325/325 417/326/326 2304/318/318 482/327/327
f 417/326/326 418/328/328 2305/319/319 2304/318/318
f 482/327/327 2304/318/318 2309/321/321 481/329/329
f 154/330/330 477/331/331 2306/322/322 419/332/332
f 477/331/331 478/333/333 2307/323/323 2306/322/322
f 419/332/332 2306/322/322 2305/319/319 418/328/328
f 118/334/334 480/335/335 2308/324/324 479/336/336
f 480/335/335 481/329/329 2309/321/321 2308/324/324
f 479/336/336 2308/324/324 2307/323/323 478/333/333
f 2310/337/337 2311/338/338 2314/339/339 2313/340/340
f 2311/338/338 2312/341/341 2315/342/342 2314/339/339
f 2313/340/340 2314/339/339 2317/343/343 2316/344/344
f 2314/339/339 2315/342/342 2318/345/345 2317/343/343
f 139/250/250 1068/248/248 2310/337/337 1065/346/346
f 1068/248/248 1069/247/247 2311/338/338 2310/337/337
f 1069/247/247 1070/246/246 2312/341/341 2311/338/338
f 1070/246/246 140/234/234 1071/307/307 2312/341/341
f 2312/341/341 1071/307/307 1072/317/317 2315/342/342
f 2315/342/342 1072/317/317 1073/315/315 2318/345/345
f 2318/345/345 1073/315/315 136/316/316 1046/347/347
f 2317/343/343 2318/345/345 1046/347/347 1045/348/348
f 2316/344/344 2317/343/343 1045/348/348 1044/349/349
f 1067/350/350 2316/344/344 1044/349/349 135/351/351
f 1066/352/352 2313/340/340 2316/344/344 1067/350/350
f 1065/346/346 2310/337/337 2313/340/340 1066/352/352
f 2320/353/353 2321/354/354 2319/355/355 2325/356/356
f 2322/357/357 2323/358/358 2319/355/355 2321/354/354
f 2324/359/359 2325/356/356 2319/355/355 2323/358/358
f 22/360/360 426/361/361 2320/353/353 423/362/362
f 426/361/361 427/363/363 2321/354/354 2320/353/353
f 423/362/362 2320/353/353 2325/356/356 424/364/364
f 21/365/365 380/366/366 2322/357/357 428/367/367
f 380/366/366 379/368/368 2323/358/358 2322/357/357
f 428/367/367 2322/357/357 2321/354/354 427/363/363
f 112/263/263 425/369/369 2324/359/359 378/370/370
f 425/369/369 424/364/364 2325/356/356 2324/359/359
f 378/370/370 2324/359/359 2323/358/358 379/368/368
f 2326/371/371 2327/372/372 2330/373/373 2329/374/374
f 2327/372/372 2328/375/375 2331/376/376 2330/373/373
f 2329/374/374 2330/373/373 2333/377/377 2332/378/378
f 2330/373/373 2331/376/376 2334/379/379 2333/377/377
f 138/284/284 1062/282/282 2326/371/371 1059/380/380
f 1062/282/282 1063/281/281 2327/372/372 2326/371/371
f 1063/281/281 1064/280/280 2328/375/375 2327/372/372
f 1064/280/280 139/250/250 1065/346/346 2328/375/375
f 2328/375/375 1065/346/346 1066/352/352 2331/376/376
f 2331/376/376 1066/352/352 1067/350/350 2334/379/379
f 2334/379/379 1067/350/350 135/351/351 1040/381/381
f 2333/377/377 2334/379/379 1040/381/381 1039/382/382
f 2332/378/378 2333/377/377 1039/382/382 1038/383/383
f 1061/384/384 2332/378/378 1038/383/383 134/385/385
f 1060/386/386 2329/374/374 2332/378/378 1061/384/384
f 1059/380/380 2326/371/371 2329/374/374 1060/386/386
f 2335/387/387 2336/388/388 2339/389/389 2338/390/390
f 2336/388/388 2337/391/391 2340/392/392 2339/389/389
f 2338/390/390 2339/389/389 2342/393/393 2341/394/394
f 2339/389/389 2340/392/392 2343/395/395 2342/393/393
f 137/229/229 1056/297/297 2335/387/387 1055/308/308
f 1056/297/297 1057/296/296 2336/388/388 2335/387/387
f 1057/296/296 1058/295/295 2337/391/391 2336/388/388
f 1058/295/295 138/284/284 1059/380/380 2337/391/391
f 2337/391/391 1059/380/380 1060/386/386 2340/392/392
f 2340/392/392 1060/386/386 1061/384/384 2343/395/395
f 2343/395/395 1061/384/384 134/385/385 1034/396/396
f 2342/393/393 2343/395/395 1034/396/396 1033/397/397
f 2341/394/394 2342/393/393 1033/397/397 1032/398/398
f 1053/310/310 2341/394/394 1032/398/398 133/311/311
f 1054/309/309 2338/390/390 2341/394/394 1053/310/310
f 1055/308/308 2335/387/387 2338/390/390 1054/309/309
f 2345/399/399 2346/400/400 2344/401/401 2350/402/402
f 2347/403/403 2348/404/404 2344/401/401 2346/400/400
f 2349/405/405 2350/402/402 2344/401/401 2348/404/404
f 22/360/360 441/406/406 2345/399/399 426/361/361
f 441/406/406 442/407/407 2346/400/400 2345/399/399
f 426/361/361 2345/399/399 2350/402/402 427/363/363
f 24/408/408 440/409/409 2347/403/403 443/410/410
f 440/409/409 439/411/411 2348/404/404 2347/403/403
f 443/410/410 2347/403/403 2346/400/400 442/407/407
f 21/365/365 428/367/367 2349/405/405 438/412/412
f 428/367/367 427/363/363 2350/402/402 2349/405/405
f 438/412/412 2349/405/405 2348/404/404 439/411/411
f 2351/413/413 2352/414/414 2355/415/415 2354/416/416
f 2352/414/414 2353/417/417 2356/418/418 2355/415/415
f 2354/416/416 2355/415/415 2358/419/419 2357/420/420
f 2355/415/415 2356/418/418 2359/421/421 2358/419/419
f 136/316/316 1050/314/314 2351/413/413 1047/422/422
f 1050/314/314 1051/313/313 2352/414/414 2351/413/413
f 1051/313/313 1052/312/312 2353/417/417 2352/414/414
f 1052/312/312 133/311/311 1031/423/423 2353/417/417
f 2353/417/417 1031/423/423 1030/424/424 2356/418/418
f 2356/418/418 1030/424/424 1029/425/425 2359/421/421
f 2359/421/421 1029/425/425 282/426/426 503/427/427
f 2358/419/419 2359/421/421 503/427/427 502/428/428
f 2357/420/420 2358/419/419 502/428/428 501/429/429
f 1049/430/430 2357/420/420 501/429/429 280/431/431
f 1048/432/432 2354/416/416 2357/420/420 1049/430/430
f 1047/422/422 2351/413/413 2354/416/416 1048/432/432
f 2360/433/433 2361/434/434 2364/435/435 2363/436/436
f 2361/434/434 2362/437/437 2365/438/438 2364/435/435
f 2363/436/436 2364/435/435 2367/439/439 2366/440/440
f 2364/435/435 2365/438/438 2368/441/441 2367/439/439
f 135/351/351 1044/349/349 2360/433/433 1041/442/442
f 1044/349/349 1045/348/348 2361/434/434 2360/433/433
f 1045/348/348 1046/347/347 2362/437/437 2361/434/434
f 1046/347/347 136/316/316 1047/422/422 2362/437/437
f 2362/437/437 1047/422/422 1048/432/432 2365/438/438
f 2365/438/438 1048/432/432 1049/430/430 2368/441/441
f 2368/441/441 1049/430/430 280/431/431 518/443/443
f 2367/439/439 2368/441/441 518/443/443 517/444/444
f 2366/440/440 2367/439/439 517/444/444 516/445/445
f 1043/446/446 2366/440/440 516/445/445 9/447/447
f 1042/448/448 2363/436/436 2366/440/440 1043/446/446
f 1041/442/442 2360/433/433 2363/436/436 1042/448/448
f 2369/449/449 2370/450/450 2373/451/451 2372/452/452
f 2370/450/450 2371/453/453 2374/454/454 2373/451/451
f 2372/452/452 2373/451/451 2376/455/455 2375/456/456
f 2373/451/451 2374/454/454 2377/457/457 2376/455/455
f 134/385/385 1038/383/383 2369/449/449 1035/458/458
f 1038/383/383 1039/382/382 2370/450/450 2369/449/449
f 1039/382/382 1040/381/381 2371/453/453 2370/450/450
f 1040/381/381 135/351/351 1041/442/442 2371/453/453
f 2371/453/453 1041/442/442 1042/448/448 2374/454/454
f 2374/454/454 1042/448/448 1043/446/446 2377/457/457
f 2377/457/457 1043/446/446 9/447/447 533/459/459
f 2376/455/455 2377/457/457 533/459/459 532/460/460
f 2375/456/456 2376/455/455 532/460/460 531/461/461
f 1037/462/462 2375/456/456 531/461/461 281/463/463
f 1036/464/464 2372/452/452 2375/456/456 1037/462/462
f 1035/458/458 2369/449/449 2372/452/452 1036/464/464
f 2378/465/465 2379/466/466 2382/467/467 2381/468/468
f 2379/466/466 2380/469/469 2383/470/470 2382/467/467
f 2381/468/468 2382/467/467 2385/471/471 2384/472/472
f 2382/467/467 2383/470/470 2386/473/473 2385/471/471
f 133/311/311 1032/398/398 2378/465/465 1031/423/423
f 1032/398/398 1033/397/397 2379/466/466 2378/465/465
f 1033/397/397 1034/396/396 2380/469/469 2379/466/466
f 1034/396/396 134/385/385 1035/458/458 2380/469/469
f 2380/469/469 1035/458/458 1036/464/464 2383/470/470
f 2383/470/470 1036/464/464 1037/462/462 2386/473/473
f 2386/473/473 1037/462/462 281/463/463 542/474/474
f 2385/471/471 2386/473/473 542/474/474 541/475/475
f 2384/472/472 2385/471/471 541/475/475 540/476/476
f 1029/425/425 2384/472/472 540/476/476 282/426/426
f 1030/424/424 2381/468/468 2384/472/472 1029/425/425
f 1031/423/423 2378/465/465 2381/468/468 1030/424/424
f 2388/477/477 2389/478/478 2387/479/479 2393/480/480
f 2390/481/481 2391/482/482 2387/479/479 2389/478/478
f 2392/483/483 2393/480/480 2387/479/479 2391/482/482
f 23/484/484 462/485/485 2388/477/477 459/486/486
f 462/485/485 463/487/487 2389/478/478 2388/477/477
f 459/486/486 2388/477/477 2393/480/480 460/488/488
f 111/489/489 455/490/490 2390/481/481 464/491/491
f 455/490/490 454/492/492 2391/482/482 2390/481/481
f 464/491/491 2390/481/481 2389/478/478 463/487/487
f 109/8/8 461/493/493 2392/483/483 453/494/494
f 461/493/493 460/488/488 2393/480/480 2392/483/483
f 453/494/494 2392/483/483 2391/482/482 454/492/492
f 2394/495/495 2395/496/496 2398/497/497 2397/498/498
f 2395/496/496 2396/499/499 2399/500/500 2398/497/497
f 2397/498/498 2398/497/497 2401/501/501 2400/502/502
f 2398/497/497 2399/500/500 2402/503/503 2401/501/501
f 302/504/504 905/505/505 2394/495/495 1026/506/506
f 905/505/505 904/507/507 2395/496/496 2394/495/495
f 904/507/507 903/508/508 2396/499/499 2395/496/496
f 903/508/508 305/509/509 1019/510/510 2396/499/499
f 2396/499/499 1019/510/510 1018/511/511 2399/500/500
f 2399/500/500 1018/511/511 1017/512/512 2402/503/503
f 2402/503/503 1017/512/512 301/513/513 890/514/514
f 2401/501/501 2402/503/503 890/514/514 889/515/515
f 2400/502/502 2401/501/501 889/515/515 888/516/516
f 1028/517/517 2400/502/502 888/516/516 298/518/518
f 1027/519/519 2397/498/498 2400/502/502 1028/517/517
f 1026/506/506 2394/495/495 2397/498/498 1027/519/519
f 2404/520/520 2405/521/521 2403/522/522 2409/523/523
f 2406/524/524 2407/525/525 2403/522/522 2405/521/521
f 2408/526/526 2409/523/523 2403/522/522 2407/525/525
f 111/489/489 468/527/527 2404/520/520 465/528/528
f 468/527/527 469/529/529 2405/521/521 2404/520/520
f 465/528/528 2404/520/520 2409/523/523 466/530/530
f 24/408/408 443/410/410 2406/524/524 470/531/531
f 443/410/410 442/407/407 2407/525/525 2406/524/524
f 470/531/531 2406/524/524 2405/521/521 469/529/529
f 22/360/360 467/532/532 2408/526/526 441/406/406
f 467/532/532 466/530/530 2409/523/523 2408/526/526
f 441/406/406 2408/526/526 2407/525/525 442/407/407
f 2410/533/533 2411/534/534 2414/535/535 2413/536/536
f 2411/534/534 2412/537/537 2415/538/538 2414/535/535
f 2413/536/536 2414/535/535 2417/539/539 2416/540/540
f 2414/535/535 2415/538/538 2418/541/541 2417/539/539
f 303/542/542 908/543/543 2410/533/533 1023/544/544
f 908/543/543 907/545/545 2411/534/534 2410/533/533
f 907/545/545 906/546/546 2412/537/537 2411/534/534
f 906/546/546 302/504/504 1026/506/506 2412/537/537
f 2412/537/537 1026/506/506 1027/519/519 2415/538/538
f 2415/538/538 1027/519/519 1028/517/517 2418/541/541
f 2418/541/541 1028/517/517 298/518/518 887/547/547
f 2417/539/539 2418/541/541 887/547/547 886/548/548
f 2416/540/540 2417/539/539 886/548/548 885/549/549
f 1025/550/550 2416/540/540 885/549/549 299/551/551
f 1024/552/552 2413/536/536 2416/540/540 1025/550/550
f 1023/544/544 2410/533/533 2413/536/536 1024/552/552
f 2419/553/553 2420/554/554 2423/555/555 2422/556/556
f 2420/554/554 2421/557/557 2424/558/558 2423/555/555
f 2422/556/556 2423/555/555 2426/559/559 2425/560/560
f 2423/555/555 2424/558/558 2427/561/561 2426/559/559
f 304/562/562 911/563/563 2419/553/553 1020/564/564
f 911/563/563 910/565/565 2420/554/554 2419/553/553
f 910/565/565 909/566/566 2421/557/557 2420/554/554
f 909/566/566 303/542/542 1023/544/544 2421/557/557
f 2421/557/557 1023/544/544 1024/552/552 2424/558/558
f 2424/558/558 1024/552/552 1025/550/550 2427/561/561
f 2427/561/561 1025/550/550 299/551/551 884/567/567
f 2426/559/559 2427/561/561 884/567/567 883/568/568
f 2425/560/560 2426/559/559 883/568/568 882/569/569
f 1022/570/570 2425/560/560 882/569/569 300/571/571
f 1021/572/572 2422/556/556 2425/560/560 1022/570/570
f 1020/564/564 2419/553/553 2422/556/556 1021/572/572
f 2428/573/573 2429/574/574 2432/575/575 2431/576/576
f 2429/574/574 2430/577/577 2433/578/578 2432/575/575
f 2431/576/576 2432/575/575 2435/579/579 2434/580/580
f 2432/575/575 2433/578/578 2436/581/581 2435/579/579
f 305/509/509 914/582/582 2428/573/573 1019/510/510
f 914/582/582 913/583/583 2429/574/574 2428/573/573
f 913/583/583 912/584/584 2430/577/577 2429/574/574
f 912/584/584 304/562/562 1020/564/564 2430/577/577
f 2430/577/577 1020/564/564 1021/572/572 2433/578/578
f 2433/578/578 1021/572/572 1022/570/570 2436/581/581
f 2436/581/581 1022/570/570 300/571/571 881/585/585
f 2435/579/579 2436/581/581 881/585/585 880/586/586
f 2434/580/580 2435/579/579 880/586/586 879/587/587
f 1017/512/512 2434/580/580 879/587/587 301/513/513
f 1018/511/511 2431/576/576 2434/580/580 1017/512/512
f 1019/510/510 2428/573/573 2431/576/576 1018/511/511
f 2437/588/588 2438/589/589 2441/590/590 2440/591/591
f 2438/589/589 2439/592/592 2442/593/593 2441/590/590
f 2440/591/591 2441/590/590 2444/594/594 2443/595/595
f 2441/590/590 2442/593/593 2445/596/596 2444/594/594
f 126/597/597 524/598/598 2437/588/588 1011/599/599
f 524/598/598 523/600/600 2438/589/589 2437/588/588
f 523/600/600 522/601/601 2439/592/592 2438/589/589
f 522/601/601 123/602/602 1001/603/603 2439/592/592
f 2439/592/592 1001/603/603 1000/604/604 2442/593/593
f 2442/593/593 1000/604/604 999/605/605 2445/596/596
f 2445/596/596 999/605/605 119/606/606 1014/607/607
f 2444/594/594 2445/596/596 1014/607/607 1015/608/608
f 2443/595/595 2444/594/594 1015/608/608 1016/609/609
f 1013/610/610 2443/595/595 1016/609/609 122/325/325
f 1012/611/611 2440/591/591 2443/595/595 1013/610/610
f 1011/599/599 2437/588/588 2440/591/591 1012/611/611
f 2446/612/612 2447/613/613 2450/614/614 2449/615/615
f 2447/613/613 2448/616/616 2451/617/617 2450/614/614
f 2449/615/615 2450/614/614 2453/618/618 2452/619/619
f 2450/614/614 2451/617/617 2454/620/620 2453/618/618
f 125/621/621 549/622/622 2446/612/612 1005/623/623
f 549/622/622 550/624/624 2447/613/613 2446/612/612
f 550/624/624 551/625/625 2448/616/616 2447/613/613
f 551/625/625 126/597/597 1011/599/599 2448/616/616
f 2448/616/616 1011/599/599 1012/611/611 2451/617/617
f 2451/617/617 1012/611/611 1013/610/610 2454/620/620
f 2454/620/620 1013/610/610 122/325/325 500/626/626
f 2453/618/618 2454/620/620 500/626/626 499/627/627
f 2452/619/619 2453/618/618 499/627/627 498/628/628
f 1007/629/629 2452/619/619 498/628/628 121/630/630
f 1006/631/631 2449/615/615 2452/619/619 1007/629/629
f 1005/623/623 2446/612/612 2449/615/615 1006/631/631
f 2455/632/632 2456/633/633 2459/634/634 2458/635/635
f 2456/633/633 2457/636/636 2460/637/637 2459/634/634
f 2458/635/635 2459/634/634 2462/638/638 2461/639/639
f 2459/634/634 2460/637/637 2463/640/640 2462/638/638
f 124/641/641 507/642/642 2455/632/632 1002/643/643
f 507/642/642 508/644/644 2456/633/633 2455/632/632
f 508/644/644 509/645/645 2457/636/636 2456/633/633
f 509/645/645 125/621/621 1005/623/623 2457/636/636
f 2457/636/636 1005/623/623 1006/631/631 2460/637/637
f 2460/637/637 1006/631/631 1007/629/629 2463/640/640
f 2463/640/640 1007/629/629 121/630/630 1008/646/646
f 2462/638/638 2463/640/640 1008/646/646 1009/647/647
f 2461/639/639 2462/638/638 1009/647/647 1010/648/648
f 1004/649/649 2461/639/639 1010/648/648 120/650/650
f 1003/651/651 2458/635/635 2461/639/639 1004/649/649
f 1002/643/643 2455/632/632 2458/635/635 1003/651/651
f 2464/652/652 2465/653/653 2468/654/654 2467/655/655
f 2465/653/653 2466/656/656 2469/657/657 2468/654/654
f 2467/655/655 2468/654/654 2471/658/658 2470/659/659
f 2468/654/654 2469/657/657 2472/660/660 2471/658/658
f 123/602/602 510/661/661 2464/652/652 1001/603/603
f 510/661/661 511/662/662 2465/653/653 2464/652/652
f 511/662/662 512/663/663 2466/656/656 2465/653/653
f 512/663/663 124/641/641 1002/643/643 2466/656/656
f 2466/656/656 1002/643/643 1003/651/651 2469/657/657
f 2469/657/657 1003/651/651 1004/649/649 2472/660/660
f 2472/660/660 1004/649/649 120/650/650 519/664/664
f 2471/658/658 2472/660/660 519/664/664 520/665/665
f 2470/659/659 2471/658/658 520/665/665 521/666/666
f 999/605/605 2470/659/659 521/666/666 119/606/606
f 1000/604/604 2467/655/655 2470/659/659 999/605/605
f 1001/603/603 2464/652/652 2467/655/655 1000/604/604
f 2473/667/667 2474/668/668 2477/669/669 2476/670/670
f 2474/668/668 2475/671/671 2478/672/672 2477/669/669
f 2476/670/670 2477/669/669 2480/673/673 2479/674/674
f 2477/669/669 2478/672/672 2481/675/675 2480/673/673
f 294/676/676 864/677/677 2473/667/667 996/678/678
f 864/677/677 865/679/679 2474/668/668 2473/667/667
f 865/679/679 866/680/680 2475/671/671 2474/668/668
f 866/680/680 297/681/681 989/682/682 2475/671/671
f 2475/671/671 989/682/682 988/683/683 2478/672/672
f 2478/672/672 988/683/683 987/684/684 2481/675/675
f 2481/675/675 987/684/684 293/685/685 831/686/686
f 2480/673/673 2481/675/675 831/686/686 832/687/687
f 2479/674/674 2480/673/673 832/687/687 833/688/688
f 998/689/689 2479/674/674 833/688/688 290/690/690
f 997/691/691 2476/670/670 2479/674/674 998/689/689
f 996/678/678 2473/667/667 2476/670/670 997/691/691
f 2482/692/692 2483/693/693 2486/694/694 2485/695/695
f 2483/693/693 2484/696/696 2487/697/697 2486/694/694
f 2485/695/695 2486/694/694 2489/698/698 2488/699/699
f 2486/694/694 2487/697/697 2490/700/700 2489/698/698
f 295/701/701 861/702/702 2482/692/692 993/703/703
f 861/702/702 862/704/704 2483/693/693 2482/692/692
f 862/704/704 863/705/705 2484/696/696 2483/693/693
f 863/705/705 294/676/676 996/678/678 2484/696/696
f 2484/696/696 996/678/678 997/691/691 2487/697/697
f 2487/697/697 997/691/691 998/689/689 2490/700/700
f 2490/700/700 998/689/689 290/690/690 834/706/706
f 2489/698/698 2490/700/700 834/706/706 835/707/707
f 2488/699/699 2489/698/698 835/707/707 836/708/708
f 995/709/709 2488/699/699 836/708/708 291/710/710
f 994/711/711 2485/695/695 2488/699/699 995/709/709
f 993/703/703 2482/692/692 2485/695/695 994/711/711
f 2491/712/712 2492/713/713 2495/714/714 2494/715/715
f 2492/713/713 2493/716/716 2496/717/717 2495/714/714
f 2494/715/715 2495/714/714 2498/718/718 2497/719/719
f 2495/714/714 2496/717/717 2499/720/720 2498/718/718
f 296/721/721 858/722/722 2491/712/712 990/723/723
f 858/722/722 859/724/724 2492/713/713 2491/712/712
f 859/724/724 860/725/725 2493/716/716 2492/713/713
f 860/725/725 295/701/701 993/703/703 2493/716/716
f 2493/716/716 993/703/703 994/711/711 2496/717/717
f 2496/717/717 994/711/711 995/709/709 2499/720/720
f 2499/720/720 995/709/709 291/710/710 837/726/726
f 2498/718/718 2499/720/720 837/726/726 838/727/727
f 2497/719/719 2498/718/718 838/727/727 839/728/728
f 992/729/729 2497/719/719 839/728/728 292/730/730
f 991/731/731 2494/715/715 2497/719/719 992/729/729
f 990/723/723 2491/712/712 2494/715/715 991/731/731
f 2500/732/732 2501/733/733 2504/734/734 2503/735/735
f 2501/733/733 2502/736/736 2505/737/737 2504/734/734
f 2503/735/735 2504/734/734 2507/738/738 2506/739/739
f 2504/734/734 2505/737/737 2508/740/740 2507/738/738
f 297/681/681 855/741/741 2500/732/732 989/682/682
f 855/741/741 856/742/742 2501/733/733 2500/732/732
f 856/742/742 857/743/743 2502/736/736 2501/733/733
f 857/743/743 296/721/721 990/723/723 2502/736/736
f 2502/736/736 990/723/723 991/731/731 2505/737/737
f 2505/737/737 991/731/731 992/729/729 2508/740/740
f 2508/740/740 992/729/729 292/730/730 840/744/744
f 2507/738/738 2508/740/740 840/744/744 841/745/745
f 2506/739/739 2507/738/738 841/745/745 842/746/746
f 987/684/684 2506/739/739 842/746/746 293/685/685
f 988/683/683 2503/735/735 2506/739/739 987/684/684
f 989/682/682 2500/732/732 2503/735/735 988/683/683
f 2509/747/747 2510/748/748 2513/749/749 2512/750/750
f 2510/748/748 2511/751/751 2514/752/752 2513/749/749
f 2512/750/750 2513/749/749 2516/753/753 2515/754/754
f 2513/749/749 2514/752/752 2517/755/755 2516/753/753
f 110/17/17 398/756/756 2509/747/747 984/757/757
f 398/756/756 397/758/758 2510/748/748 2509/747/747
f 397/758/758 396/759/759 2511/751/751 2510/748/748
f 396/759/759 107/760/760 977/761/761 2511/751/751
f 2511/751/751 977/761/761 976/762/762 2514/752/752
f 2514/752/752 976/762/762 975/763/763 2517/755/755
f 2517/755/755 975/763/763 103/764/764 327/765/765
f 2516/753/753 2517/755/755 327/765/765 328/766/766
f 2515/754/754 2516/753/753 328/766/766 329/767/767
f 986/768/768 2515/754/754 329/767/767 106/769/769
f 985/770/770 2512/750/750 2515/754/754 986/768/768
f 984/757/757 2509/747/747 2512/750/750 985/770/770
f 2519/771/771 2520/772/772 2518/773/773 2524/774/774
f 2521/775/775 2522/776/776 2518/773/773 2520/772/772
f 2523/777/777 2524/774/774 2518/773/773 2522/776/776
f 153/778/778 534/779/779 2519/771/771 486/780/780
f 534/779/779 535/781/781 2520/772/772 2519/771/771
f 486/780/780 2519/771/771 2524/774/774 487/782/782
f 121/630/630 497/783/783 2521/775/775 536/784/784
f 497/783/783 496/785/785 2522/776/776 2521/775/775
f 536/784/784 2521/775/775 2520/772/772 535/781/781
f 117/786/786 488/787/787 2523/777/777 495/788/788
f 488/787/787 487/782/782 2524/774/774 2523/777/777
f 495/788/788 2523/777/777 2522/776/776 496/785/785
f 2525/789/789 2526/790/790 2529/791/791 2528/792/792
f 2526/790/790 2527/793/793 2530/794/794 2529/791/791
f 2528/792/792 2529/791/791 2532/795/795 2531/796/796
f 2529/791/791 2530/794/794 2533/797/797 2532/795/795
f 109/8/8 407/10/10 2525/789/789 981/798/798
f 407/10/10 406/12/12 2526/790/790 2525/789/789
f 406/12/12 405/18/18 2527/793/793 2526/790/790
f 405/18/18 110/17/17 984/757/757 2527/793/793
f 2527/793/793 984/757/757 985/770/770 2530/794/794
f 2530/794/794 985/770/770 986/768/768 2533/797/797
f 2533/797/797 986/768/768 106/769/769 330/799/799
f 2532/795/795 2533/797/797 330/799/799 331/800/800
f 2531/796/796 2532/795/795 331/800/800 332/801/801
f 983/802/802 2531/796/796 332/801/801 105/803/803
f 982/804/804 2528/792/792 2531/796/796 983/802/802
f 981/798/798 2525/789/789 2528/792/792 982/804/804
f 2534/805/805 2535/806/806 2538/807/807 2537/808/808
f 2535/806/806 2536/809/809 2539/810/810 2538/807/807
f 2537/808/808 2538/807/807 2541/811/811 2540/812/812
f 2538/807/807 2539/810/810 2542/813/813 2541/811/811
f 108/814/814 414/815/815 2534/805/805 978/816/816
f 414/815/815 415/817/817 2535/806/806 2534/805/805
f 415/817/817 416/818/818 2536/809/809 2535/806/806
f 416/818/818 109/8/8 981/798/798 2536/809/809
f 2536/809/809 981/798/798 982/804/804 2539/810/810
f 2539/810/810 982/804/804 983/802/802 2542/813/813
f 2542/813/813 983/802/802 105/803/803 336/819/819
f 2541/811/811 2542/813/813 336/819/819 337/820/820
f 2540/812/812 2541/811/811 337/820/820 338/821/821
f 980/822/822 2540/812/812 338/821/821 104/823/823
f 979/824/824 2537/808/808 2540/812/812 980/822/822
f 978/816/816 2534/805/805 2537/808/808 979/824/824
f 2543/825/825 2544/826/826 2547/827/827 2546/828/828
f 2544/826/826 2545/829/829 2548/830/830 2547/827/827
f 2546/828/828 2547/827/827 2550/831/831 2549/832/832
f 2547/827/827 2548/830/830 2551/833/833 2550/831/831
f 107/760/760 411/834/834 2543/825/825 977/761/761
f 411/834/834 412/835/835 2544/826/826 2543/825/825
f 412/835/835 413/836/836 2545/829/829 2544/826/826
f 413/836/836 108/814/814 978/816/816 2545/829/829
f 2545/829/829 978/816/816 979/824/824 2548/830/830
f 2548/830/830 979/824/824 980/822/822 2551/833/833
f 2551/833/833 980/822/822 104/823/823 326/837/837
f 2550/831/831 2551/833/833 326/837/837 325/838/838
f 2549/832/832 2550/831/831 325/838/838 324/839/839
f 975/763/763 2549/832/832 324/839/839 103/764/764
f 976/762/762 2546/828/828 2549/832/832 975/763/763
f 977/761/761 2543/825/825 2546/828/828 976/762/762
f 2552/840/840 2553/841/841 2556/842/842 2555/843/843
f 2553/841/841 2554/844/844 2557/845/845 2556/842/842
f 2555/843/843 2556/842/842 2559/846/846 2558/847/847
f 2556/842/842 2557/845/845 2560/848/848 2559/846/846
f 102/849/849 966/850/850 2552/840/840 965/851/851
f 966/850/850 967/852/852 2553/841/841 2552/840/840
f 967/852/852 968/853/853 2554/844/844 2553/841/841
f 968/853/853 101/854/854 969/855/855 2554/844/844
f 2554/844/844 969/855/855 970/856/856 2557/845/845
f 2557/845/845 970/856/856 971/857/857 2560/848/848
f 2560/848/848 971/857/857 100/858/858 972/859/859
f 2559/846/846 2560/848/848 972/859/859 973/860/860
f 2558/847/847 2559/846/846 973/860/860 974/861/861
f 963/862/862 2558/847/847 974/861/861 99/863/863
f 964/864/864 2555/843/843 2558/847/847 963/862/862
f 965/851/851 2552/840/840 2555/843/843 964/864/864
f 2561/865/865 2562/866/866 2565/867/867 2564/868/868
f 2562/866/866 2563/869/869 2566/870/870 2565/867/867
f 2564/868/868 2565/867/867 2568/871/871 2567/872/872
f 2565/867/867 2566/870/870 2569/873/873 2568/871/871
f 98/874/874 804/875/875 2561/865/865 803/876/876
f 804/875/875 805/877/877 2562/866/866 2561/865/865
f 805/877/877 806/878/878 2563/869/869 2562/866/866
f 806/878/878 97/879/879 810/880/880 2563/869/869
f 2563/869/869 810/880/880 811/881/881 2566/870/870
f 2566/870/870 811/881/881 812/882/882 2569/873/873
f 2569/873/873 812/882/882 96/883/883 797/884/884
f 2568/871/871 2569/873/873 797/884/884 796/885/885
f 2567/872/872 2568/871/871 796/885/885 795/886/886
f 801/887/887 2567/872/872 795/886/886 95/888/888
f 802/889/889 2564/868/868 2567/872/872 801/887/887
f 803/876/876 2561/865/865 2564/868/868 802/889/889
f 2570/890/840 2571/891/841 2574/892/842 2573/893/843
f 2571/891/841 2572/894/844 2575/895/845 2574/892/842
f 2573/893/843 2574/892/842 2577/896/846 2576/897/847
f 2574/892/842 2575/895/845 2578/898/848 2577/896/846
f 87/899/849 954/900/850 2570/890/840 953/901/851
f 954/900/850 955/902/852 2571/891/841 2570/890/840
f 955/902/852 956/903/853 2572/894/844 2571/891/841
f 956/903/853 86/904/854 957/905/855 2572/894/844
f 2572/894/844 957/905/855 958/906/856 2575/895/845
f 2575/895/845 958/906/856 959/907/857 2578/898/848
f 2578/898/848 959/907/857 85/908/890 960/909/859
f 2577/896/846 2578/898/848 960/909/859 961/910/860
f 2576/897/847 2577/896/846 961/910/860 962/911/861
f 951/912/862 2576/897/847 962/911/861 84/913/863
f 952/914/864 2573/893/843 2576/897/847 951/912/862
f 953/901/851 2570/890/840 2573/893/843 952/914/864
f 2579/915/865 2580/916/866 2583/917/867 2582/918/868
f 2580/916/866 2581/919/869 2584/920/870 2583/917/867
f 2582/918/868 2583/917/867 2586/921/871 2585/922/872
f 2583/917/867 2584/920/870 2587/923/873 2586/921/871
f 83/924/891 734/925/892 2579/915/865 735/926/876
f 734/925/892 733/927/893 2580/916/866 2579/915/865
f 733/927/893 732/928/894 2581/919/869 2580/916/866
f 732/928/894 82/929/895 728/930/880 2581/919/869
f 2581/919/869 728/930/880 727/931/896 2584/920/870
f 2584/920/870 727/931/896 726/932/882 2587/923/873
f 2587/923/873 726/932/882 81/933/897 707/934/884
f 2586/921/871 2587/923/873 707/934/884 706/935/885
f 2585/922/872 2586/921/871 706/935/885 705/936/886
f 737/937/887 2585/922/872 705/936/886 80/938/898
f 736/939/899 2582/918/868 2585/922/872 737/937/887
f 735/926/876 2579/915/865 2582/918/868 736/939/899
f 2588/940/900 2589/941/901 2592/942/902 2591/943/903
f 2589/941/901 2590/944/904 2593/945/905 2592/942/902
f 2591/943/903 2592/942/902 2595/946/906 2594/947/907
f 2592/942/902 2593/945/905 2596/948/908 2595/946/906
f 72/949/909 942/950/910 2588/940/900 941/951/911
f 942/950/910 943/952/912 2589/941/901 2588/940/900
f 943/952/912 944/953/913 2590/944/904 2589/941/901
f 944/953/913 71/954/914 945/955/915 2590/944/904
f 2590/944/904 945/955/915 946/956/916 2593/945/905
f 2593/945/905 946/956/916 947/957/917 2596/948/908
f 2596/948/908 947/957/917 70/958/918 948/959/919
f 2595/946/906 2596/948/908 948/959/919 949/960/920
f 2594/947/907 2595/946/906 949/960/920 950/961/921
f 939/962/922 2594/947/907 950/961/921 69/963/923
f 940/964/924 2591/943/903 2594/947/907 939/962/922
f 941/951/911 2588/940/900 2591/943/903 940/964/924
f 2597/965/925 2598/966/926 2601/967/927 2600/968/928
f 2598/966/926 2599/969/929 2602/970/930 2601/967/927
f 2600/968/928 2601/967/927 2604/971/931 2603/972/932
f 2601/967/927 2602/970/930 2605/973/933 2604/971/931
f 52/974/934 930/975/935 2597/965/925 929/976/936
f 930/975/935 931/977/937 2598/966/926 2597/965/925
f 931/977/937 932/978/938 2599/969/929 2598/966/926
f 932/978/938 51/979/939 933/980/940 2599/969/929
f 2599/969/929 933/980/940 934/981/941 2602/970/930
f 2602/970/930 934/981/941 935/982/942 2605/973/933
f 2605/973/933 935/982/942 50/983/943 936/984/944
f 2604/971/931 2605/973/933 936/984/944 937/985/945
f 2603/972/932 2604/971/931 937/985/945 938/986/946
f 927/987/947 2603/972/932 938/986/946 49/988/948
f 928/989/949 2600/968/928 2603/972/932 927/987/947
f 929/976/936 2597/965/925 2600/968/928 928/989/949
f 2606/990/950 2607/991/951 2610/992/952 2609/993/953
f 2607/991/951 2608/994/954 2611/995/955 2610/992/952
f 2609/993/953 2610/992/952 2613/996/956 2612/997/957
f 2610/992/952 2611/995/955 2614/998/958 2613/996/956
f 32/999/959 918/1000/960 2606/990/950 917/1001/961
f 918/1000/960 919/1002/962 2607/991/951 2606/990/950
f 919/1002/962 920/1003/963 2608/994/954 2607/991/951
f 920/1003/963 31/1004/964 921/1005/965 2608/994/954
f 2608/994/954 921/1005/965 922/1006/966 2611/995/955
f 2611/995/955 922/1006/966 923/1007/967 2614/998/958
f 2614/998/958 923/1007/967 30/1008/968 924/1009/969
f 2613/996/956 2614/998/958 924/1009/969 925/1010/970
f 2612/997/957 2613/996/956 925/1010/970 926/1011/971
f 915/1012/972 2612/997/957 926/1011/971 29/1013/973
f 916/1014/974 2609/993/953 2612/997/957 915/1012/972
f 917/1001/961 2606/990/950 2609/993/953 916/1014/974
f 2615/1015/975 2616/1016/976 2619/1017/977 2618/1018/978
f 2616/1016/976 2617/1019/979 2620/1020/980 2619/1017/977
f 2618/1018/978 2619/1017/977 2622/1021/981 2621/1022/982
f 2619/1017/977 2620/1020/980 2623/1023/983 2622/1021/981
f 28/1024/984 714/1025/985 2615/1015/975 725/1026/986
f 714/1025/985 715/1027/987 2616/1016/976 2615/1015/975
f 715/1027/987 716/1028/988 2617/1019/979 2616/1016/976
f 716/1028/988 27/1029/989 711/1030/990 2617/1019/979
f 2617/1019/979 711/1030/990 712/1031/991 2620/1020/980
f 2620/1020/980 712/1031/991 713/1032/992 2623/1023/983
f 2623/1023/983 713/1032/992 26/1033/993 699/1034/994
f 2622/1021/981 2623/1023/983 699/1034/994 700/1035/995
f 2621/1022/982 2622/1021/981 700/1035/995 701/1036/996
f 723/1037/997 2621/1022/982 701/1036/996 25/1038/998
f 724/1039/999 2618/1018/978 2621/1022/982 723/1037/997
f 725/1026/986 2615/1015/975 2618/1018/978 724/1039/999
f 2624/1040/1000 2625/1041/1001 2628/1042/1002 2627/1043/1003
f 2625/1041/1001 2626/1044/1004 2629/1045/1005 2628/1042/1002
f 2627/1043/1003 2628/1042/1002 2631/1046/1006 2630/1047/1007
f 2628/1042/1002 2629/1045/1005 2632/1048/1008 2631/1046/1006
f 286/1049/1009 782/1050/1010 2624/1040/1000 339/1051/1011
f 782/1050/1010 781/1052/1012 2625/1041/1001 2624/1040/1000
f 781/1052/1012 780/1053/1013 2626/1044/1004 2625/1041/1001
f 780/1053/1013 287/1054/1014 809/1055/1015 2626/1044/1004
f 2626/1044/1004 809/1055/1015 808/1056/1016 2629/1045/1005
f 2629/1045/1005 808/1056/1016 807/1057/1017 2632/1048/1008
f 2632/1048/1008 807/1057/1017 288/1058/1018 323/1059/1019
f 2631/1046/1006 2632/1048/1008 323/1059/1019 322/1060/1020
f 2630/1047/1007 2631/1046/1006 322/1060/1020 321/1061/1021
f 341/1062/1022 2630/1047/1007 321/1061/1021 289/1063/1023
f 340/1064/1024 2627/1043/1003 2630/1047/1007 341/1062/1022
f 339/1051/1011 2624/1040/1000 2627/1043/1003 340/1064/1024
f 2633/1065/1025 2634/1066/1026 2637/1067/1027 2636/1068/1028
f 2634/1066/1026 2635/1069/1029 2638/1070/1030 2637/1067/1027
f 2636/1068/1028 2637/1067/1027 2640/1071/1031 2639/1072/1032
f 2637/1067/1027 2638/1070/1030 2641/1073/1033 2640/1071/1031
f 279/1074/1034 410/1075/1035 2633/1065/1025 393/1076/1036
f 410/1075/1035 409/1077/1037 2634/1066/1026 2633/1065/1025
f 409/1077/1037 408/1078/1038 2635/1069/1029 2634/1066/1026
f 408/1078/1038 283/1079/1039 437/1080/1040 2635/1069/1029
f 2635/1069/1029 437/1080/1040 436/1081/1041 2638/1070/1030
f 2638/1070/1030 436/1081/1041 435/1082/1042 2641/1073/1033
f 2641/1073/1033 435/1082/1042 284/1083/1043 449/1084/1044
f 2640/1071/1031 2641/1073/1033 449/1084/1044 448/1085/1045
f 2639/1072/1032 2640/1071/1031 448/1085/1045 447/1086/1046
f 395/1087/1047 2639/1072/1032 447/1086/1046 285/1088/1048
f 394/1089/1049 2636/1068/1028 2639/1072/1032 395/1087/1047
f 393/1076/1036 2633/1065/1025 2636/1068/1028 394/1089/1049
f 2642/1090/1050 2643/1091/1051 2646/1092/1052 2645/1093/1053
f 2643/1091/1051 2644/1094/1054 2647/1095/1055 2646/1092/1052
f 2645/1093/1053 2646/1092/1052 2649/1096/1056 2648/1097/1057
f 2646/1092/1052 2647/1095/1055 2650/1098/1058 2649/1096/1056
f 18/1099/1059 798/1100/1060 2642/1090/1050 818/1101/1061
f 798/1100/1060 799/1102/1062 2643/1091/1051 2642/1090/1050
f 799/1102/1062 800/1103/1063 2644/1094/1054 2643/1091/1051
f 800/1103/1063 17/1104/1064 789/1105/1065 2644/1094/1054
f 2644/1094/1054 789/1105/1065 790/1106/1066 2647/1095/1055
f 2647/1095/1055 790/1106/1066 791/1107/1067 2650/1098/1058
f 2650/1098/1058 791/1107/1067 16/1108/1068 768/1109/1069
f 2649/1096/1056 2650/1098/1058 768/1109/1069 769/1110/1070
f 2648/1097/1057 2649/1096/1056 769/1110/1070 770/1111/1071
f 816/1112/1072 2648/1097/1057 770/1111/1071 15/1113/1073
f 817/1114/1074 2645/1093/1053 2648/1097/1057 816/1112/1072
f 818/1101/1061 2642/1090/1050 2645/1093/1053 817/1114/1074
f 2652/1115/1075 2653/1116/1076 2651/1117/1077 2657/1118/1078
f 2654/1119/1079 2655/1120/1080 2651/1117/1077 2653/1116/1076
f 2656/1121/1081 2657/1118/1078 2651/1117/1077 2655/1120/1080
f 129/1122/1082 621/1123/1083 2652/1115/1075 618/1124/1084
f 621/1123/1083 622/1125/1085 2653/1116/1076 2652/1115/1075
f 618/1124/1084 2652/1115/1075 2657/1118/1078 619/1126/1086
f 8/1127/1087 596/1128/1088 2654/1119/1079 623/1129/1089
f 596/1128/1088 595/1130/1090 2655/1120/1080 2654/1119/1079
f 623/1129/1089 2654/1119/1079 2653/1116/1076 622/1125/1085
f 132/1131/1091 620/1132/1092 2656/1121/1081 594/1133/1093
f 620/1132/1092 619/1126/1086 2657/1118/1078 2656/1121/1081
f 594/1133/1093 2656/1121/1081 2655/1120/1080 595/1130/1090
f 2658/1134/1094 2659/1135/1095 2662/1136/1096 2661/1137/1097
f 2659/1135/1095 2660/1138/1098 2663/1139/1099 2662/1136/1096
f 2661/1137/1097 2662/1136/1096 2665/1140/1100 2664/1141/1101
f 2662/1136/1096 2663/1139/1099 2666/1142/1102 2665/1140/1100
f 129/1122/1082 899/1143/1103 2658/1134/1094 621/1123/1083
f 899/1143/1103 898/1144/1104 2659/1135/1095 2658/1134/1094
f 898/1144/1104 897/1145/1105 2660/1138/1098 2659/1135/1095
f 897/1145/1105 305/509/509 903/508/508 2660/1138/1098
f 2660/1138/1098 903/508/508 904/507/507 2663/1139/1099
f 2663/1139/1099 904/507/507 905/505/505 2666/1142/1102
f 2666/1142/1102 905/505/505 302/504/504 893/1146/1106
f 2665/1140/1100 2666/1142/1102 893/1146/1106 892/1147/1107
f 2664/1141/1101 2665/1140/1100 892/1147/1107 891/1148/1108
f 623/1129/1089 2664/1141/1101 891/1148/1108 8/1127/1087
f 622/1125/1085 2661/1137/1097 2664/1141/1101 623/1129/1089
f 621/1123/1083 2658/1134/1094 2661/1137/1097 622/1125/1085
f 2667/1149/1109 2668/1150/1110 2671/1151/1111 2670/1152/1112
f 2668/1150/1110 2669/1153/1113 2672/1154/1114 2671/1151/1111
f 2670/1152/1112 2671/1151/1111 2674/1155/1115 2673/1156/1116
f 2671/1151/1111 2672/1154/1114 2675/1157/1117 2674/1155/1115
f 8/1127/1087 891/1148/1108 2667/1149/1109 546/1158/1118
f 891/1148/1108 892/1147/1107 2668/1150/1110 2667/1149/1109
f 892/1147/1107 893/1146/1106 2669/1153/1113 2668/1150/1110
f 893/1146/1106 302/504/504 906/546/546 2669/1153/1113
f 2669/1153/1113 906/546/546 907/545/545 2672/1154/1114
f 2672/1154/1114 907/545/545 908/543/543 2675/1157/1117
f 2675/1157/1117 908/543/543 303/542/542 896/1159/1119
f 2674/1155/1115 2675/1157/1117 896/1159/1119 895/1160/1120
f 2673/1156/1116 2674/1155/1115 895/1160/1120 894/1161/1121
f 548/1162/1122 2673/1156/1116 894/1161/1121 7/1163/1123
f 547/1164/1124 2670/1152/1112 2673/1156/1116 548/1162/1122
f 546/1158/1118 2667/1149/1109 2670/1152/1112 547/1164/1124
f 2677/1165/1125 2678/1166/1126 2676/1167/1127 2682/1168/1128
f 2679/1169/1129 2680/1170/1130 2676/1167/1127 2678/1166/1126
f 2681/1171/1131 2682/1168/1128 2676/1167/1127 2680/1170/1130
f 7/1163/1123 629/1172/1132 2677/1165/1125 585/1173/1133
f 629/1172/1132 628/1174/1134 2678/1166/1126 2677/1165/1125
f 585/1173/1133 2677/1165/1125 2682/1168/1128 586/1175/1135
f 130/1176/1136 633/1177/1137 2679/1169/1129 627/1178/1138
f 633/1177/1137 634/1179/1139 2680/1170/1130 2679/1169/1129
f 627/1178/1138 2679/1169/1129 2678/1166/1126 628/1174/1134
f 131/1180/1140 587/1181/1141 2681/1171/1131 635/1182/1142
f 587/1181/1141 586/1175/1135 2682/1168/1128 2681/1171/1131
f 635/1182/1142 2681/1171/1131 2680/1170/1130 634/1179/1139
f 2683/1183/1143 2684/1184/1144 2687/1185/1145 2686/1186/1146
f 2684/1184/1144 2685/1187/1147 2688/1188/1148 2687/1185/1145
f 2686/1186/1146 2687/1185/1145 2690/1189/1149 2689/1190/1150
f 2687/1185/1145 2688/1188/1148 2691/1191/1151 2690/1189/1149
f 7/1163/1123 894/1161/1121 2683/1183/1143 629/1172/1132
f 894/1161/1121 895/1160/1120 2684/1184/1144 2683/1183/1143
f 895/1160/1120 896/1159/1119 2685/1187/1147 2684/1184/1144
f 896/1159/1119 303/542/542 909/566/566 2685/1187/1147
f 2685/1187/1147 909/566/566 910/565/565 2688/1188/1148
f 2688/1188/1148 910/565/565 911/563/563 2691/1191/1151
f 2691/1191/1151 911/563/563 304/562/562 902/1192/1152
f 2690/1189/1149 2691/1191/1151 902/1192/1152 901/1193/1153
f 2689/1190/1150 2690/1189/1149 901/1193/1153 900/1194/1154
f 627/1178/1138 2689/1190/1150 900/1194/1154 130/1176/1136
f 628/1174/1134 2686/1186/1146 2689/1190/1150 627/1178/1138
f 629/1172/1132 2683/1183/1143 2686/1186/1146 628/1174/1134
f 2692/1195/1155 2693/1196/1156 2696/1197/1157 2695/1198/1158
f 2693/1196/1156 2694/1199/1159 2697/1200/1160 2696/1197/1157
f 2695/1198/1158 2696/1197/1157 2699/1201/1161 2698/1202/1162
f 2696/1197/1157 2697/1200/1160 2700/1203/1163 2699/1201/1161
f 125/621/621 875/1204/1164 2692/1195/1155 549/622/622
f 875/1204/1164 874/1205/1165 2693/1196/1156 2692/1195/1155
f 874/1205/1165 873/1206/1166 2694/1199/1159 2693/1196/1156
f 873/1206/1166 301/513/513 879/587/587 2694/1199/1159
f 2694/1199/1159 879/587/587 880/586/586 2697/1200/1160
f 2697/1200/1160 880/586/586 881/585/585 2700/1203/1163
f 2700/1203/1163 881/585/585 300/571/571 869/1207/1167
f 2699/1201/1161 2700/1203/1163 869/1207/1167 868/1208/1168
f 2698/1202/1162 2699/1201/1161 868/1208/1168 867/1209/1169
f 551/625/625 2698/1202/1162 867/1209/1169 126/597/597
f 550/624/624 2695/1198/1158 2698/1202/1162 551/625/625
f 549/622/622 2692/1195/1155 2695/1198/1158 550/624/624
f 2702/1210/1170 2703/1211/1171 2701/1212/1172 2707/1213/1173
f 2704/1214/1174 2705/1215/1175 2701/1212/1172 2703/1211/1171
f 2706/1216/1176 2707/1213/1173 2701/1212/1172 2705/1215/1175
f 230/1217/1177 660/1218/1178 2702/1210/1170 654/1219/1179
f 660/1218/1178 661/1220/1180 2703/1211/1171 2702/1210/1170
f 654/1219/1179 2702/1210/1170 2707/1213/1173 655/1221/1181
f 232/1222/1182 663/1223/1183 2704/1214/1174 662/1224/1184
f 663/1223/1183 664/1225/1185 2705/1215/1175 2704/1214/1174
f 662/1224/1184 2704/1214/1174 2703/1211/1171 661/1220/1180
f 233/1226/1186 656/1227/1187 2706/1216/1176 665/1228/1188
f 656/1227/1187 655/1221/1181 2707/1213/1173 2706/1216/1176
f 665/1228/1188 2706/1216/1176 2705/1215/1175 664/1225/1185
f 2708/1229/1189 2709/1230/1190 2712/1231/1191 2711/1232/1192
f 2709/1230/1190 2710/1233/1193 2713/1234/1194 2712/1231/1191
f 2711/1232/1192 2712/1231/1191 2715/1235/1195 2714/1236/1196
f 2712/1231/1191 2713/1234/1194 2716/1237/1197 2715/1235/1195
f 126/597/597 867/1209/1169 2708/1229/1189 563/1238/1198
f 867/1209/1169 868/1208/1168 2709/1230/1190 2708/1229/1189
f 868/1208/1168 869/1207/1167 2710/1233/1193 2709/1230/1190
f 869/1207/1167 300/571/571 882/569/569 2710/1233/1193
f 2710/1233/1193 882/569/569 883/568/568 2713/1234/1194
f 2713/1234/1194 883/568/568 884/567/567 2716/1237/1197
f 2716/1237/1197 884/567/567 299/551/551 872/1239/1199
f 2715/1235/1195 2716/1237/1197 872/1239/1199 871/1240/1200
f 2714/1236/1196 2715/1235/1195 871/1240/1200 870/1241/1201
f 561/1242/1202 2714/1236/1196 870/1241/1201 6/1243/1203
f 562/1244/1204 2711/1232/1192 2714/1236/1196 561/1242/1202
f 563/1238/1198 2708/1229/1189 2711/1232/1192 562/1244/1204
f 2717/1245/1205 2718/1246/1206 2721/1247/1207 2720/1248/1208
f 2718/1246/1206 2719/1249/1209 2722/1250/1210 2721/1247/1207
f 2720/1248/1208 2721/1247/1207 2724/1251/1211 2723/1252/1212
f 2721/1247/1207 2722/1250/1210 2725/1253/1213 2724/1251/1211
f 6/1243/1203 870/1241/1201 2717/1245/1205 557/1254/1214
f 870/1241/1201 871/1240/1200 2718/1246/1206 2717/1245/1205
f 871/1240/1200 872/1239/1199 2719/1249/1209 2718/1246/1206
f 872/1239/1199 299/551/551 885/549/549 2719/1249/1209
f 2719/1249/1209 885/549/549 886/548/548 2722/1250/1210
f 2722/1250/1210 886/548/548 887/547/547 2725/1253/1213
f 2725/1253/1213 887/547/547 298/518/518 878/1255/1215
f 2724/1251/1211 2725/1253/1213 878/1255/1215 877/1256/1216
f 2723/1252/1212 2724/1251/1211 877/1256/1216 876/1257/1217
f 555/1258/1218 2723/1252/1212 876/1257/1217 5/1259/1219
f 556/1260/1220 2720/1248/1208 2723/1252/1212 555/1258/1218
f 557/1254/1214 2717/1245/1205 2720/1248/1208 556/1260/1220
f 2726/1261/1221 2727/1262/1222 2730/1263/1223 2729/1264/1224
f 2727/1262/1222 2728/1265/1225 2731/1266/1226 2730/1263/1223
f 2729/1264/1224 2730/1263/1223 2733/1267/1227 2732/1268/1228
f 2730/1263/1223 2731/1266/1226 2734/1269/1229 2733/1267/1227
f 24/408/408 851/1270/1230 2726/1261/1221 440/409/409
f 851/1270/1230 850/1271/1231 2727/1262/1222 2726/1261/1221
f 850/1271/1231 849/1272/1232 2728/1265/1225 2727/1262/1222
f 849/1272/1232 297/681/681 855/741/741 2728/1265/1225
f 2728/1265/1225 855/741/741 856/742/742 2731/1266/1226
f 2731/1266/1226 856/742/742 857/743/743 2734/1269/1229
f 2734/1269/1229 857/743/743 296/721/721 845/1273/1233
f 2733/1267/1227 2734/1269/1229 845/1273/1233 844/1274/1234
f 2732/1268/1228 2733/1267/1227 844/1274/1234 843/1275/1235
f 438/412/412 2732/1268/1228 843/1275/1235 21/365/365
f 439/411/411 2729/1264/1224 2732/1268/1228 438/412/412
f 440/409/409 2726/1261/1221 2729/1264/1224 439/411/411
f 2736/1276/1236 2737/1277/1237 2735/1278/1238 2741/1279/1239
f 2738/1280/1240 2739/1281/1241 2735/1278/1238 2737/1277/1237
f 2740/1282/1242 2741/1279/1239 2735/1278/1238 2739/1281/1241
f 271/1283/1243 762/1284/1244 2736/1276/1236 756/1285/1245
f 762/1284/1244 763/1286/1246 2737/1277/1237 2736/1276/1236
f 756/1285/1245 2736/1276/1236 2741/1279/1239 757/1287/1247
f 269/1288/1248 740/1289/1249 2738/1280/1240 764/1290/1250
f 740/1289/1249 739/1291/1251 2739/1281/1241 2738/1280/1240
f 764/1290/1250 2738/1280/1240 2737/1277/1237 763/1286/1246
f 274/1292/1252 758/1293/1253 2740/1282/1242 738/1294/1254
f 758/1293/1253 757/1287/1247 2741/1279/1239 2740/1282/1242
f 738/1294/1254 2740/1282/1242 2739/1281/1241 739/1291/1251
f 2742/1295/1255 2743/1296/1256 2746/1297/1257 2745/1298/1258
f 2743/1296/1256 2744/1299/1259 2747/1300/1260 2746/1297/1257
f 2745/1298/1258 2746/1297/1257 2749/1301/1261 2748/1302/1262
f 2746/1297/1257 2747/1300/1260 2750/1303/1263 2749/1301/1261
f 88/1304/1264 315/1305/1265 2742/1295/1255 309/1306/1266
f 315/1305/1265 316/1307/1267 2743/1296/1256 2742/1295/1255
f 316/1307/1267 317/1308/1268 2744/1299/1259 2743/1296/1256
f 317/1308/1268 74/1309/1269 318/1310/1270 2744/1299/1259
f 2744/1299/1259 318/1310/1270 319/1311/1271 2747/1300/1260
f 2747/1300/1260 319/1311/1271 320/1312/1272 2750/1303/1263
f 2750/1303/1263 320/1312/1272 103/764/764 324/839/839
f 2749/1301/1261 2750/1303/1263 324/839/839 325/838/838
f 2748/1302/1262 2749/1301/1261 325/838/838 326/837/837
f 311/1313/1273 2748/1302/1262 326/837/837 104/823/823
f 310/1314/1274 2745/1298/1258 2748/1302/1262 311/1313/1273
f 309/1306/1266 2742/1295/1255 2745/1298/1258 310/1314/1274
f 2751/1315/1275 2752/1316/1276 2755/1317/1277 2754/1318/1278
f 2752/1316/1276 2753/1319/1279 2756/1320/1280 2755/1317/1277
f 2754/1318/1278 2755/1317/1277 2758/1321/1281 2757/1322/1282
f 2755/1317/1277 2756/1320/1280 2759/1323/1283 2758/1321/1281
f 21/365/365 843/1275/1235 2751/1315/1275 384/1324/1284
f 843/1275/1235 844/1274/1234 2752/1316/1276 2751/1315/1275
f 844/1274/1234 845/1273/1233 2753/1319/1279 2752/1316/1276
f 845/1273/1233 296/721/721 858/722/722 2753/1319/1279
f 2753/1319/1279 858/722/722 859/724/724 2756/1320/1280
f 2756/1320/1280 859/724/724 860/725/725 2759/1323/1283
f 2759/1323/1283 860/725/725 295/701/701 848/1325/1285
f 2758/1321/1281 2759/1323/1283 848/1325/1285 847/1326/1286
f 2757/1322/1282 2758/1321/1281 847/1326/1286 846/1327/1287
f 386/1328/1288 2757/1322/1282 846/1327/1287 113/1329/1289
f 385/1330/1290 2754/1318/1278 2757/1322/1282 386/1328/1288
f 384/1324/1284 2751/1315/1275 2754/1318/1278 385/1330/1290
f 2761/1331/1291 2762/1332/1292 2760/1333/1293 2766/1334/1294
f 2763/1335/1295 2764/1336/1241 2760/1333/1293 2762/1332/1292
f 2765/1337/1296 2766/1334/1294 2760/1333/1293 2764/1336/1241
f 231/1338/1297 681/1339/1298 2761/1331/1291 669/1340/1299
f 681/1339/1298 682/1341/1300 2762/1332/1292 2761/1331/1291
f 669/1340/1299 2761/1331/1291 2766/1334/1294 670/1342/1301
f 227/1343/1302 680/1344/1303 2763/1335/1295 683/1345/1304
f 680/1344/1303 679/1346/1251 2764/1336/1241 2763/1335/1295
f 683/1345/1304 2763/1335/1295 2762/1332/1292 682/1341/1300
f 234/1347/1252 671/1348/1305 2765/1337/1296 678/1349/1306
f 671/1348/1305 670/1342/1301 2766/1334/1294 2765/1337/1296
f 678/1349/1306 2765/1337/1296 2764/1336/1241 679/1346/1251
f 2767/1350/1307 2768/1351/1308 2771/1352/1309 2770/1353/1310
f 2768/1351/1308 2769/1354/1311 2772/1355/1312 2771/1352/1309
f 2770/1353/1310 2771/1352/1309 2774/1356/1313 2773/1357/1314
f 2771/1352/1309 2772/1355/1312 2775/1358/1315 2774/1356/1313
f 106/769/769 369/1359/1316 2767/1350/1307 330/799/799
f 369/1359/1316 370/1360/1317 2768/1351/1308 2767/1350/1307
f 370/1360/1317 371/1361/1318 2769/1354/1311 2768/1351/1308
f 371/1361/1318 73/1362/1319 353/1363/1320 2769/1354/1311
f 2769/1354/1311 353/1363/1320 352/1364/1321 2772/1355/1312
f 2772/1355/1312 352/1364/1321 351/1365/1322 2775/1358/1315
f 2775/1358/1315 351/1365/1322 89/1366/1323 344/1367/1324
f 2774/1356/1313 2775/1358/1315 344/1367/1324 343/1368/1325
f 2773/1357/1314 2774/1356/1313 343/1368/1325 342/1369/1326
f 332/801/801 2773/1357/1314 342/1369/1326 105/803/803
f 331/800/800 2770/1353/1310 2773/1357/1314 332/801/801
f 330/799/799 2767/1350/1307 2770/1353/1310 331/800/800
f 2777/1370/1327 2778/1371/1328 2776/1372/1329 2782/1373/1173
f 2779/1374/1330 2780/1375/1331 2776/1372/1329 2778/1371/1328
f 2781/1376/1332 2782/1373/1173 2776/1372/1329 2780/1375/1331
f 268/1377/1333 747/1378/1334 2777/1370/1327 744/1379/1335
f 747/1378/1334 748/1380/1336 2778/1371/1328 2777/1370/1327
f 744/1379/1335 2777/1370/1327 2782/1373/1173 745/1381/1181
f 272/1382/1337 750/1383/1338 2779/1374/1330 749/1384/1339
f 750/1383/1338 751/1385/1340 2780/1375/1331 2779/1374/1330
f 749/1384/1339 2779/1374/1330 2778/1371/1328 748/1380/1336
f 273/1386/1186 746/1387/1341 2781/1376/1332 752/1388/1342
f 746/1387/1341 745/1381/1181 2782/1373/1173 2781/1376/1332
f 752/1388/1342 2781/1376/1332 2780/1375/1331 751/1385/1340
f 2783/1389/1343 2784/1390/1344 2787/1391/1345 2786/1392/1346
f 2784/1390/1344 2785/1393/1347 2788/1394/1348 2787/1391/1345
f 2786/1392/1346 2787/1391/1345 2790/1395/1349 2789/1396/1350
f 2787/1391/1345 2788/1394/1348 2791/1397/1351 2790/1395/1349
f 113/1329/1289 846/1327/1287 2783/1389/1343 434/1398/1352
f 846/1327/1287 847/1326/1286 2784/1390/1344 2783/1389/1343
f 847/1326/1286 848/1325/1285 2785/1393/1347 2784/1390/1344
f 848/1325/1285 295/701/701 861/702/702 2785/1393/1347
f 2785/1393/1347 861/702/702 862/704/704 2788/1394/1348
f 2788/1394/1348 862/704/704 863/705/705 2791/1397/1351
f 2791/1397/1351 863/705/705 294/676/676 854/1399/1353
f 2790/1395/1349 2791/1397/1351 854/1399/1353 853/1400/1354
f 2789/1396/1350 2790/1395/1349 853/1400/1354 852/1401/1355
f 432/1402/1356 2789/1396/1350 852/1401/1355 114/1403/1357
f 433/1404/1358 2786/1392/1346 2789/1396/1350 432/1402/1356
f 434/1398/1352 2783/1389/1343 2786/1392/1346 433/1404/1358
f 2792/1405/1359 2793/1406/1360 2796/1407/1361 2795/1408/1362
f 2793/1406/1360 2794/1409/1363 2797/1410/1364 2796/1407/1361
f 2795/1408/1362 2796/1407/1361 2799/1411/1365 2798/1412/1366
f 2796/1407/1361 2797/1410/1364 2800/1413/1367 2799/1411/1365
f 115/1414/1368 827/1415/1369 2792/1405/1359 513/1416/1370
f 827/1415/1369 826/1417/1371 2793/1406/1360 2792/1405/1359
f 826/1417/1371 825/1418/1372 2794/1409/1363 2793/1406/1360
f 825/1418/1372 293/685/685 831/686/686 2794/1409/1363
f 2794/1409/1363 831/686/686 832/687/687 2797/1410/1364
f 2797/1410/1364 832/687/687 833/688/688 2800/1413/1367
f 2800/1413/1367 833/688/688 290/690/690 761/1419/1373
f 2799/1411/1365 2800/1413/1367 761/1419/1373 760/1420/1374
f 2798/1412/1366 2799/1411/1365 760/1420/1374 759/1421/1375
f 515/1422/1376 2798/1412/1366 759/1421/1375 154/330/330
f 514/1423/1377 2795/1408/1362 2798/1412/1366 515/1422/1376
f 513/1416/1370 2792/1405/1359 2795/1408/1362 514/1423/1377
f 2801/1424/1378 2802/1425/1379 2805/1426/1380 2804/1427/1381
f 2802/1425/1379 2803/1428/1382 2806/1429/1383 2805/1426/1380
f 2804/1427/1381 2805/1426/1380 2808/1430/1384 2807/1431/1385
f 2805/1426/1380 2806/1429/1383 2809/1432/1386 2808/1430/1384
f 154/330/330 759/1421/1375 2801/1424/1378 483/1433/1387
f 759/1421/1375 760/1420/1374 2802/1425/1379 2801/1424/1378
f 760/1420/1374 761/1419/1373 2803/1428/1382 2802/1425/1379
f 761/1419/1373 290/690/690 834/706/706 2803/1428/1382
f 2803/1428/1382 834/706/706 835/707/707 2806/1429/1383
f 2806/1429/1383 835/707/707 836/708/708 2809/1432/1386
f 2809/1432/1386 836/708/708 291/710/710 824/1434/1388
f 2808/1430/1384 2809/1432/1386 824/1434/1388 823/1435/1389
f 2807/1431/1385 2808/1430/1384 823/1435/1389 822/1436/1390
f 485/1437/1391 2807/1431/1385 822/1436/1390 153/778/778
f 484/1438/1392 2804/1427/1381 2807/1431/1385 485/1437/1391
f 483/1433/1387 2801/1424/1378 2804/1427/1381 484/1438/1392
f 2810/1439/1393 2811/1440/1394 2814/1441/1395 2813/1442/1396
f 2811/1440/1394 2812/1443/1397 2815/1444/1398 2814/1441/1395
f 2813/1442/1396 2814/1441/1395 2817/1445/1399 2816/1446/1400
f 2814/1441/1395 2815/1444/1398 2818/1447/1401 2817/1445/1399
f 153/778/778 822/1436/1390 2810/1439/1393 530/1448/1402
f 822/1436/1390 823/1435/1389 2811/1440/1394 2810/1439/1393
f 823/1435/1389 824/1434/1388 2812/1443/1397 2811/1440/1394
f 824/1434/1388 291/710/710 837/726/726 2812/1443/1397
f 2812/1443/1397 837/726/726 838/727/727 2815/1444/1398
f 2815/1444/1398 838/727/727 839/728/728 2818/1447/1401
f 2818/1447/1401 839/728/728 292/730/730 830/1449/1403
f 2817/1445/1399 2818/1447/1401 830/1449/1403 829/1450/1404
f 2816/1446/1400 2817/1445/1399 829/1450/1404 828/1451/1405
f 528/1452/1406 2816/1446/1400 828/1451/1405 116/1453/1407
f 529/1454/1408 2813/1442/1396 2816/1446/1400 528/1452/1406
f 530/1448/1402 2810/1439/1393 2813/1442/1396 529/1454/1408
f 2819/1455/1409 2820/1456/1410 2823/1457/1411 2822/1458/1412
f 2820/1456/1410 2821/1459/1413 2824/1460/1414 2823/1457/1411
f 2822/1458/1412 2823/1457/1411 2826/1461/1415 2825/1462/1416
f 2823/1457/1411 2824/1460/1414 2827/1463/1417 2826/1461/1415
f 111/489/489 362/1464/1418 2819/1455/1409 455/490/490
f 362/1464/1418 361/1465/1419 2820/1456/1410 2819/1455/1409
f 361/1465/1419 360/1466/1420 2821/1459/1413 2820/1456/1410
f 360/1466/1420 286/1049/1009 339/1051/1011 2821/1459/1413
f 2821/1459/1413 339/1051/1011 340/1064/1024 2824/1460/1414
f 2824/1460/1414 340/1064/1024 341/1062/1022 2827/1463/1417
f 2827/1463/1417 341/1062/1022 289/1063/1023 383/1467/1421
f 2826/1461/1415 2827/1463/1417 383/1467/1421 382/1468/1422
f 2825/1462/1416 2826/1461/1415 382/1468/1422 381/1469/1423
f 453/494/494 2825/1462/1416 381/1469/1423 109/8/8
f 454/492/492 2822/1458/1412 2825/1462/1416 453/494/494
f 455/490/490 2819/1455/1409 2822/1458/1412 454/492/492
f 2828/1470/1424 2829/1471/1425 2832/1472/1426 2831/1473/1427
f 2829/1471/1425 2830/1474/1428 2833/1475/1429 2832/1472/1426
f 2831/1473/1427 2832/1472/1426 2835/1476/1430 2834/1477/1431
f 2832/1472/1426 2833/1475/1429 2836/1478/1432 2835/1476/1430
f 109/8/8 381/1469/1423 2828/1470/1424 399/9/9
f 381/1469/1423 382/1468/1422 2829/1471/1425 2828/1470/1424
f 382/1468/1422 383/1467/1421 2830/1474/1428 2829/1471/1425
f 383/1467/1421 289/1063/1023 321/1061/1021 2830/1474/1428
f 2830/1474/1428 321/1061/1021 322/1060/1020 2833/1475/1429
f 2833/1475/1429 322/1060/1020 323/1059/1019 2836/1478/1432
f 2836/1478/1432 323/1059/1019 288/1058/1018 374/1479/1433
f 2835/1476/1430 2836/1478/1432 374/1479/1433 373/1480/1434
f 2834/1477/1431 2835/1476/1430 373/1480/1434 372/1481/1435
f 401/15/15 2834/1477/1431 372/1481/1435 19/13/13
f 400/11/11 2831/1473/1427 2834/1477/1431 401/15/15
f 399/9/9 2828/1470/1424 2831/1473/1427 400/11/11
f 2837/1482/1436 2838/1483/1437 2841/1484/1438 2840/1485/1439
f 2838/1483/1437 2839/1486/1440 2842/1487/1441 2841/1484/1438
f 2840/1485/1439 2841/1484/1438 2844/1488/1442 2843/1489/1443
f 2841/1484/1438 2842/1487/1441 2845/1490/1444 2844/1488/1442
f 19/13/13 372/1481/1435 2837/1482/1436 420/1491/1445
f 372/1481/1435 373/1480/1434 2838/1483/1437 2837/1482/1436
f 373/1480/1434 374/1479/1433 2839/1486/1440 2838/1483/1437
f 374/1479/1433 288/1058/1018 807/1057/1017 2839/1486/1440
f 2839/1486/1440 807/1057/1017 808/1056/1016 2842/1487/1441
f 2842/1487/1441 808/1056/1016 809/1055/1015 2845/1490/1444
f 2845/1490/1444 809/1055/1015 287/1054/1014 359/1492/1446
f 2844/1488/1442 2845/1490/1444 359/1492/1446 358/1493/1447
f 2843/1489/1443 2844/1488/1442 358/1493/1447 357/1494/1448
f 422/1495/1449 2843/1489/1443 357/1494/1448 22/360/360
f 421/1496/1450 2840/1485/1439 2843/1489/1443 422/1495/1449
f 420/1491/1445 2837/1482/1436 2840/1485/1439 421/1496/1450
f 2847/1497/1451 2848/1498/1452 2846/1499/1453 2852/1500/1454
f 2849/1501/1455 2850/1502/1456 2846/1499/1453 2848/1498/1452
f 2851/1503/1457 2852/1500/1454 2846/1499/1453 2850/1502/1456
f 81/933/897 726/932/882 2847/1497/1451 717/1504/1458
f 726/932/882 727/931/896 2848/1498/1452 2847/1497/1451
f 717/1504/1458 2847/1497/1451 2852/1500/1454 718/1505/1459
f 82/929/895 729/1506/1460 2849/1501/1455 728/930/880
f 729/1506/1460 730/1507/1461 2850/1502/1456 2849/1501/1455
f 728/930/880 2849/1501/1455 2848/1498/1452 727/931/896
f 228/1508/1462 719/1509/1463 2851/1503/1457 731/1510/1464
f 719/1509/1463 718/1505/1459 2852/1500/1454 2851/1503/1457
f 731/1510/1464 2851/1503/1457 2850/1502/1456 730/1507/1461
f 2853/1511/1465 2854/1512/1466 2857/1513/1467 2856/1514/1468
f 2854/1512/1466 2855/1515/1469 2858/1516/1470 2857/1513/1467
f 2856/1514/1468 2857/1513/1467 2860/1517/1471 2859/1518/1472
f 2857/1513/1467 2858/1516/1470 2861/1519/1473 2860/1517/1471
f 19/13/13 458/1520/1474 2853/1511/1465 402/14/14
f 458/1520/1474 457/1521/1475 2854/1512/1466 2853/1511/1465
f 457/1521/1475 456/1522/1476 2855/1515/1469 2854/1512/1466
f 456/1522/1476 285/1088/1048 447/1086/1046 2855/1515/1469
f 2855/1515/1469 447/1086/1046 448/1085/1045 2858/1516/1470
f 2858/1516/1470 448/1085/1045 449/1084/1044 2861/1519/1473
f 2861/1519/1473 449/1084/1044 284/1083/1043 491/1523/1477
f 2860/1517/1471 2861/1519/1473 491/1523/1477 490/1524/1478
f 2859/1518/1472 2860/1517/1471 490/1524/1478 489/1525/1479
f 404/19/19 2859/1518/1472 489/1525/1479 110/17/17
f 403/16/16 2856/1514/1468 2859/1518/1472 404/19/19
f 402/14/14 2853/1511/1465 2856/1514/1468 403/16/16
f 2863/1526/1480 2864/1527/1481 2862/1528/1482 2868/1529/1483
f 2865/1530/1484 2866/1531/1485 2862/1528/1482 2864/1527/1481
f 2867/1532/1486 2868/1529/1483 2862/1528/1482 2866/1531/1485
f 83/924/891 735/926/876 2863/1526/1480 720/1533/1487
f 735/926/876 736/939/899 2864/1527/1481 2863/1526/1480
f 720/1533/1487 2863/1526/1480 2868/1529/1483 721/1534/1488
f 80/938/898 698/1535/1489 2865/1530/1484 737/937/887
f 698/1535/1489 697/1536/1490 2866/1531/1485 2865/1530/1484
f 737/937/887 2865/1530/1484 2864/1527/1481 736/939/899
f 229/1537/1491 722/1538/1492 2867/1532/1486 696/1539/1493
f 722/1538/1492 721/1534/1488 2868/1529/1483 2867/1532/1486
f 696/1539/1493 2867/1532/1486 2866/1531/1485 697/1536/1490
f 2869/1540/1494 2870/1541/1495 2873/1542/1496 2872/1543/1497
f 2870/1541/1495 2871/1544/1498 2874/1545/1499 2873/1542/1496
f 2872/1543/1497 2873/1542/1496 2876/1546/1500 2875/1547/1501
f 2873/1542/1496 2874/1545/1499 2877/1548/1502 2876/1546/1500
f 110/17/17 489/1525/1479 2869/1540/1494 366/259/259
f 489/1525/1479 490/1524/1478 2870/1541/1495 2869/1540/1494
f 490/1524/1478 491/1523/1477 2871/1544/1498 2870/1541/1495
f 491/1523/1477 284/1083/1043 435/1082/1042 2871/1544/1498
f 2871/1544/1498 435/1082/1042 436/1081/1041 2874/1545/1499
f 2874/1545/1499 436/1081/1041 437/1080/1040 2877/1548/1502
f 2877/1548/1502 437/1080/1040 283/1079/1039 473/1549/1503
f 2876/1546/1500 2877/1548/1502 473/1549/1503 472/1550/1504
f 2875/1547/1501 2876/1546/1500 472/1550/1504 471/1551/1505
f 368/265/265 2875/1547/1501 471/1551/1505 112/263/263
f 367/261/261 2872/1543/1497 2875/1547/1501 368/265/265
f 366/259/259 2869/1540/1494 2872/1543/1497 367/261/261
f 2878/1552/1506 2879/1553/1507 2882/1554/1508 2881/1555/1509
f 2879/1553/1507 2880/1556/1510 2883/1557/1511 2882/1554/1508
f 2881/1555/1509 2882/1554/1508 2885/1558/1512 2884/1559/1513
f 2882/1554/1508 2883/1557/1511 2886/1560/1514 2885/1558/1512
f 112/263/263 471/1551/1505 2878/1552/1506 425/369/369
f 471/1551/1505 472/1550/1504 2879/1553/1507 2878/1552/1506
f 472/1550/1504 473/1549/1503 2880/1556/1510 2879/1553/1507
f 473/1549/1503 283/1079/1039 408/1078/1038 2880/1556/1510
f 2880/1556/1510 408/1078/1038 409/1077/1037 2883/1557/1511
f 2883/1557/1511 409/1077/1037 410/1075/1035 2886/1560/1514
f 2886/1560/1514 410/1075/1035 279/1074/1034 452/1561/1515
f 2885/1558/1512 2886/1560/1514 452/1561/1515 451/1562/1516
f 2884/1559/1513 2885/1558/1512 451/1562/1516 450/1563/1517
f 423/362/362 2884/1559/1513 450/1563/1517 22/360/360
f 424/364/364 2881/1555/1509 2884/1559/1513 423/362/362
f 425/369/369 2878/1552/1506 2881/1555/1509 424/364/364
f 2887/1564/1518 2888/1565/1519 2891/1566/1520 2890/1567/1521
f 2888/1565/1519 2889/1568/1522 2892/1569/1523 2891/1566/1520
f 2890/1567/1521 2891/1566/1520 2894/1570/1524 2893/1571/1525
f 2891/1566/1520 2892/1569/1523 2895/1572/1526 2894/1570/1524
f 131/1180/1140 572/1573/1527 2887/1564/1518 591/1574/1528
f 572/1573/1527 571/1575/1529 2888/1565/1519 2887/1564/1518
f 571/1575/1529 570/1576/1530 2889/1568/1522 2888/1565/1519
f 570/1576/1530 282/426/426 540/476/476 2889/1568/1522
f 2889/1568/1522 540/476/476 541/475/475 2892/1569/1523
f 2892/1569/1523 541/475/475 542/474/474 2895/1572/1526
f 2895/1572/1526 542/474/474 281/463/463 584/1577/1531
f 2894/1570/1524 2895/1572/1526 584/1577/1531 583/1578/1532
f 2893/1571/1525 2894/1570/1524 583/1578/1532 582/1579/1533
f 593/1580/1534 2893/1571/1525 582/1579/1533 132/1131/1091
f 592/1581/1535 2890/1567/1521 2893/1571/1525 593/1580/1534
f 591/1574/1528 2887/1564/1518 2890/1567/1521 592/1581/1535
f 2896/1582/1536 2897/1583/1537 2900/1584/1538 2899/1585/1539
f 2897/1583/1537 2898/1586/1540 2901/1587/1541 2900/1584/1538
f 2899/1585/1539 2900/1584/1538 2903/1588/1542 2902/1589/1543
f 2900/1584/1538 2901/1587/1541 2904/1590/1544 2903/1588/1542
f 132/1131/1091 582/1579/1533 2896/1582/1536 608/1591/1545
f 582/1579/1533 583/1578/1532 2897/1583/1537 2896/1582/1536
f 583/1578/1532 584/1577/1531 2898/1586/1540 2897/1583/1537
f 584/1577/1531 281/463/463 531/461/461 2898/1586/1540
f 2898/1586/1540 531/461/461 532/460/460 2901/1587/1541
f 2901/1587/1541 532/460/460 533/459/459 2904/1590/1544
f 2904/1590/1544 533/459/459 9/447/447 581/1592/1546
f 2903/1588/1542 2904/1590/1544 581/1592/1546 580/1593/1547
f 2902/1589/1543 2903/1588/1542 580/1593/1547 579/1594/1548
f 606/1595/1549 2902/1589/1543 579/1594/1548 4/1596/1550
f 607/1597/1551 2899/1585/1539 2902/1589/1543 606/1595/1549
f 608/1591/1545 2896/1582/1536 2899/1585/1539 607/1597/1551
f 2905/1598/1552 2906/1599/1553 2909/1600/1554 2908/1601/1555
f 2906/1599/1553 2907/1602/1556 2910/1603/1557 2909/1600/1554
f 2908/1601/1555 2909/1600/1554 2912/1604/1558 2911/1605/1559
f 2909/1600/1554 2910/1603/1557 2913/1606/1560 2912/1604/1558
f 130/1176/1136 900/1194/1154 2905/1598/1552 626/1607/1561
f 900/1194/1154 901/1193/1153 2906/1599/1553 2905/1598/1552
f 901/1193/1153 902/1192/1152 2907/1602/1556 2906/1599/1553
f 902/1192/1152 304/562/562 912/584/584 2907/1602/1556
f 2907/1602/1556 912/584/584 913/583/583 2910/1603/1557
f 2910/1603/1557 913/583/583 914/582/582 2913/1606/1560
f 2913/1606/1560 914/582/582 305/509/509 897/1145/1105
f 2912/1604/1558 2913/1606/1560 897/1145/1105 898/1144/1104
f 2911/1605/1559 2912/1604/1558 898/1144/1104 899/1143/1103
f 624/1608/1562 2911/1605/1559 899/1143/1103 129/1122/1082
f 625/1609/1563 2908/1601/1555 2911/1605/1559 624/1608/1562
f 626/1607/1561 2905/1598/1552 2908/1601/1555 625/1609/1563
f 2914/1610/1564 2915/1611/1565 2918/1612/1566 2917/1613/1567
f 2915/1611/1565 2916/1614/1568 2919/1615/1569 2918/1612/1566
f 2917/1613/1567 2918/1612/1566 2921/1616/1570 2920/1617/1571
f 2918/1612/1566 2919/1615/1569 2922/1618/1572 2921/1616/1570
f 278/1619/1573 632/1620/1574 2914/1610/1564 612/1621/1575
f 632/1620/1574 631/1622/1576 2915/1611/1565 2914/1610/1564
f 631/1622/1576 630/1623/1577 2916/1614/1568 2915/1611/1565
f 630/1623/1577 277/1624/1578 590/1625/1579 2916/1614/1568
f 2916/1614/1568 590/1625/1579 589/1626/1580 2919/1615/1569
f 2919/1615/1569 589/1626/1580 588/1627/1581 2922/1618/1572
f 2922/1618/1572 588/1627/1581 276/1628/1582 605/1629/1583
f 2921/1616/1570 2922/1618/1572 605/1629/1583 604/1630/1584
f 2920/1617/1571 2921/1616/1570 604/1630/1584 603/1631/1585
f 614/1632/1586 2920/1617/1571 603/1631/1585 275/1633/1587
f 613/1634/1588 2917/1613/1567 2920/1617/1571 614/1632/1586
f 612/1621/1575 2914/1610/1564 2917/1613/1567 613/1634/1588
f 2923/1635/1589 2924/1636/1590 2927/1637/1591 2926/1638/1592
f 2924/1636/1590 2925/1639/1593 2928/1640/1594 2927/1637/1591
f 2926/1638/1592 2927/1637/1591 2930/1641/1595 2929/1642/1596
f 2927/1637/1591 2928/1640/1594 2931/1643/1597 2930/1641/1595
f 4/1596/1550 579/1594/1548 2923/1635/1589 602/1644/1598
f 579/1594/1548 580/1593/1547 2924/1636/1590 2923/1635/1589
f 580/1593/1547 581/1592/1546 2925/1639/1593 2924/1636/1590
f 581/1592/1546 9/447/447 516/445/445 2925/1639/1593
f 2925/1639/1593 516/445/445 517/444/444 2928/1640/1594
f 2928/1640/1594 517/444/444 518/443/443 2931/1643/1597
f 2931/1643/1597 518/443/443 280/431/431 560/1645/1599
f 2930/1641/1595 2931/1643/1597 560/1645/1599 559/1646/1600
f 2929/1642/1596 2930/1641/1595 559/1646/1600 558/1647/1601
f 600/1648/1602 2929/1642/1596 558/1647/1601 3/1649/1603
f 601/1650/1604 2926/1638/1592 2929/1642/1596 600/1648/1602
f 602/1644/1598 2923/1635/1589 2926/1638/1592 601/1650/1604
f 2932/1651/1605 2933/1652/1606 2936/1653/1607 2935/1654/1608
f 2933/1652/1606 2934/1655/1609 2937/1656/1610 2936/1653/1607
f 2935/1654/1608 2936/1653/1607 2939/1657/1611 2938/1658/1612
f 2936/1653/1607 2937/1656/1610 2940/1659/1613 2939/1657/1611
f 128/1660/1614 650/1661/1615 2932/1651/1605 573/1662/1616
f 650/1661/1615 649/1663/1617 2933/1652/1606 2932/1651/1605
f 649/1663/1617 648/1664/1618 2934/1655/1609 2933/1652/1606
f 648/1664/1618 277/1624/1578 630/1623/1577 2934/1655/1609
f 2934/1655/1609 630/1623/1577 631/1622/1576 2937/1656/1610
f 2937/1656/1610 631/1622/1576 632/1620/1574 2940/1659/1613
f 2940/1659/1613 632/1620/1574 278/1619/1573 689/1665/1619
f 2939/1657/1611 2940/1659/1613 689/1665/1619 688/1666/1620
f 2938/1658/1612 2939/1657/1611 688/1666/1620 687/1667/1621
f 575/1668/1622 2938/1658/1612 687/1667/1621 127/1669/1623
f 574/1670/1624 2935/1654/1608 2938/1658/1612 575/1668/1622
f 573/1662/1616 2932/1651/1605 2935/1654/1608 574/1670/1624
f 2941/1671/1625 2942/1672/1626 2945/1673/1627 2944/1674/1628
f 2942/1672/1626 2943/1675/1629 2946/1676/1630 2945/1673/1627
f 2944/1674/1628 2945/1673/1627 2948/1677/1631 2947/1678/1632
f 2945/1673/1627 2946/1676/1630 2949/1679/1633 2948/1677/1631
f 127/1669/1623 687/1667/1621 2941/1671/1625 543/1680/1634
f 687/1667/1621 688/1666/1620 2942/1672/1626 2941/1671/1625
f 688/1666/1620 689/1665/1619 2943/1675/1629 2942/1672/1626
f 689/1665/1619 278/1619/1573 612/1621/1575 2943/1675/1629
f 2943/1675/1629 612/1621/1575 613/1634/1588 2946/1676/1630
f 2946/1676/1630 613/1634/1588 614/1632/1586 2949/1679/1633
f 2949/1679/1633 614/1632/1586 275/1633/1587 653/1681/1635
f 2948/1677/1631 2949/1679/1633 653/1681/1635 652/1682/1636
f 2947/1678/1632 2948/1677/1631 652/1682/1636 651/1683/1637
f 545/1684/1638 2947/1678/1632 651/1683/1637 123/602/602
f 544/1685/1639 2944/1674/1628 2947/1678/1632 545/1684/1638
f 543/1680/1634 2941/1671/1625 2944/1674/1628 544/1685/1639
f 2950/1686/1640 2951/1687/1641 2954/1688/1642 2953/1689/1643
f 2951/1687/1641 2952/1690/1644 2955/1691/1645 2954/1688/1642
f 2953/1689/1643 2954/1688/1642 2957/1692/1646 2956/1693/1647
f 2954/1688/1642 2955/1691/1645 2958/1694/1648 2957/1692/1646
f 123/602/602 651/1683/1637 2950/1686/1640 510/661/661
f 651/1683/1637 652/1682/1636 2951/1687/1641 2950/1686/1640
f 652/1682/1636 653/1681/1635 2952/1690/1644 2951/1687/1641
f 653/1681/1635 275/1633/1587 603/1631/1585 2952/1690/1644
f 2952/1690/1644 603/1631/1585 604/1630/1584 2955/1691/1645
f 2955/1691/1645 604/1630/1584 605/1629/1583 2958/1694/1648
f 2958/1694/1648 605/1629/1583 276/1628/1582 641/1695/1649
f 2957/1692/1646 2958/1694/1648 641/1695/1649 640/1696/1650
f 2956/1693/1647 2957/1692/1646 640/1696/1650 639/1697/1651
f 512/663/663 2956/1693/1647 639/1697/1651 124/641/641
f 511/662/662 2953/1689/1643 2956/1693/1647 512/663/663
f 510/661/661 2950/1686/1640 2953/1689/1643 511/662/662
f 2959/1698/1652 2960/1699/1653 2963/1700/1654 2962/1701/1655
f 2960/1699/1653 2961/1702/1656 2964/1703/1657 2963/1700/1654
f 2962/1701/1655 2963/1700/1654 2966/1704/1658 2965/1705/1659
f 2963/1700/1654 2964/1703/1657 2967/1706/1660 2966/1704/1658
f 5/1259/1219 876/1257/1217 2959/1698/1652 554/1707/1661
f 876/1257/1217 877/1256/1216 2960/1699/1653 2959/1698/1652
f 877/1256/1216 878/1255/1215 2961/1702/1656 2960/1699/1653
f 878/1255/1215 298/518/518 888/516/516 2961/1702/1656
f 2961/1702/1656 888/516/516 889/515/515 2964/1703/1657
f 2964/1703/1657 889/515/515 890/514/514 2967/1706/1660
f 2967/1706/1660 890/514/514 301/513/513 873/1206/1166
f 2966/1704/1658 2967/1706/1660 873/1206/1166 874/1205/1165
f 2965/1705/1659 2966/1704/1658 874/1205/1165 875/1204/1164
f 552/1708/1662 2965/1705/1659 875/1204/1164 125/621/621
f 553/1709/1663 2962/1701/1655 2965/1705/1659 552/1708/1662
f 554/1707/1661 2959/1698/1652 2962/1701/1655 553/1709/1663
f 2968/1710/1664 2969/1711/1665 2972/1712/1666 2971/1713/1667
f 2969/1711/1665 2970/1714/1668 2973/1715/1669 2972/1712/1666
f 2971/1713/1667 2972/1712/1666 2975/1716/1670 2974/1717/1671
f 2972/1712/1666 2973/1715/1669 2976/1718/1672 2975/1716/1670
f 114/1403/1357 444/1719/1673 2968/1710/1664 432/1402/1356
f 444/1719/1673 445/1720/1674 2969/1711/1665 2968/1710/1664
f 445/1720/1674 446/1721/1675 2970/1714/1668 2969/1711/1665
f 446/1721/1675 108/814/814 413/836/836 2970/1714/1668
f 2970/1714/1668 413/836/836 412/835/835 2973/1715/1669
f 2973/1715/1669 412/835/835 411/834/834 2976/1718/1672
f 2976/1718/1672 411/834/834 107/760/760 392/1722/1676
f 2975/1716/1670 2976/1718/1672 392/1722/1676 391/1723/1677
f 2974/1717/1671 2975/1716/1670 391/1723/1677 390/1724/1678
f 434/1398/1352 2974/1717/1671 390/1724/1678 113/1329/1289
f 433/1404/1358 2971/1713/1667 2974/1717/1671 434/1398/1352
f 432/1402/1356 2968/1710/1664 2971/1713/1667 433/1404/1358
f 2978/1725/1679 2979/1726/1680 2977/1727/1681 2983/1728/1452
f 2980/1729/1682 2981/1730/1683 2977/1727/1681 2979/1726/1680
f 2982/1731/1684 2983/1728/1452 2977/1727/1681 2981/1730/1683
f 97/879/879 813/1732/1685 2978/1725/1679 810/880/880
f 813/1732/1685 814/1733/1686 2979/1726/1680 2978/1725/1679
f 810/880/880 2978/1725/1679 2983/1728/1452 811/881/881
f 270/1734/1687 773/1735/1688 2980/1729/1682 815/1736/1689
f 773/1735/1688 772/1737/1690 2981/1730/1683 2980/1729/1682
f 815/1736/1689 2980/1729/1682 2979/1726/1680 814/1733/1686
f 96/883/883 812/882/882 2982/1731/1684 771/1738/1458
f 812/882/882 811/881/881 2983/1728/1452 2982/1731/1684
f 771/1738/1458 2982/1731/1684 2981/1730/1683 772/1737/1690
f 2984/1739/1691 2985/1740/1692 2988/1741/1693 2987/1742/1694
f 2985/1740/1692 2986/1743/1695 2989/1744/1696 2988/1741/1693
f 2987/1742/1694 2988/1741/1693 2991/1745/1697 2990/1746/1698
f 2988/1741/1693 2989/1744/1696 2992/1747/1699 2991/1745/1697
f 124/641/641 639/1697/1651 2984/1739/1691 578/1748/1700
f 639/1697/1651 640/1696/1650 2985/1740/1692 2984/1739/1691
f 640/1696/1650 641/1695/1649 2986/1743/1695 2985/1740/1692
f 641/1695/1649 276/1628/1582 588/1627/1581 2986/1743/1695
f 2986/1743/1695 588/1627/1581 589/1626/1580 2989/1744/1696
f 2989/1744/1696 589/1626/1580 590/1625/1579 2992/1747/1699
f 2992/1747/1699 590/1625/1579 277/1624/1578 648/1664/1618
f 2991/1745/1697 2992/1747/1699 648/1664/1618 649/1663/1617
f 2990/1746/1698 2991/1745/1697 649/1663/1617 650/1661/1615
f 576/1749/1701 2990/1746/1698 650/1661/1615 128/1660/1614
f 577/1750/1702 2987/1742/1694 2990/1746/1698 576/1749/1701
f 578/1748/1700 2984/1739/1691 2987/1742/1694 577/1750/1702
f 2994/1751/1703 2995/1752/1481 2993/1753/1704 2999/1754/1705
f 2996/1755/1706 2997/1756/1707 2993/1753/1704 2995/1752/1481
f 2998/1757/1708 2999/1754/1705 2993/1753/1704 2997/1756/1707
f 98/874/874 803/876/876 2994/1751/1703 821/1758/1709
f 803/876/876 802/889/889 2995/1752/1481 2994/1751/1703
f 821/1758/1709 2994/1751/1703 2999/1754/1705 820/1759/1710
f 95/888/888 788/1760/1489 2996/1755/1706 801/887/887
f 788/1760/1489 787/1761/1711 2997/1756/1707 2996/1755/1706
f 801/887/887 2996/1755/1706 2995/1752/1481 802/889/889
f 267/1762/1712 819/1763/1713 2998/1757/1708 786/1764/1714
f 819/1763/1713 820/1759/1710 2999/1754/1705 2998/1757/1708
f 786/1764/1714 2998/1757/1708 2997/1756/1707 787/1761/1711
f 3000/1765/1715 3001/1766/1716 3004/1767/1717 3003/1768/1718
f 3001/1766/1716 3002/1769/1719 3005/1770/1720 3004/1767/1717
f 3003/1768/1718 3004/1767/1717 3007/1771/1721 3006/1772/1722
f 3004/1767/1717 3005/1770/1720 3008/1773/1723 3007/1771/1721
f 4/1596/1550 602/1644/1598 3000/1765/1715 609/1774/1724
f 602/1644/1598 601/1650/1604 3001/1766/1716 3000/1765/1715
f 601/1650/1604 600/1648/1602 3002/1769/1719 3001/1766/1716
f 600/1648/1602 3/1649/1603 644/1775/1725 3002/1769/1719
f 3002/1769/1719 644/1775/1725 643/1776/1726 3005/1770/1720
f 3005/1770/1720 643/1776/1726 642/1777/1727 3008/1773/1723
f 3008/1773/1723 642/1777/1727 2/1778/1728 645/1779/1729
f 3007/1771/1721 3008/1773/1723 645/1779/1729 646/1780/1730
f 3006/1772/1722 3007/1771/1721 646/1780/1730 647/1781/1731
f 611/1782/1732 3006/1772/1722 647/1781/1731 1/1783/1733
f 610/1784/1734 3003/1768/1718 3006/1772/1722 611/1782/1732
f 609/1774/1724 3000/1765/1715 3003/1768/1718 610/1784/1734
f 3009/1785/1735 3010/1786/1736 3013/1787/1737 3012/1788/1738
f 3010/1786/1736 3011/1789/1739 3014/1790/1740 3013/1787/1737
f 3012/1788/1738 3013/1787/1737 3016/1791/1741 3015/1792/1742
f 3013/1787/1737 3014/1790/1740 3017/1793/1743 3016/1791/1741
f 3/1649/1603 558/1647/1601 3009/1785/1735 599/1794/1744
f 558/1647/1601 559/1646/1600 3010/1786/1736 3009/1785/1735
f 559/1646/1600 560/1645/1599 3011/1789/1739 3010/1786/1736
f 560/1645/1599 280/431/431 501/429/429 3011/1789/1739
f 3011/1789/1739 501/429/429 502/428/428 3014/1790/1740
f 3014/1790/1740 502/428/428 503/427/427 3017/1793/1743
f 3017/1793/1743 503/427/427 282/426/426 570/1576/1530
f 3016/1791/1741 3017/1793/1743 570/1576/1530 571/1575/1529
f 3015/1792/1742 3016/1791/1741 571/1575/1529 572/1573/1527
f 597/1795/1745 3015/1792/1742 572/1573/1527 131/1180/1140
f 598/1796/1746 3012/1788/1738 3015/1792/1742 597/1795/1745
f 599/1794/1744 3009/1785/1735 3012/1788/1738 598/1796/1746
f 3018/1797/1747 3019/1798/1748 3022/1799/1749 3021/1800/1750
f 3019/1798/1748 3020/1801/1751 3023/1802/1752 3022/1799/1749
f 3021/1800/1750 3022/1799/1749 3025/1803/1753 3024/1804/1754
f 3022/1799/1749 3023/1802/1752 3026/1805/1755 3025/1803/1753
f 2/1778/1728 638/1806/1756 3018/1797/1747 645/1779/1729
f 638/1806/1756 637/1807/1757 3019/1798/1748 3018/1797/1747
f 637/1807/1757 636/1808/1758 3020/1801/1751 3019/1798/1748
f 636/1808/1758 130/1176/1136 626/1607/1561 3020/1801/1751
f 3020/1801/1751 626/1607/1561 625/1609/1563 3023/1802/1752
f 3023/1802/1752 625/1609/1563 624/1608/1562 3026/1805/1755
f 3026/1805/1755 624/1608/1562 129/1122/1082 617/1809/1759
f 3025/1803/1753 3026/1805/1755 617/1809/1759 616/1810/1760
f 3024/1804/1754 3025/1803/1753 616/1810/1760 615/1811/1761
f 647/1781/1731 3024/1804/1754 615/1811/1761 1/1783/1733
f 646/1780/1730 3021/1800/1750 3024/1804/1754 647/1781/1731
f 645/1779/1729 3018/1797/1747 3021/1800/1750 646/1780/1730
f 3027/1812/1762 3028/1813/1763 3031/1814/1764 3030/1815/1765
f 3028/1813/1763 3029/1816/1766 3032/1817/1767 3031/1814/1764
f 3030/1815/1765 3031/1814/1764 3034/1818/1768 3033/1819/1769
f 3031/1814/1764 3032/1817/1767 3035/1820/1770 3034/1818/1768
f 22/360/360 450/1563/1517 3027/1812/1762 422/1495/1449
f 450/1563/1517 451/1562/1516 3028/1813/1763 3027/1812/1762
f 451/1562/1516 452/1561/1515 3029/1816/1766 3028/1813/1763
f 452/1561/1515 279/1074/1034 393/1076/1036 3029/1816/1766
f 3029/1816/1766 393/1076/1036 394/1089/1049 3032/1817/1767
f 3032/1817/1767 394/1089/1049 395/1087/1047 3035/1820/1770
f 3035/1820/1770 395/1087/1047 285/1088/1048 456/1522/1476
f 3034/1818/1768 3035/1820/1770 456/1522/1476 457/1521/1475
f 3033/1819/1769 3034/1818/1768 457/1521/1475 458/1520/1474
f 420/1491/1445 3033/1819/1769 458/1520/1474 19/13/13
f 421/1496/1450 3030/1815/1765 3033/1819/1769 420/1491/1445
f 422/1495/1449 3027/1812/1762 3030/1815/1765 421/1496/1450
f 3036/1821/1771 3037/1822/1772 3040/1823/1773 3039/1824/1774
f 3037/1822/1772 3038/1825/1775 3041/1826/1776 3040/1823/1773
f 3039/1824/1774 3040/1823/1773 3043/1827/1777 3042/1828/1778
f 3040/1823/1773 3041/1826/1776 3044/1829/1779 3043/1827/1777
f 89/1366/1323 351/1365/1322 3036/1821/1771 348/1830/1780
f 351/1365/1322 352/1364/1321 3037/1822/1772 3036/1821/1771
f 352/1364/1321 353/1363/1320 3038/1825/1775 3037/1822/1772
f 353/1363/1320 73/1362/1319 354/1831/1781 3038/1825/1775
f 3038/1825/1775 354/1831/1781 355/1832/1782 3041/1826/1776
f 3041/1826/1776 355/1832/1782 356/1833/1783 3044/1829/1779
f 3044/1829/1779 356/1833/1783 74/1309/1269 317/1308/1268
f 3043/1827/1777 3044/1829/1779 317/1308/1268 316/1307/1267
f 3042/1828/1778 3043/1827/1777 316/1307/1267 315/1305/1265
f 350/1834/1784 3042/1828/1778 315/1305/1265 88/1304/1264
f 349/1835/1785 3039/1824/1774 3042/1828/1778 350/1834/1784
f 348/1830/1780 3036/1821/1771 3039/1824/1774 349/1835/1785
f 3045/1836/1786 3046/1837/1787 3049/1838/1788 3048/1839/1789
f 3046/1837/1787 3047/1840/1790 3050/1841/1791 3049/1838/1788
f 3048/1839/1789 3049/1838/1788 3052/1842/1792 3051/1843/1793
f 3049/1838/1788 3050/1841/1791 3053/1844/1794 3052/1842/1792
f 120/650/650 537/1845/1795 3045/1836/1786 519/664/664
f 537/1845/1795 538/1846/1796 3046/1837/1787 3045/1836/1786
f 538/1846/1796 539/1847/1797 3047/1840/1790 3046/1837/1787
f 539/1847/1797 116/1453/1407 527/1848/1798 3047/1840/1790
f 3047/1840/1790 527/1848/1798 526/1849/1799 3050/1841/1791
f 3050/1841/1791 526/1849/1799 525/1850/1800 3053/1844/1794
f 3053/1844/1794 525/1850/1800 115/1414/1368 506/1851/1801
f 3052/1842/1792 3053/1844/1794 506/1851/1801 505/1852/1802
f 3051/1843/1793 3052/1842/1792 505/1852/1802 504/1853/1803
f 521/666/666 3051/1843/1793 504/1853/1803 119/606/606
f 520/665/665 3048/1839/1789 3051/1843/1793 521/666/666
f 519/664/664 3045/1836/1786 3048/1839/1789 520/665/665
f 3054/1854/1804 3055/1855/1805 3058/1856/1806 3057/1857/1807
f 3055/1855/1805 3056/1858/1808 3059/1859/1809 3058/1856/1806
f 3057/1857/1807 3058/1856/1806 3061/1860/1810 3060/1861/1811
f 3058/1856/1806 3059/1859/1809 3062/1862/1812 3061/1860/1810
f 114/1403/1357 852/1401/1355 3054/1854/1804 431/1863/1813
f 852/1401/1355 853/1400/1354 3055/1855/1805 3054/1854/1804
f 853/1400/1354 854/1399/1353 3056/1858/1808 3055/1855/1805
f 854/1399/1353 294/676/676 864/677/677 3056/1858/1808
f 3056/1858/1808 864/677/677 865/679/679 3059/1859/1809
f 3059/1859/1809 865/679/679 866/680/680 3062/1862/1812
f 3062/1862/1812 866/680/680 297/681/681 849/1272/1232
f 3061/1860/1810 3062/1862/1812 849/1272/1232 850/1271/1231
f 3060/1861/1811 3061/1860/1810 850/1271/1231 851/1270/1230
f 429/1864/1814 3060/1861/1811 851/1270/1230 24/408/408
f 430/1865/1815 3057/1857/1807 3060/1861/1811 429/1864/1814
f 431/1863/1813 3054/1854/1804 3057/1857/1807 430/1865/1815
f 3063/1866/1816 3064/1867/1817 3067/1868/1818 3066/1869/1819
f 3064/1867/1817 3065/1870/1820 3068/1871/1821 3067/1868/1818
f 3066/1869/1819 3067/1868/1818 3070/1872/1822 3069/1873/1823
f 3067/1868/1818 3068/1871/1821 3071/1874/1824 3070/1872/1822
f 117/786/786 495/788/788 3063/1866/1816 492/1875/1825
f 495/788/788 496/785/785 3064/1867/1817 3063/1866/1816
f 496/785/785 497/783/783 3065/1870/1820 3064/1867/1817
f 497/783/783 121/630/630 498/628/628 3065/1870/1820
f 3065/1870/1820 498/628/628 499/627/627 3068/1871/1821
f 3068/1871/1821 499/627/627 500/626/626 3071/1874/1824
f 3071/1874/1824 500/626/626 122/325/325 482/327/327
f 3070/1872/1822 3071/1874/1824 482/327/327 481/329/329
f 3069/1873/1823 3070/1872/1822 481/329/329 480/335/335
f 494/1876/1826 3069/1873/1823 480/335/335 118/334/334
f 493/1877/1827 3066/1869/1819 3069/1873/1823 494/1876/1826
f 492/1875/1825 3063/1866/1816 3066/1869/1819 493/1877/1827
f 3072/1878/1828 3073/1879/1829 3076/1880/1830 3075/1881/1831
f 3073/1879/1829 3074/1882/1832 3077/1883/1833 3076/1880/1830
f 3075/1881/1831 3076/1880/1830 3079/1884/1834 3078/1885/1835
f 3076/1880/1830 3077/1883/1833 3080/1886/1836 3079/1884/1834
f 154/330/330 483/1433/1387 3072/1878/1828 477/331/331
f 483/1433/1387 484/1438/1392 3073/1879/1829 3072/1878/1828
f 484/1438/1392 485/1437/1391 3074/1882/1832 3073/1879/1829
f 485/1437/1391 153/778/778 486/780/780 3074/1882/1832
f 3074/1882/1832 486/780/780 487/782/782 3077/1883/1833
f 3077/1883/1833 487/782/782 488/787/787 3080/1886/1836
f 3080/1886/1836 488/787/787 117/786/786 492/1875/1825
f 3079/1884/1834 3080/1886/1836 492/1875/1825 493/1877/1827
f 3078/1885/1835 3079/1884/1834 493/1877/1827 494/1876/1826
f 479/336/336 3078/1885/1835 494/1876/1826 118/334/334
f 478/333/333 3075/1881/1831 3078/1885/1835 479/336/336
f 477/331/331 3072/1878/1828 3075/1881/1831 478/333/333
f 3081/1887/1837 3082/1888/1838 3085/1889/1839 3084/1890/1840
f 3082/1888/1838 3083/1891/1841 3086/1892/1842 3085/1889/1839
f 3084/1890/1840 3085/1889/1839 3088/1893/1843 3087/1894/1844
f 3085/1889/1839 3086/1892/1842 3089/1895/1845 3088/1893/1843
f 6/1243/1203 557/1254/1214 3081/1887/1837 564/1896/1846
f 557/1254/1214 556/1260/1220 3082/1888/1838 3081/1887/1837
f 556/1260/1220 555/1258/1218 3083/1891/1841 3082/1888/1838
f 555/1258/1218 5/1259/1219 567/1897/1847 3083/1891/1841
f 3083/1891/1841 567/1897/1847 568/1898/1848 3086/1892/1842
f 3086/1892/1842 568/1898/1848 569/1899/1849 3089/1895/1845
f 3089/1895/1845 569/1899/1849 128/1660/1614 573/1662/1616
f 3088/1893/1843 3089/1895/1845 573/1662/1616 574/1670/1624
f 3087/1894/1844 3088/1893/1843 574/1670/1624 575/1668/1622
f 566/1900/1850 3087/1894/1844 575/1668/1622 127/1669/1623
f 565/1901/1851 3084/1890/1840 3087/1894/1844 566/1900/1850
f 564/1896/1846 3081/1887/1837 3084/1890/1840 565/1901/1851
f 3090/1902/1852 3091/1903/1853 3094/1904/1854 3093/1905/1855
f 3091/1903/1853 3092/1906/1856 3095/1907/1857 3094/1904/1854
f 3093/1905/1855 3094/1904/1854 3097/1908/1858 3096/1909/1859
f 3094/1904/1854 3095/1907/1857 3098/1910/1860 3097/1908/1858
f 23/484/484 459/486/486 3090/1902/1852 474/1911/1861
f 459/486/486 460/488/488 3091/1903/1853 3090/1902/1852
f 460/488/488 461/493/493 3092/1906/1856 3091/1903/1853
f 461/493/493 109/8/8 416/818/818 3092/1906/1856
f 3092/1906/1856 416/818/818 415/817/817 3095/1907/1857
f 3095/1907/1857 415/817/817 414/815/815 3098/1910/1860
f 3098/1910/1860 414/815/815 108/814/814 446/1721/1675
f 3097/1908/1858 3098/1910/1860 446/1721/1675 445/1720/1674
f 3096/1909/1859 3097/1908/1858 445/1720/1674 444/1719/1673
f 476/1912/1862 3096/1909/1859 444/1719/1673 114/1403/1357
f 475/1913/1863 3093/1905/1855 3096/1909/1859 476/1912/1862
f 474/1911/1861 3090/1902/1852 3093/1905/1855 475/1913/1863
f 3099/1914/1864 3100/1915/1865 3103/1916/1866 3102/1917/1867
f 3100/1915/1865 3101/1918/1868 3104/1919/1869 3103/1916/1866
f 3102/1917/1867 3103/1916/1866 3106/1920/1870 3105/1921/1871
f 3103/1916/1866 3104/1919/1869 3107/1922/1872 3106/1920/1870
f 107/760/760 396/759/759 3099/1914/1864 392/1722/1676
f 396/759/759 397/758/758 3100/1915/1865 3099/1914/1864
f 397/758/758 398/756/756 3101/1918/1868 3100/1915/1865
f 398/756/756 110/17/17 308/260/260 3101/1918/1868
f 3101/1918/1868 308/260/260 307/262/262 3104/1919/1869
f 3104/1919/1869 307/262/262 306/268/268 3107/1922/1872
f 3107/1922/1872 306/268/268 20/267/267 389/1923/1873
f 3106/1920/1870 3107/1922/1872 389/1923/1873 388/1924/1874
f 3105/1921/1871 3106/1920/1870 388/1924/1874 387/1925/1875
f 390/1724/1678 3105/1921/1871 387/1925/1875 113/1329/1289
f 391/1723/1677 3102/1917/1867 3105/1921/1871 390/1724/1678
f 392/1722/1676 3099/1914/1864 3102/1917/1867 391/1723/1677
f 3108/1926/1876 3109/1927/1877 3112/1928/1878 3111/1929/1879
f 3109/1927/1877 3110/1930/1880 3113/1931/1881 3112/1928/1878
f 3111/1929/1879 3112/1928/1878 3115/1932/1882 3114/1933/1883
f 3112/1928/1878 3113/1931/1881 3116/1934/1884 3115/1932/1882
f 2/1778/1728 642/1777/1727 3108/1926/1876 638/1806/1756
f 642/1777/1727 643/1776/1726 3109/1927/1877 3108/1926/1876
f 643/1776/1726 644/1775/1725 3110/1930/1880 3109/1927/1877
f 644/1775/1725 3/1649/1603 599/1794/1744 3110/1930/1880
f 3110/1930/1880 599/1794/1744 598/1796/1746 3113/1931/1881
f 3113/1931/1881 598/1796/1746 597/1795/1745 3116/1934/1884
f 3116/1934/1884 597/1795/1745 131/1180/1140 635/1182/1142
f 3115/1932/1882 3116/1934/1884 635/1182/1142 634/1179/1139
f 3114/1933/1883 3115/1932/1882 634/1179/1139 633/1177/1137
f 636/1808/1758 3114/1933/1883 633/1177/1137 130/1176/1136
f 637/1807/1757 3111/1929/1879 3114/1933/1883 636/1808/1758
f 638/1806/1756 3108/1926/1876 3111/1929/1879 637/1807/1757
f 3117/1935/1885 3118/1936/1886 3121/1937/1887 3120/1938/1888
f 3118/1936/1886 3119/1939/1889 3122/1940/1890 3121/1937/1887
f 3120/1938/1888 3121/1937/1887 3124/1941/1891 3123/1942/1892
f 3121/1937/1887 3122/1940/1890 3125/1943/1893 3124/1941/1891
f 1/1783/1733 615/1811/1761 3117/1935/1885 611/1782/1732
f 615/1811/1761 616/1810/1760 3118/1936/1886 3117/1935/1885
f 616/1810/1760 617/1809/1759 3119/1939/1889 3118/1936/1886
f 617/1809/1759 129/1122/1082 618/1124/1084 3119/1939/1889
f 3119/1939/1889 618/1124/1084 619/1126/1086 3122/1940/1890
f 3122/1940/1890 619/1126/1086 620/1132/1092 3125/1943/1893
f 3125/1943/1893 620/1132/1092 132/1131/1091 608/1591/1545
f 3124/1941/1891 3125/1943/1893 608/1591/1545 607/1597/1551
f 3123/1942/1892 3124/1941/1891 607/1597/1551 606/1595/1549
f 609/1774/1724 3123/1942/1892 606/1595/1549 4/1596/1550
f 610/1784/1734 3120/1938/1888 3123/1942/1892 609/1774/1724
f 611/1782/1732 3117/1935/1885 3120/1938/1888 610/1784/1734
f 3126/1944/1894 3127/1945/1895 3130/1946/1896 3129/1947/1897
f 3127/1945/1895 3128/1948/1898 3131/1949/1899 3130/1946/1896
f 3129/1947/1897 3130/1946/1896 3133/1950/1900 3132/1951/1901
f 3130/1946/1896 3131/1949/1899 3134/1952/1902 3133/1950/1900
f 8/1127/1087 546/1158/1118 3126/1944/1894 596/1128/1088
f 546/1158/1118 547/1164/1124 3127/1945/1895 3126/1944/1894
f 547/1164/1124 548/1162/1122 3128/1948/1898 3127/1945/1895
f 548/1162/1122 7/1163/1123 585/1173/1133 3128/1948/1898
f 3128/1948/1898 585/1173/1133 586/1175/1135 3131/1949/1899
f 3131/1949/1899 586/1175/1135 587/1181/1141 3134/1952/1902
f 3134/1952/1902 587/1181/1141 131/1180/1140 591/1574/1528
f 3133/1950/1900 3134/1952/1902 591/1574/1528 592/1581/1535
f 3132/1951/1901 3133/1950/1900 592/1581/1535 593/1580/1534
f 594/1133/1093 3132/1951/1901 593/1580/1534 132/1131/1091
f 595/1130/1090 3129/1947/1897 3132/1951/1901 594/1133/1093
f 596/1128/1088 3126/1944/1894 3129/1947/1897 595/1130/1090
f 3135/1953/1903 3136/1954/1904 3139/1955/1905 3138/1956/1906
f 3136/1954/1904 3137/1957/1907 3140/1958/1908 3139/1955/1905
f 3138/1956/1906 3139/1955/1905 3142/1959/1909 3141/1960/1910
f 3139/1955/1905 3140/1958/1908 3143/1961/1911 3142/1959/1909
f 22/360/360 357/1494/1448 3135/1953/1903 467/532/532
f 357/1494/1448 358/1493/1447 3136/1954/1904 3135/1953/1903
f 358/1493/1447 359/1492/1446 3137/1957/1907 3136/1954/1904
f 359/1492/1446 287/1054/1014 780/1053/1013 3137/1957/1907
f 3137/1957/1907 780/1053/1013 781/1052/1012 3140/1958/1908
f 3140/1958/1908 781/1052/1012 782/1050/1010 3143/1961/1911
f 3143/1961/1911 782/1050/1010 286/1049/1009 360/1466/1420
f 3142/1959/1909 3143/1961/1911 360/1466/1420 361/1465/1419
f 3141/1960/1910 3142/1959/1909 361/1465/1419 362/1464/1418
f 465/528/528 3141/1960/1910 362/1464/1418 111/489/489
f 466/530/530 3138/1956/1906 3141/1960/1910 465/528/528
f 467/532/532 3135/1953/1903 3138/1956/1906 466/530/530
f 3144/1962/1912 3145/1963/1913 3148/1964/1914 3147/1965/1915
f 3145/1963/1913 3146/1966/1916 3149/1967/1917 3148/1964/1914
f 3147/1965/1915 3148/1964/1914 3151/1968/1918 3150/1969/1919
f 3148/1964/1914 3149/1967/1917 3152/1970/1920 3151/1968/1918
f 116/1453/1407 828/1451/1405 3144/1962/1912 527/1848/1798
f 828/1451/1405 829/1450/1404 3145/1963/1913 3144/1962/1912
f 829/1450/1404 830/1449/1403 3146/1966/1916 3145/1963/1913
f 830/1449/1403 292/730/730 840/744/744 3146/1966/1916
f 3146/1966/1916 840/744/744 841/745/745 3149/1967/1917
f 3149/1967/1917 841/745/745 842/746/746 3152/1970/1920
f 3152/1970/1920 842/746/746 293/685/685 825/1418/1372
f 3151/1968/1918 3152/1970/1920 825/1418/1372 826/1417/1371
f 3150/1969/1919 3151/1968/1918 826/1417/1371 827/1415/1369
f 525/1850/1800 3150/1969/1919 827/1415/1369 115/1414/1368
f 526/1849/1799 3147/1965/1915 3150/1969/1919 525/1850/1800
f 527/1848/1798 3144/1962/1912 3147/1965/1915 526/1849/1799
f 3153/1971/1921 3154/1972/1922 3157/1973/1923 3156/1974/1924
f 3154/1972/1922 3155/1975/1925 3158/1976/1926 3157/1973/1923
f 3156/1974/1924 3157/1973/1923 3160/1977/1927 3159/1978/1928
f 3157/1973/1923 3158/1976/1926 3161/1979/1929 3160/1977/1927
f 81/933/897 717/1504/1458 3153/1971/1921 708/1980/1930
f 717/1504/1458 718/1505/1459 3154/1972/1922 3153/1971/1921
f 718/1505/1459 719/1509/1463 3155/1975/1925 3154/1972/1922
f 719/1509/1463 228/1508/1462 686/1981/1931 3155/1975/1925
f 3155/1975/1925 686/1981/1931 685/1982/1932 3158/1976/1926
f 3158/1976/1926 685/1982/1932 684/1983/1933 3161/1979/1929
f 3161/1979/1929 684/1983/1933 227/1343/1302 683/1345/1304
f 3160/1977/1927 3161/1979/1929 683/1345/1304 682/1341/1300
f 3159/1978/1928 3160/1977/1927 682/1341/1300 681/1339/1298
f 710/1984/1934 3159/1978/1928 681/1339/1298 231/1338/1297
f 709/1985/1935 3156/1974/1924 3159/1978/1928 710/1984/1934
f 708/1980/1930 3153/1971/1921 3156/1974/1924 709/1985/1935
f 3162/1986/1936 3163/1987/1937 3166/1988/1938 3165/1989/1939
f 3163/1987/1937 3164/1990/1940 3167/1991/1941 3166/1988/1938
f 3165/1989/1939 3166/1988/1938 3169/1992/1942 3168/1993/1943
f 3166/1988/1938 3167/1991/1941 3170/1994/1944 3169/1992/1942
f 95/888/888 792/1995/1945 3162/1986/1936 788/1760/1489
f 792/1995/1945 793/1996/1946 3163/1987/1937 3162/1986/1936
f 793/1996/1946 794/1997/1947 3164/1990/1940 3163/1987/1937
f 794/1997/1947 272/1382/1337 749/1384/1339 3164/1990/1940
f 3164/1990/1940 749/1384/1339 748/1380/1336 3167/1991/1941
f 3167/1991/1941 748/1380/1336 747/1378/1334 3170/1994/1944
f 3170/1994/1944 747/1378/1334 268/1377/1333 785/1998/1948
f 3169/1992/1942 3170/1994/1944 785/1998/1948 784/1999/1949
f 3168/1993/1943 3169/1992/1942 784/1999/1949 783/2000/1950
f 786/1764/1714 3168/1993/1943 783/2000/1950 267/1762/1712
f 787/1761/1711 3165/1989/1939 3168/1993/1943 786/1764/1714
f 788/1760/1489 3162/1986/1936 3165/1989/1939 787/1761/1711
f 3171/2001/1951 3172/2002/1952 3175/2003/1953 3174/2004/1954
f 3172/2002/1952 3173/2005/1955 3176/2006/1956 3175/2003/1953
f 3174/2004/1954 3175/2003/1953 3178/2007/1957 3177/2008/1958
f 3175/2003/1953 3176/2006/1956 3179/2009/1959 3178/2007/1957
f 80/938/898 702/2010/1960 3171/2001/1951 698/1535/1489
f 702/2010/1960 703/2011/1946 3172/2002/1952 3171/2001/1951
f 703/2011/1946 704/2012/1961 3173/2005/1955 3172/2002/1952
f 704/2012/1961 232/1222/1182 662/1224/1184 3173/2005/1955
f 3173/2005/1955 662/1224/1184 661/1220/1180 3176/2006/1956
f 3176/2006/1956 661/1220/1180 660/1218/1178 3179/2009/1959
f 3179/2009/1959 660/1218/1178 230/1217/1177 695/2013/1962
f 3178/2007/1957 3179/2009/1959 695/2013/1962 694/2014/1963
f 3177/2008/1958 3178/2007/1957 694/2014/1963 693/2015/1964
f 696/1539/1493 3177/2008/1958 693/2015/1964 229/1537/1491
f 697/1536/1490 3174/2004/1954 3177/2008/1958 696/1539/1493
f 698/1535/1489 3171/2001/1951 3174/2004/1954 697/1536/1490
f 3180/2016/1965 3181/2017/1966 3184/2018/1967 3183/2019/1968
f 3181/2017/1966 3182/2020/1969 3185/2021/1970 3184/2018/1967
f 3183/2019/1968 3184/2018/1967 3187/2022/1971 3186/2023/1972
f 3184/2018/1967 3185/2021/1970 3188/2024/1973 3187/2022/1971
f 96/883/883 771/1738/1458 3180/2016/1965 767/2025/1974
f 771/1738/1458 772/1737/1690 3181/2017/1966 3180/2016/1965
f 772/1737/1690 773/1735/1688 3182/2020/1969 3181/2017/1966
f 773/1735/1688 270/1734/1687 774/2026/1975 3182/2020/1969
f 3182/2020/1969 774/2026/1975 775/2027/1976 3185/2021/1970
f 3185/2021/1970 775/2027/1976 776/2028/1977 3188/2024/1973
f 3188/2024/1973 776/2028/1977 269/1288/1248 764/1290/1250
f 3187/2022/1971 3188/2024/1973 764/1290/1250 763/1286/1246
f 3186/2023/1972 3187/2022/1971 763/1286/1246 762/1284/1244
f 765/2029/1978 3186/2023/1972 762/1284/1244 271/1283/1243
f 766/2030/1935 3183/2019/1968 3186/2023/1972 765/2029/1978
f 767/2025/1974 3180/2016/1965 3183/2019/1968 766/2030/1935
f 3189/2031/1979 3190/2032/1980 3193/2033/1981 3192/2034/1982
f 3190/2032/1980 3191/2035/1983 3194/2036/1984 3193/2033/1981
f 3192/2034/1982 3193/2033/1981 3196/2037/1985 3195/2038/1986
f 3193/2033/1981 3194/2036/1984 3197/2039/1987 3196/2037/1985
f 21/365/365 384/1324/1284 3189/2031/1979 380/366/366
f 384/1324/1284 385/1330/1290 3190/2032/1980 3189/2031/1979
f 385/1330/1290 386/1328/1288 3191/2035/1983 3190/2032/1980
f 386/1328/1288 113/1329/1289 387/1925/1875 3191/2035/1983
f 3191/2035/1983 387/1925/1875 388/1924/1874 3194/2036/1984
f 3194/2036/1984 388/1924/1874 389/1923/1873 3197/2039/1987
f 3197/2039/1987 389/1923/1873 20/267/267 335/269/269
f 3196/2037/1985 3197/2039/1987 335/269/269 334/266/266
f 3195/2038/1986 3196/2037/1985 334/266/266 333/264/264
f 378/370/370 3195/2038/1986 333/264/264 112/263/263
f 379/368/368 3192/2034/1982 3195/2038/1986 378/370/370
f 380/366/366 3189/2031/1979 3192/2034/1982 379/368/368
f 3198/2040/1988 3199/2041/1989 3202/2042/1990 3201/2043/1991
f 3199/2041/1989 3200/2044/1992 3203/2045/1993 3202/2042/1990
f 3201/2043/1991 3202/2042/1990 3205/2046/1994 3204/2047/1995
f 3202/2042/1990 3203/2045/1993 3206/2048/1996 3205/2046/1994
f 23/484/484 474/1911/1861 3198/2040/1988 462/485/485
f 474/1911/1861 475/1913/1863 3199/2041/1989 3198/2040/1988
f 475/1913/1863 476/1912/1862 3200/2044/1992 3199/2041/1989
f 476/1912/1862 114/1403/1357 431/1863/1813 3200/2044/1992
f 3200/2044/1992 431/1863/1813 430/1865/1815 3203/2045/1993
f 3203/2045/1993 430/1865/1815 429/1864/1814 3206/2048/1996
f 3206/2048/1996 429/1864/1814 24/408/408 470/531/531
f 3205/2046/1994 3206/2048/1996 470/531/531 469/529/529
f 3204/2047/1995 3205/2046/1994 469/529/529 468/527/527
f 464/491/491 3204/2047/1995 468/527/527 111/489/489
f 463/487/487 3201/2043/1991 3204/2047/1995 464/491/491
f 462/485/485 3198/2040/1988 3201/2043/1991 463/487/487
f 3207/2049/1997 3208/2050/1998 3211/2051/1999 3210/2052/2000
f 3208/2050/1998 3209/2053/2001 3212/2054/2002 3211/2051/1999
f 3210/2052/2000 3211/2051/1999 3214/2055/2003 3213/2056/2004
f 3211/2051/1999 3212/2054/2002 3215/2057/2005 3214/2055/2003
f 82/929/895 732/928/894 3207/2049/1997 729/1506/1460
f 732/928/894 733/927/893 3208/2050/1998 3207/2049/1997
f 733/927/893 734/925/892 3209/2053/2001 3208/2050/1998
f 734/925/892 83/924/891 720/1533/1487 3209/2053/2001
f 3209/2053/2001 720/1533/1487 721/1534/1488 3212/2054/2002
f 3212/2054/2002 721/1534/1488 722/1538/1492 3215/2057/2005
f 3215/2057/2005 722/1538/1492 229/1537/1491 692/2058/2006
f 3214/2055/2003 3215/2057/2005 692/2058/2006 691/2059/2007
f 3213/2056/2004 3214/2055/2003 691/2059/2007 690/2060/2008
f 731/1510/1464 3213/2056/2004 690/2060/2008 228/1508/1462
f 730/1507/1461 3210/2052/2000 3213/2056/2004 731/1510/1464
f 729/1506/1460 3207/2049/1997 3210/2052/2000 730/1507/1461
f 3216/2061/2009 3217/2062/2010 3220/2063/2011 3219/2064/2012
f 3217/2062/2010 3218/2065/2013 3221/2066/2014 3220/2063/2011
f 3219/2064/2012 3220/2063/2011 3223/2067/2015 3222/2068/2016
f 3220/2063/2011 3221/2066/2014 3224/2069/2017 3223/2067/2015
f 97/879/879 806/878/878 3216/2061/2009 813/1732/1685
f 806/878/878 805/877/877 3217/2062/2010 3216/2061/2009
f 805/877/877 804/875/875 3218/2065/2013 3217/2062/2010
f 804/875/875 98/874/874 821/1758/1709 3218/2065/2013
f 3218/2065/2013 821/1758/1709 820/1759/1710 3221/2066/2014
f 3221/2066/2014 820/1759/1710 819/1763/1713 3224/2069/2017
f 3224/2069/2017 819/1763/1713 267/1762/1712 779/2070/2018
f 3223/2067/2015 3224/2069/2017 779/2070/2018 778/2071/2019
f 3222/2068/2016 3223/2067/2015 778/2071/2019 777/2072/2020
f 815/1736/1689 3222/2068/2016 777/2072/2020 270/1734/1687
f 814/1733/1686 3219/2064/2012 3222/2068/2016 815/1736/1689
f 813/1732/1685 3216/2061/2009 3219/2064/2012 814/1733/1686
f 3225/2073/2021 3226/2074/2022 3229/2075/2023 3228/2076/2024
f 3226/2074/2022 3227/2077/2025 3230/2078/2026 3229/2075/2023
f 3228/2076/2024 3229/2075/2023 3232/2079/2027 3231/2080/2028
f 3229/2075/2023 3230/2078/2026 3233/2081/2029 3232/2079/2027
f 269/1288/1248 741/2082/2030 3225/2073/2021 740/1289/1249
f 741/2082/2030 742/2083/2031 3226/2074/2022 3225/2073/2021
f 742/2083/2031 743/2084/2032 3227/2077/2025 3226/2074/2022
f 743/2084/2032 268/1377/1333 744/1379/1335 3227/2077/2025
f 3227/2077/2025 744/1379/1335 745/1381/1181 3230/2078/2026
f 3230/2078/2026 745/1381/1181 746/1387/1341 3233/2081/2029
f 3233/2081/2029 746/1387/1341 273/1386/1186 672/2085/2033
f 3232/2079/2027 3233/2081/2029 672/2085/2033 673/2086/2034
f 3231/2080/2028 3232/2079/2027 673/2086/2034 674/2087/2035
f 738/1294/1254 3231/2080/2028 674/2087/2035 274/1292/1252
f 739/1291/1251 3228/2076/2024 3231/2080/2028 738/1294/1254
f 740/1289/1249 3225/2073/2021 3228/2076/2024 739/1291/1251
f 3234/2088/2036 3235/2089/2037 3238/2090/2038 3237/2091/2039
f 3235/2089/2037 3236/2092/2040 3239/2093/2041 3238/2090/2038
f 3237/2091/2039 3238/2090/2038 3241/2094/2042 3240/2095/2043
f 3238/2090/2038 3239/2093/2041 3242/2096/2044 3241/2094/2042
f 227/1343/1302 675/2097/2045 3234/2088/2036 680/1344/1303
f 675/2097/2045 676/2098/2046 3235/2089/2037 3234/2088/2036
f 676/2098/2046 677/2099/2047 3236/2092/2040 3235/2089/2037
f 677/2099/2047 230/1217/1177 654/1219/1179 3236/2092/2040
f 3236/2092/2040 654/1219/1179 655/1221/1181 3239/2093/2041
f 3239/2093/2041 655/1221/1181 656/1227/1187 3242/2096/2044
f 3242/2096/2044 656/1227/1187 233/1226/1186 657/2100/2048
f 3241/2094/2042 3242/2096/2044 657/2100/2048 658/2101/2034
f 3240/2095/2043 3241/2094/2042 658/2101/2034 659/2102/2049
f 678/1349/1306 3240/2095/2043 659/2102/2049 234/1347/1252
f 679/1346/1251 3237/2091/2039 3240/2095/2043 678/1349/1306
f 680/1344/1303 3234/2088/2036 3237/2091/2039 679/1346/1251
f 3243/2103/2050 3244/2104/2051 3247/2105/2052 3246/2106/2053
f 3244/2104/2051 3245/2107/2054 3248/2108/2055 3247/2105/2052
f 3246/2106/2053 3247/2105/2052 3250/2109/2056 3249/2110/2057
f 3247/2105/2052 3248/2108/2055 3251/2111/2058 3250/2109/2056
f 80/938/898 705/936/886 3243/2103/2050 702/2010/1960
f 705/936/886 706/935/885 3244/2104/2051 3243/2103/2050
f 706/935/885 707/934/884 3245/2107/2054 3244/2104/2051
f 707/934/884 81/933/897 708/1980/1930 3245/2107/2054
f 3245/2107/2054 708/1980/1930 709/1985/1935 3248/2108/2055
f 3248/2108/2055 709/1985/1935 710/1984/1934 3251/2111/2058
f 3251/2111/2058 710/1984/1934 231/1338/1297 668/2112/2059
f 3250/2109/2056 3251/2111/2058 668/2112/2059 667/2113/2060
f 3249/2110/2057 3250/2109/2056 667/2113/2060 666/2114/2061
f 704/2012/1961 3249/2110/2057 666/2114/2061 232/1222/1182
f 703/2011/1946 3246/2106/2053 3249/2110/2057 704/2012/1961
f 702/2010/1960 3243/2103/2050 3246/2106/2053 703/2011/1946
f 3252/2115/2050 3253/2116/2051 3256/2117/2052 3255/2118/2053
f 3253/2116/2051 3254/2119/2054 3257/2120/2055 3256/2117/2052
f 3255/2118/2053 3256/2117/2052 3259/2121/2056 3258/2122/2057
f 3256/2117/2052 3257/2120/2055 3260/2123/2058 3259/2121/2056
f 95/888/888 795/886/886 3252/2115/2050 792/1995/1945
f 795/886/886 796/885/885 3253/2116/2051 3252/2115/2050
f 796/885/885 797/884/884 3254/2119/2054 3253/2116/2051
f 797/884/884 96/883/883 767/2025/1974 3254/2119/2054
f 3254/2119/2054 767/2025/1974 766/2030/1935 3257/2120/2055
f 3257/2120/2055 766/2030/1935 765/2029/1978 3260/2123/2058
f 3260/2123/2058 765/2029/1978 271/1283/1243 755/2124/2059
f 3259/2121/2056 3260/2123/2058 755/2124/2059 754/2125/2060
f 3258/2122/2057 3259/2121/2056 754/2125/2060 753/2126/2061
f 794/1997/1947 3258/2122/2057 753/2126/2061 272/1382/1337
f 793/1996/1946 3255/2118/2053 3258/2122/2057 794/1997/1947
f 792/1995/1945 3252/2115/2050 3255/2118/2053 793/1996/1946
f 3261/2127/2062 3262/2128/2063 3265/2129/2064 3264/2130/2065
f 3262/2128/2063 3263/2131/2066 3266/2132/2067 3265/2129/2064
f 3264/2130/2065 3265/2129/2064 3268/2133/2068 3267/2134/2069
f 3265/2129/2064 3266/2132/2067 3269/2135/2070 3268/2133/2068
f 73/1362/1319 371/1361/1318 3261/2127/2062 375/2136/2071
f 371/1361/1318 370/1360/1317 3262/2128/2063 3261/2127/2062
f 370/1360/1317 369/1359/1316 3263/2131/2066 3262/2128/2063
f 369/1359/1316 106/769/769 329/767/767 3263/2131/2066
f 3263/2131/2066 329/767/767 328/766/766 3266/2132/2067
f 3266/2132/2067 328/766/766 327/765/765 3269/2135/2070
f 3269/2135/2070 327/765/765 103/764/764 363/2137/2072
f 3268/2133/2068 3269/2135/2070 363/2137/2072 364/2138/2073
f 3267/2134/2069 3268/2133/2068 364/2138/2073 365/2139/2074
f 377/2140/2075 3267/2134/2069 365/2139/2074 75/2141/2076
f 376/2142/2077 3264/2130/2065 3267/2134/2069 377/2140/2075
f 375/2136/2071 3261/2127/2062 3264/2130/2065 376/2142/2077
f 3270/2143/2078 3271/2144/2079 3274/2145/2080 3273/2146/2081
f 3271/2144/2079 3272/2147/2082 3275/2148/2083 3274/2145/2080
f 3273/2146/2081 3274/2145/2080 3277/2149/2084 3276/2150/2085
f 3274/2145/2080 3275/2148/2083 3278/2151/2086 3277/2149/2084
f 105/803/803 342/1369/1326 3270/2143/2078 336/819/819
f 342/1369/1326 343/1368/1325 3271/2144/2079 3270/2143/2078
f 343/1368/1325 344/1367/1324 3272/2147/2082 3271/2144/2079
f 344/1367/1324 89/1366/1323 345/2152/2087 3272/2147/2082
f 3272/2147/2082 345/2152/2087 346/2153/2088 3275/2148/2083
f 3275/2148/2083 346/2153/2088 347/2154/2089 3278/2151/2086
f 3278/2151/2086 347/2154/2089 90/2155/2090 314/2156/2091
f 3277/2149/2084 3278/2151/2086 314/2156/2091 313/2157/2092
f 3276/2150/2085 3277/2149/2084 313/2157/2092 312/2158/2093
f 338/821/821 3276/2150/2085 312/2158/2093 104/823/823
f 337/820/820 3273/2146/2081 3276/2150/2085 338/821/821
f 336/819/819 3270/2143/2078 3273/2146/2081 337/820/820
f 3279/2159/2094 3280/2160/2095 3283/2161/2096 3282/2162/2097
f 3280/2160/2095 3281/2163/2098 3284/2164/2099 3283/2161/2096
f 3282/2162/2097 3283/2161/2096 3286/2165/2100 3285/2166/2101
f 3283/2161/2096 3284/2164/2099 3287/2167/2102 3286/2165/2100
f 6/1243/1203 564/1896/1846 3279/2159/2094 561/1242/1202
f 564/1896/1846 565/1901/1851 3280/2160/2095 3279/2159/2094
f 565/1901/1851 566/1900/1850 3281/2163/2098 3280/2160/2095
f 566/1900/1850 127/1669/1623 543/1680/1634 3281/2163/2098
f 3281/2163/2098 543/1680/1634 544/1685/1639 3284/2164/2099
f 3284/2164/2099 544/1685/1639 545/1684/1638 3287/2167/2102
f 3287/2167/2102 545/1684/1638 123/602/602 522/601/601
f 3286/2165/2100 3287/2167/2102 522/601/601 523/600/600
f 3285/2166/2101 3286/2165/2100 523/600/600 524/598/598
f 563/1238/1198 3285/2166/2101 524/598/598 126/597/597
f 562/1244/1204 3282/2162/2097 3285/2166/2101 563/1238/1198
f 561/1242/1202 3279/2159/2094 3282/2162/2097 562/1244/1204
f 3288/2168/2103 3289/2169/2104 3292/2170/2105 3291/2171/2106
f 3289/2169/2104 3290/2172/2107 3293/2173/2108 3292/2170/2105
f 3291/2171/2106 3292/2170/2105 3295/2174/2109 3294/2175/2110
f 3292/2170/2105 3293/2173/2108 3296/2176/2111 3295/2174/2109
f 124/641/641 578/1748/1700 3288/2168/2103 507/642/642
f 578/1748/1700 577/1750/1702 3289/2169/2104 3288/2168/2103
f 577/1750/1702 576/1749/1701 3290/2172/2107 3289/2169/2104
f 576/1749/1701 128/1660/1614 569/1899/1849 3290/2172/2107
f 3290/2172/2107 569/1899/1849 568/1898/1848 3293/2173/2108
f 3293/2173/2108 568/1898/1848 567/1897/1847 3296/2176/2111
f 3296/2176/2111 567/1897/1847 5/1259/1219 554/1707/1661
f 3295/2174/2109 3296/2176/2111 554/1707/1661 553/1709/1663
f 3294/2175/2110 3295/2174/2109 553/1709/1663 552/1708/1662
f 509/645/645 3294/2175/2110 552/1708/1662 125/621/621
f 508/644/644 3291/2171/2106 3294/2175/2110 509/645/645
f 507/642/642 3288/2168/2103 3291/2171/2106 508/644/644
f 3297/2177/2112 3298/2178/2113 3301/2179/2114 3300/2180/2115
f 3298/2178/2113 3299/2181/2116 3302/2182/2117 3301/2179/2114
f 3300/2180/2115 3301/2179/2114 3304/2183/2118 3303/2184/2119
f 3301/2179/2114 3302/2182/2117 3305/2185/2120 3304/2183/2118
f 152/34/34 1170/2186/2121 3297/2177/2112 1167/35/35
f 1170/2186/2121 1171/2187/2122 3298/2178/2113 3297/2177/2112
f 1171/2187/2122 1172/2188/2123 3299/2181/2116 3298/2178/2113
f 1172/2188/2123 149/74/74 1151/76/76 3299/2181/2116
f 3299/2181/2116 1151/76/76 1150/84/84 3302/2182/2117
f 3302/2182/2117 1150/84/84 1149/82/82 3305/2185/2120
f 3305/2185/2120 1149/82/82 145/83/83 1148/97/97
f 3304/2183/2118 3305/2185/2120 1148/97/97 1147/96/96
f 3303/2184/2119 3304/2183/2118 1147/96/96 1146/94/94
f 1169/37/37 3303/2184/2119 1146/94/94 148/38/38
f 1168/36/36 3300/2180/2115 3303/2184/2119 1169/37/37
f 1167/35/35 3297/2177/2112 3300/2180/2115 1168/36/36
f 3306/2189/2124 3307/2190/2125 3310/2191/2126 3309/2192/2127
f 3307/2190/2125 3308/2193/2128 3311/2194/2129 3310/2191/2126
f 3309/2192/2127 3310/2191/2126 3313/2195/2130 3312/2196/2131
f 3310/2191/2126 3311/2194/2129 3314/2197/2132 3313/2195/2130
f 15/1113/1073 770/1111/1071 3306/2189/2124 1175/2198/2133
f 770/1111/1071 769/1110/1070 3307/2190/2125 3306/2189/2124
f 769/1110/1070 768/1109/1069 3308/2193/2128 3307/2190/2125
f 768/1109/1069 16/1108/1068 1176/2199/2134 3308/2193/2128
f 3308/2193/2128 1176/2199/2134 1177/2200/2135 3311/2194/2129
f 3311/2194/2129 1177/2200/2135 1178/2201/2136 3314/2197/2132
f 3314/2197/2132 1178/2201/2136 150/54/54 1154/78/78
f 3313/2195/2130 3314/2197/2132 1154/78/78 1153/77/77
f 3312/2196/2131 3313/2195/2130 1153/77/77 1152/75/75
f 1173/2202/2137 3312/2196/2131 1152/75/75 149/74/74
f 1174/2203/2138 3309/2192/2127 3312/2196/2131 1173/2202/2137
f 1175/2198/2133 3306/2189/2124 3309/2192/2127 1174/2203/2138
f 3315/2204/2139 3316/2205/2140 3319/2206/2141 3318/2207/2142
f 3316/2205/2140 3317/2208/2143 3320/2209/2144 3319/2206/2141
f 3318/2207/2142 3319/2206/2141 3322/2210/2145 3321/2211/2146
f 3319/2206/2141 3320/2209/2144 3323/2212/2147 3322/2210/2145
f 16/1108/1068 791/1107/1067 3315/2204/2139 1176/2199/2134
f 791/1107/1067 790/1106/1066 3316/2205/2140 3315/2204/2139
f 790/1106/1066 789/1105/1065 3317/2208/2143 3316/2205/2140
f 789/1105/1065 17/1104/1064 1179/2213/2148 3317/2208/2143
f 3317/2208/2143 1179/2213/2148 1180/2214/2149 3320/2209/2144
f 3320/2209/2144 1180/2214/2149 1181/2215/2150 3323/2212/2147
f 3323/2212/2147 1181/2215/2150 151/29/29 1160/58/58
f 3322/2210/2145 3323/2212/2147 1160/58/58 1159/57/57
f 3321/2211/2146 3322/2210/2145 1159/57/57 1158/55/55
f 1178/2201/2136 3321/2211/2146 1158/55/55 150/54/54
f 1177/2200/2135 3318/2207/2142 3321/2211/2146 1178/2201/2136
f 1176/2199/2134 3315/2204/2139 3318/2207/2142 1177/2200/2135
f 3324/2216/2151 3325/2217/2152 3328/2218/2153 3327/2219/2154
f 3325/2217/2152 3326/2220/2155 3329/2221/2156 3328/2218/2153
f 3327/2219/2154 3328/2218/2153 3331/2222/2157 3330/2223/2158
f 3328/2218/2153 3329/2221/2156 3332/2224/2159 3331/2222/2157
f 17/1104/1064 800/1103/1063 3324/2216/2151 1179/2213/2148
f 800/1103/1063 799/1102/1062 3325/2217/2152 3324/2216/2151
f 799/1102/1062 798/1100/1060 3326/2220/2155 3325/2217/2152
f 798/1100/1060 18/1099/1059 1182/2225/2160 3326/2220/2155
f 3326/2220/2155 1182/2225/2160 1183/2226/2161 3329/2221/2156
f 3329/2221/2156 1183/2226/2161 1184/2227/2162 3332/2224/2159
f 3332/2224/2159 1184/2227/2162 152/34/34 1166/33/33
f 3331/2222/2157 3332/2224/2159 1166/33/33 1165/32/32
f 3330/2223/2158 3331/2222/2157 1165/32/32 1164/30/30
f 1181/2215/2150 3330/2223/2158 1164/30/30 151/29/29
f 1180/2214/2149 3327/2219/2154 3330/2223/2158 1181/2215/2150
f 1179/2213/2148 3324/2216/2151 3327/2219/2154 1180/2214/2149
f 3333/2228/2163 3334/2229/2164 3337/2230/2165 3336/2231/2166
f 3334/2229/2164 3335/2232/2167 3338/2233/2168 3337/2230/2165
f 3336/2231/2166 3337/2230/2165 3340/2234/2169 3339/2235/2170
f 3337/2230/2165 3338/2233/2168 3341/2236/2171 3340/2234/2169
f 18/1099/1059 818/1101/1061 3333/2228/2163 1182/2225/2160
f 818/1101/1061 817/1114/1074 3334/2229/2164 3333/2228/2163
f 817/1114/1074 816/1112/1072 3335/2232/2167 3334/2229/2164
f 816/1112/1072 15/1113/1073 1175/2198/2133 3335/2232/2167
f 3335/2232/2167 1175/2198/2133 1174/2203/2138 3338/2233/2168
f 3338/2233/2168 1174/2203/2138 1173/2202/2137 3341/2236/2171
f 3341/2236/2171 1173/2202/2137 149/74/74 1172/2188/2123
f 3340/2234/2169 3341/2236/2171 1172/2188/2123 1171/2187/2122
f 3339/2235/2170 3340/2234/2169 1171/2187/2122 1170/2186/2121
f 1184/2227/2162 3339/2235/2170 1170/2186/2121 152/34/34
f 1183/2226/2161 3336/2231/2166 3339/2235/2170 1184/2227/2162
f 1182/2225/2160 3333/2228/2163 3336/2231/2166 1183/2226/2161
f 3342/2237/2172 3343/2238/2173 3346/2239/2174 3345/2240/2175
f 3343/2238/2173 3344/2241/2176 3347/2242/2177 3346/2239/2174
f 3345/2240/2175 3346/2239/2174 3349/2243/2178 3348/2244/2179
f 3346/2239/2174 3347/2242/2177 3350/2245/2180 3349/2243/2178
f 25/1038/998 701/1036/996 3342/2237/2172 1187/2246/2181
f 701/1036/996 700/1035/995 3343/2238/2173 3342/2237/2172
f 700/1035/995 699/1034/994 3344/2241/2176 3343/2238/2173
f 699/1034/994 26/1033/993 1188/2247/2182 3344/2241/2176
f 3344/2241/2176 1188/2247/2182 1189/2248/2183 3347/2242/2177
f 3347/2242/2177 1189/2248/2183 1190/2249/2184 3350/2245/2180
f 3350/2245/2180 1190/2249/2184 153/778/778 530/1448/1402
f 3349/2243/2178 3350/2245/2180 530/1448/1402 529/1454/1408
f 3348/2244/2179 3349/2243/2178 529/1454/1408 528/1452/1406
f 1185/2250/2185 3348/2244/2179 528/1452/1406 116/1453/1407
f 1186/2251/2186 3345/2240/2175 3348/2244/2179 1185/2250/2185
f 1187/2246/2181 3342/2237/2172 3345/2240/2175 1186/2251/2186
f 3351/2252/2187 3352/2253/2188 3355/2254/2189 3354/2255/2190
f 3352/2253/2188 3353/2256/2191 3356/2257/2192 3355/2254/2189
f 3354/2255/2190 3355/2254/2189 3358/2258/2193 3357/2259/2194
f 3355/2254/2189 3356/2257/2192 3359/2260/2195 3358/2258/2193
f 26/1033/993 713/1032/992 3351/2252/2187 1188/2247/2182
f 713/1032/992 712/1031/991 3352/2253/2188 3351/2252/2187
f 712/1031/991 711/1030/990 3353/2256/2191 3352/2253/2188
f 711/1030/990 27/1029/989 1191/2261/2196 3353/2256/2191
f 3353/2256/2191 1191/2261/2196 1192/2262/2197 3356/2257/2192
f 3356/2257/2192 1192/2262/2197 1193/2263/2198 3359/2260/2195
f 3359/2260/2195 1193/2263/2198 121/630/630 536/784/784
f 3358/2258/2193 3359/2260/2195 536/784/784 535/781/781
f 3357/2259/2194 3358/2258/2193 535/781/781 534/779/779
f 1190/2249/2184 3357/2259/2194 534/779/779 153/778/778
f 1189/2248/2183 3354/2255/2190 3357/2259/2194 1190/2249/2184
f 1188/2247/2182 3351/2252/2187 3354/2255/2190 1189/2248/2183
f 3360/2264/2199 3361/2265/2200 3364/2266/2201 3363/2267/2202
f 3361/2265/2200 3362/2268/2203 3365/2269/2204 3364/2266/2201
f 3363/2267/2202 3364/2266/2201 3367/2270/2205 3366/2271/2206
f 3364/2266/2201 3365/2269/2204 3368/2272/2207 3367/2270/2205
f 27/1029/989 716/1028/988 3360/2264/2199 1191/2261/2196
f 716/1028/988 715/1027/987 3361/2265/2200 3360/2264/2199
f 715/1027/987 714/1025/985 3362/2268/2203 3361/2265/2200
f 714/1025/985 28/1024/984 1194/2273/2208 3362/2268/2203
f 3362/2268/2203 1194/2273/2208 1195/2274/2209 3365/2269/2204
f 3365/2269/2204 1195/2274/2209 1196/2275/2210 3368/2272/2207
f 3368/2272/2207 1196/2275/2210 120/650/650 1010/648/648
f 3367/2270/2205 3368/2272/2207 1010/648/648 1009/647/647
f 3366/2271/2206 3367/2270/2205 1009/647/647 1008/646/646
f 1193/2263/2198 3366/2271/2206 1008/646/646 121/630/630
f 1192/2262/2197 3363/2267/2202 3366/2271/2206 1193/2263/2198
f 1191/2261/2196 3360/2264/2199 3363/2267/2202 1192/2262/2197
f 3369/2276/2211 3370/2277/2212 3373/2278/2213 3372/2279/2214
f 3370/2277/2212 3371/2280/2215 3374/2281/2216 3373/2278/2213
f 3372/2279/2214 3373/2278/2213 3376/2282/2217 3375/2283/2218
f 3373/2278/2213 3374/2281/2216 3377/2284/2219 3376/2282/2217
f 28/1024/984 725/1026/986 3369/2276/2211 1194/2273/2208
f 725/1026/986 724/1039/999 3370/2277/2212 3369/2276/2211
f 724/1039/999 723/1037/997 3371/2280/2215 3370/2277/2212
f 723/1037/997 25/1038/998 1187/2246/2181 3371/2280/2215
f 3371/2280/2215 1187/2246/2181 1186/2251/2186 3374/2281/2216
f 3374/2281/2216 1186/2251/2186 1185/2250/2185 3377/2284/2219
f 3377/2284/2219 1185/2250/2185 116/1453/1407 539/1847/1797
f 3376/2282/2217 3377/2284/2219 539/1847/1797 538/1846/1796
f 3375/2283/2218 3376/2282/2217 538/1846/1796 537/1845/1795
f 1196/2275/2210 3375/2283/2218 537/1845/1795 120/650/650
f 1195/2274/2209 3372/2279/2214 3375/2283/2218 1196/2275/2210
f 1194/2273/2208 3369/2276/2211 3372/2279/2214 1195/2274/2209
f 3378/2285/2220 3379/2286/2221 3382/2287/2222 3381/2288/2223
f 3379/2286/2221 3380/2289/2224 3383/2290/2225 3382/2287/2222
f 3381/2288/2223 3382/2287/2222 3385/2291/2226 3384/2292/2227
f 3382/2287/2222 3383/2290/2225 3386/2293/2228 3385/2291/2226
f 29/1013/973 926/1011/971 3378/2285/2220 1199/2294/2229
f 926/1011/971 925/1010/970 3379/2286/2221 3378/2285/2220
f 925/1010/970 924/1009/969 3380/2289/2224 3379/2286/2221
f 924/1009/969 30/1008/968 1200/2295/2230 3380/2289/2224
f 3380/2289/2224 1200/2295/2230 1201/2296/2231 3383/2290/2225
f 3383/2290/2225 1201/2296/2231 1202/2297/2232 3386/2293/2228
f 3386/2293/2228 1202/2297/2232 115/1414/1368 513/1416/1370
f 3385/2291/2226 3386/2293/2228 513/1416/1370 514/1423/1377
f 3384/2292/2227 3385/2291/2226 514/1423/1377 515/1422/1376
f 1197/2298/2233 3384/2292/2227 515/1422/1376 154/330/330
f 1198/2299/2234 3381/2288/2223 3384/2292/2227 1197/2298/2233
f 1199/2294/2229 3378/2285/2220 3381/2288/2223 1198/2299/2234
f 3387/2300/2235 3388/2301/2236 3391/2302/2237 3390/2303/2238
f 3388/2301/2236 3389/2304/2239 3392/2305/2240 3391/2302/2237
f 3390/2303/2238 3391/2302/2237 3394/2306/2241 3393/2307/2242
f 3391/2302/2237 3392/2305/2240 3395/2308/2243 3394/2306/2241
f 30/1008/968 923/1007/967 3387/2300/2235 1200/2295/2230
f 923/1007/967 922/1006/966 3388/2301/2236 3387/2300/2235
f 922/1006/966 921/1005/965 3389/2304/2239 3388/2301/2236
f 921/1005/965 31/1004/964 1203/2309/2244 3389/2304/2239
f 3389/2304/2239 1203/2309/2244 1204/2310/2245 3392/2305/2240
f 3392/2305/2240 1204/2310/2245 1205/2311/2246 3395/2308/2243
f 3395/2308/2243 1205/2311/2246 119/606/606 504/1853/1803
f 3394/2306/2241 3395/2308/2243 504/1853/1803 505/1852/1802
f 3393/2307/2242 3394/2306/2241 505/1852/1802 506/1851/1801
f 1202/2297/2232 3393/2307/2242 506/1851/1801 115/1414/1368
f 1201/2296/2231 3390/2303/2238 3393/2307/2242 1202/2297/2232
f 1200/2295/2230 3387/2300/2235 3390/2303/2238 1201/2296/2231
f 3396/2312/2247 3397/2313/2248 3400/2314/2249 3399/2315/2250
f 3397/2313/2248 3398/2316/2251 3401/2317/2252 3400/2314/2249
f 3399/2315/2250 3400/2314/2249 3403/2318/2253 3402/2319/2254
f 3400/2314/2249 3401/2317/2252 3404/2320/2255 3403/2318/2253
f 31/1004/964 920/1003/963 3396/2312/2247 1203/2309/2244
f 920/1003/963 919/1002/962 3397/2313/2248 3396/2312/2247
f 919/1002/962 918/1000/960 3398/2316/2251 3397/2313/2248
f 918/1000/960 32/999/959 1206/2321/2256 3398/2316/2251
f 3398/2316/2251 1206/2321/2256 1207/2322/2257 3401/2317/2252
f 3401/2317/2252 1207/2322/2257 1208/2323/2258 3404/2320/2255
f 3404/2320/2255 1208/2323/2258 122/325/325 1016/609/609
f 3403/2318/2253 3404/2320/2255 1016/609/609 1015/608/608
f 3402/2319/2254 3403/2318/2253 1015/608/608 1014/607/607
f 1205/2311/2246 3402/2319/2254 1014/607/607 119/606/606
f 1204/2310/2245 3399/2315/2250 3402/2319/2254 1205/2311/2246
f 1203/2309/2244 3396/2312/2247 3399/2315/2250 1204/2310/2245
f 3405/2324/2259 3406/2325/2260 3409/2326/2261 3408/2327/2262
f 3406/2325/2260 3407/2328/2263 3410/2329/2264 3409/2326/2261
f 3408/2327/2262 3409/2326/2261 3412/2330/2265 3411/2331/2266
f 3409/2326/2261 3410/2329/2264 3413/2332/2267 3412/2330/2265
f 32/999/959 917/1001/961 3405/2324/2259 1206/2321/2256
f 917/1001/961 916/1014/974 3406/2325/2260 3405/2324/2259
f 916/1014/974 915/1012/972 3407/2328/2263 3406/2325/2260
f 915/1012/972 29/1013/973 1199/2294/2229 3407/2328/2263
f 3407/2328/2263 1199/2294/2229 1198/2299/2234 3410/2329/2264
f 3410/2329/2264 1198/2299/2234 1197/2298/2233 3413/2332/2267
f 3413/2332/2267 1197/2298/2233 154/330/330 419/332/332
f 3412/2330/2265 3413/2332/2267 419/332/332 418/328/328
f 3411/2331/2266 3412/2330/2265 418/328/328 417/326/326
f 1208/2323/2258 3411/2331/2266 417/326/326 122/325/325
f 1207/2322/2257 3408/2327/2262 3411/2331/2266 1208/2323/2258
f 1206/2321/2256 3405/2324/2259 3408/2327/2262 1207/2322/2257
f 3414/2333/2268 3415/2334/2269 3418/2335/2270 3417/2336/2271
f 3415/2334/2269 3416/2337/2272 3419/2338/2273 3418/2335/2270
f 3417/2336/2271 3418/2335/2270 3421/2339/2274 3420/2340/2275
f 3418/2335/2270 3419/2338/2273 3422/2341/2276 3421/2339/2274
f 33/2342/2277 1212/2343/2278 3414/2333/2268 1211/2344/2279
f 1212/2343/2278 1213/2345/2280 3415/2334/2269 3414/2333/2268
f 1213/2345/2280 1214/2346/2281 3416/2337/2272 3415/2334/2269
f 1214/2346/2281 34/2347/2282 1215/2348/2283 3416/2337/2272
f 3416/2337/2272 1215/2348/2283 1216/2349/2284 3419/2338/2273
f 3419/2338/2273 1216/2349/2284 1217/2350/2285 3422/2341/2276
f 3422/2341/2276 1217/2350/2285 153/778/778 530/1448/1402
f 3421/2339/2274 3422/2341/2276 530/1448/1402 529/1454/1408
f 3420/2340/2275 3421/2339/2274 529/1454/1408 528/1452/1406
f 1209/2351/2286 3420/2340/2275 528/1452/1406 116/1453/1407
f 1210/2352/2287 3417/2336/2271 3420/2340/2275 1209/2351/2286
f 1211/2344/2279 3414/2333/2268 3417/2336/2271 1210/2352/2287
f 3423/2353/2288 3424/2354/2289 3427/2355/2290 3426/2356/2291
f 3424/2354/2289 3425/2357/2292 3428/2358/2293 3427/2355/2290
f 3426/2356/2291 3427/2355/2290 3430/2359/2294 3429/2360/2295
f 3427/2355/2290 3428/2358/2293 3431/2361/2296 3430/2359/2294
f 34/2347/2282 1218/2362/2297 3423/2353/2288 1215/2348/2283
f 1218/2362/2297 1219/2363/2298 3424/2354/2289 3423/2353/2288
f 1219/2363/2298 1220/2364/2299 3425/2357/2292 3424/2354/2289
f 1220/2364/2299 35/2365/2300 1221/2366/2301 3425/2357/2292
f 3425/2357/2292 1221/2366/2301 1222/2367/2302 3428/2358/2293
f 3428/2358/2293 1222/2367/2302 1223/2368/2303 3431/2361/2296
f 3431/2361/2296 1223/2368/2303 121/630/630 536/784/784
f 3430/2359/2294 3431/2361/2296 536/784/784 535/781/781
f 3429/2360/2295 3430/2359/2294 535/781/781 534/779/779
f 1217/2350/2285 3429/2360/2295 534/779/779 153/778/778
f 1216/2349/2284 3426/2356/2291 3429/2360/2295 1217/2350/2285
f 1215/2348/2283 3423/2353/2288 3426/2356/2291 1216/2349/2284
f 3432/2369/2304 3433/2370/2305 3436/2371/2306 3435/2372/2307
f 3433/2370/2305 3434/2373/2308 3437/2374/2309 3436/2371/2306
f 3435/2372/2307 3436/2371/2306 3439/2375/2310 3438/2376/2311
f 3436/2371/2306 3437/2374/2309 3440/2377/2312 3439/2375/2310
f 35/2365/2300 1224/2378/2313 3432/2369/2304 1221/2366/2301
f 1224/2378/2313 1225/2379/2314 3433/2370/2305 3432/2369/2304
f 1225/2379/2314 1226/2380/2315 3434/2373/2308 3433/2370/2305
f 1226/2380/2315 36/2381/2316 1227/2382/2317 3434/2373/2308
f 3434/2373/2308 1227/2382/2317 1228/2383/2318 3437/2374/2309
f 3437/2374/2309 1228/2383/2318 1229/2384/2319 3440/2377/2312
f 3440/2377/2312 1229/2384/2319 120/650/650 1010/648/648
f 3439/2375/2310 3440/2377/2312 1010/648/648 1009/647/647
f 3438/2376/2311 3439/2375/2310 1009/647/647 1008/646/646
f 1223/2368/2303 3438/2376/2311 1008/646/646 121/630/630
f 1222/2367/2302 3435/2372/2307 3438/2376/2311 1223/2368/2303
f 1221/2366/2301 3432/2369/2304 3435/2372/2307 1222/2367/2302
f 3441/2385/2320 3442/2386/2321 3445/2387/2322 3444/2388/2323
f 3442/2386/2321 3443/2389/2324 3446/2390/2325 3445/2387/2322
f 3444/2388/2323 3445/2387/2322 3448/2391/2326 3447/2392/2327
f 3445/2387/2322 3446/2390/2325 3449/2393/2328 3448/2391/2326
f 36/2381/2316 1230/2394/2329 3441/2385/2320 1227/2382/2317
f 1230/2394/2329 1231/2395/2330 3442/2386/2321 3441/2385/2320
f 1231/2395/2330 1232/2396/2331 3443/2389/2324 3442/2386/2321
f 1232/2396/2331 33/2342/2277 1211/2344/2279 3443/2389/2324
f 3443/2389/2324 1211/2344/2279 1210/2352/2287 3446/2390/2325
f 3446/2390/2325 1210/2352/2287 1209/2351/2286 3449/2393/2328
f 3449/2393/2328 1209/2351/2286 116/1453/1407 539/1847/1797
f 3448/2391/2326 3449/2393/2328 539/1847/1797 538/1846/1796
f 3447/2392/2327 3448/2391/2326 538/1846/1796 537/1845/1795
f 1229/2384/2319 3447/2392/2327 537/1845/1795 120/650/650
f 1228/2383/2318 3444/2388/2323 3447/2392/2327 1229/2384/2319
f 1227/2382/2317 3441/2385/2320 3444/2388/2323 1228/2383/2318
f 3450/2397/2332 3451/2398/2333 3454/2399/2334 3453/2400/2335
f 3451/2398/2333 3452/2401/2336 3455/2402/2337 3454/2399/2334
f 3453/2400/2335 3454/2399/2334 3457/2403/2338 3456/2404/2339
f 3454/2399/2334 3455/2402/2337 3458/2405/2340 3457/2403/2338
f 155/2406/2341 1236/2407/2342 3450/2397/2332 1235/2408/2343
f 1236/2407/2342 1237/2409/2344 3451/2398/2333 3450/2397/2332
f 1237/2409/2344 1238/2410/2345 3452/2401/2336 3451/2398/2333
f 1238/2410/2345 156/2411/2346 1239/2412/2347 3452/2401/2336
f 3452/2401/2336 1239/2412/2347 1240/2413/2348 3455/2402/2337
f 3455/2402/2337 1240/2413/2348 1241/2414/2349 3458/2405/2340
f 3458/2405/2340 1241/2414/2349 34/2347/2282 1214/2346/2281
f 3457/2403/2338 3458/2405/2340 1214/2346/2281 1213/2345/2280
f 3456/2404/2339 3457/2403/2338 1213/2345/2280 1212/2343/2278
f 1233/2415/2350 3456/2404/2339 1212/2343/2278 33/2342/2277
f 1234/2416/2351 3453/2400/2335 3456/2404/2339 1233/2415/2350
f 1235/2408/2343 3450/2397/2332 3453/2400/2335 1234/2416/2351
f 3459/2417/2352 3460/2418/2353 3463/2419/2354 3462/2420/2355
f 3460/2418/2353 3461/2421/2356 3464/2422/2357 3463/2419/2354
f 3462/2420/2355 3463/2419/2354 3466/2423/2358 3465/2424/2359
f 3463/2419/2354 3464/2422/2357 3467/2425/2360 3466/2423/2358
f 156/2411/2346 1242/2426/2361 3459/2417/2352 1239/2412/2347
f 1242/2426/2361 1243/2427/2362 3460/2418/2353 3459/2417/2352
f 1243/2427/2362 1244/2428/2363 3461/2421/2356 3460/2418/2353
f 1244/2428/2363 157/2429/2364 1245/2430/2365 3461/2421/2356
f 3461/2421/2356 1245/2430/2365 1246/2431/2366 3464/2422/2357
f 3464/2422/2357 1246/2431/2366 1247/2432/2367 3467/2425/2360
f 3467/2425/2360 1247/2432/2367 35/2365/2300 1220/2364/2299
f 3466/2423/2358 3467/2425/2360 1220/2364/2299 1219/2363/2298
f 3465/2424/2359 3466/2423/2358 1219/2363/2298 1218/2362/2297
f 1241/2414/2349 3465/2424/2359 1218/2362/2297 34/2347/2282
f 1240/2413/2348 3462/2420/2355 3465/2424/2359 1241/2414/2349
f 1239/2412/2347 3459/2417/2352 3462/2420/2355 1240/2413/2348
f 3468/2433/2368 3469/2434/2369 3472/2435/2370 3471/2436/2371
f 3469/2434/2369 3470/2437/2372 3473/2438/2373 3472/2435/2370
f 3471/2436/2371 3472/2435/2370 3475/2439/2374 3474/2440/2375
f 3472/2435/2370 3473/2438/2373 3476/2441/2376 3475/2439/2374
f 157/2429/2364 1248/2442/2377 3468/2433/2368 1245/2430/2365
f 1248/2442/2377 1249/2443/2378 3469/2434/2369 3468/2433/2368
f 1249/2443/2378 1250/2444/2379 3470/2437/2372 3469/2434/2369
f 1250/2444/2379 158/2445/2380 1251/2446/2381 3470/2437/2372
f 3470/2437/2372 1251/2446/2381 1252/2447/2382 3473/2438/2373
f 3473/2438/2373 1252/2447/2382 1253/2448/2383 3476/2441/2376
f 3476/2441/2376 1253/2448/2383 36/2381/2316 1226/2380/2315
f 3475/2439/2374 3476/2441/2376 1226/2380/2315 1225/2379/2314
f 3474/2440/2375 3475/2439/2374 1225/2379/2314 1224/2378/2313
f 1247/2432/2367 3474/2440/2375 1224/2378/2313 35/2365/2300
f 1246/2431/2366 3471/2436/2371 3474/2440/2375 1247/2432/2367
f 1245/2430/2365 3468/2433/2368 3471/2436/2371 1246/2431/2366
f 3477/2449/2384 3478/2450/2385 3481/2451/2386 3480/2452/2387
f 3478/2450/2385 3479/2453/2388 3482/2454/2389 3481/2451/2386
f 3480/2452/2387 3481/2451/2386 3484/2455/2390 3483/2456/2391
f 3481/2451/2386 3482/2454/2389 3485/2457/2392 3484/2455/2390
f 158/2445/2380 1254/2458/2393 3477/2449/2384 1251/2446/2381
f 1254/2458/2393 1255/2459/2394 3478/2450/2385 3477/2449/2384
f 1255/2459/2394 1256/2460/2395 3479/2453/2388 3478/2450/2385
f 1256/2460/2395 155/2406/2341 1235/2408/2343 3479/2453/2388
f 3479/2453/2388 1235/2408/2343 1234/2416/2351 3482/2454/2389
f 3482/2454/2389 1234/2416/2351 1233/2415/2350 3485/2457/2392
f 3485/2457/2392 1233/2415/2350 33/2342/2277 1232/2396/2331
f 3484/2455/2390 3485/2457/2392 1232/2396/2331 1231/2395/2330
f 3483/2456/2391 3484/2455/2390 1231/2395/2330 1230/2394/2329
f 1253/2448/2383 3483/2456/2391 1230/2394/2329 36/2381/2316
f 1252/2447/2382 3480/2452/2387 3483/2456/2391 1253/2448/2383
f 1251/2446/2381 3477/2449/2384 3480/2452/2387 1252/2447/2382
f 3486/2461/2396 3487/2462/2397 3490/2463/2398 3489/2464/2399
f 3487/2462/2397 3488/2465/2400 3491/2466/2401 3490/2463/2398
f 3489/2464/2399 3490/2463/2398 3493/2467/2402 3492/2468/2403
f 3490/2463/2398 3491/2466/2401 3494/2469/2404 3493/2467/2402
f 159/2470/2405 1260/2471/2406 3486/2461/2396 1259/2472/2407
f 1260/2471/2406 1261/2473/2408 3487/2462/2397 3486/2461/2396
f 1261/2473/2408 1262/2474/2409 3488/2465/2400 3487/2462/2397
f 1262/2474/2409 160/2475/2410 1263/2476/2410 3488/2465/2400
f 3488/2465/2400 1263/2476/2410 1264/2477/2411 3491/2466/2401
f 3491/2466/2401 1264/2477/2411 1265/2478/2412 3494/2469/2404
f 3494/2469/2404 1265/2478/2412 156/2411/2346 1238/2410/2345
f 3493/2467/2402 3494/2469/2404 1238/2410/2345 1237/2409/2344
f 3492/2468/2403 3493/2467/2402 1237/2409/2344 1236/2407/2342
f 1257/2479/2413 3492/2468/2403 1236/2407/2342 155/2406/2341
f 1258/2480/2414 3489/2464/2399 3492/2468/2403 1257/2479/2413
f 1259/2472/2407 3486/2461/2396 3489/2464/2399 1258/2480/2414
f 3495/2481/2415 3496/2482/2416 3499/2483/2417 3498/2484/2418
f 3496/2482/2416 3497/2485/2419 3500/2486/2420 3499/2483/2417
f 3498/2484/2418 3499/2483/2417 3502/2487/2421 3501/2488/2422
f 3499/2483/2417 3500/2486/2420 3503/2489/2423 3502/2487/2421
f 160/2475/2410 1266/2490/2424 3495/2481/2415 1263/2476/2410
f 1266/2490/2424 1267/2491/2425 3496/2482/2416 3495/2481/2415
f 1267/2491/2425 1268/2492/2426 3497/2485/2419 3496/2482/2416
f 1268/2492/2426 161/2493/2427 1269/2494/2428 3497/2485/2419
f 3497/2485/2419 1269/2494/2428 1270/2495/2429 3500/2486/2420
f 3500/2486/2420 1270/2495/2429 1271/2496/2430 3503/2489/2423
f 3503/2489/2423 1271/2496/2430 157/2429/2364 1244/2428/2363
f 3502/2487/2421 3503/2489/2423 1244/2428/2363 1243/2427/2362
f 3501/2488/2422 3502/2487/2421 1243/2427/2362 1242/2426/2361
f 1265/2478/2412 3501/2488/2422 1242/2426/2361 156/2411/2346
f 1264/2477/2411 3498/2484/2418 3501/2488/2422 1265/2478/2412
f 1263/2476/2410 3495/2481/2415 3498/2484/2418 1264/2477/2411
f 3504/2497/2431 3505/2498/2432 3508/2499/2433 3507/2500/2434
f 3505/2498/2432 3506/2501/2435 3509/2502/2436 3508/2499/2433
f 3507/2500/2434 3508/2499/2433 3511/2503/2437 3510/2504/2438
f 3508/2499/2433 3509/2502/2436 3512/2505/2439 3511/2503/2437
f 161/2493/2427 1272/2506/2440 3504/2497/2431 1269/2494/2428
f 1272/2506/2440 1273/2507/2441 3505/2498/2432 3504/2497/2431
f 1273/2507/2441 1274/2508/2442 3506/2501/2435 3505/2498/2432
f 1274/2508/2442 162/2509/2443 1275/2510/2444 3506/2501/2435
f 3506/2501/2435 1275/2510/2444 1276/2511/2445 3509/2502/2436
f 3509/2502/2436 1276/2511/2445 1277/2512/2446 3512/2505/2439
f 3512/2505/2439 1277/2512/2446 158/2445/2380 1250/2444/2379
f 3511/2503/2437 3512/2505/2439 1250/2444/2379 1249/2443/2378
f 3510/2504/2438 3511/2503/2437 1249/2443/2378 1248/2442/2377
f 1271/2496/2430 3510/2504/2438 1248/2442/2377 157/2429/2364
f 1270/2495/2429 3507/2500/2434 3510/2504/2438 1271/2496/2430
f 1269/2494/2428 3504/2497/2431 3507/2500/2434 1270/2495/2429
f 3513/2513/2447 3514/2514/2448 3517/2515/2449 3516/2516/2450
f 3514/2514/2448 3515/2517/2451 3518/2518/2452 3517/2515/2449
f 3516/2516/2450 3517/2515/2449 3520/2519/2453 3519/2520/2454
f 3517/2515/2449 3518/2518/2452 3521/2521/2455 3520/2519/2453
f 162/2509/2443 1278/2522/2456 3513/2513/2447 1275/2510/2444
f 1278/2522/2456 1279/2523/2457 3514/2514/2448 3513/2513/2447
f 1279/2523/2457 1280/2524/2458 3515/2517/2451 3514/2514/2448
f 1280/2524/2458 159/2470/2405 1259/2472/2407 3515/2517/2451
f 3515/2517/2451 1259/2472/2407 1258/2480/2414 3518/2518/2452
f 3518/2518/2452 1258/2480/2414 1257/2479/2413 3521/2521/2455
f 3521/2521/2455 1257/2479/2413 155/2406/2341 1256/2460/2395
f 3520/2519/2453 3521/2521/2455 1256/2460/2395 1255/2459/2394
f 3519/2520/2454 3520/2519/2453 1255/2459/2394 1254/2458/2393
f 1277/2512/2446 3519/2520/2454 1254/2458/2393 158/2445/2380
f 1276/2511/2445 3516/2516/2450 3519/2520/2454 1277/2512/2446
f 1275/2510/2444 3513/2513/2447 3516/2516/2450 1276/2511/2445
f 3522/2525/2459 3523/2526/2460 3526/2527/2461 3525/2528/2462
f 3523/2526/2460 3524/2529/2463 3527/2530/2464 3526/2527/2461
f 3525/2528/2462 3526/2527/2461 3529/2531/2465 3528/2532/2466
f 3526/2527/2461 3527/2530/2464 3530/2533/2467 3529/2531/2465
f 37/2534/2468 1284/2535/2469 3522/2525/2459 1283/2536/2470
f 1284/2535/2469 1285/2537/2471 3523/2526/2460 3522/2525/2459
f 1285/2537/2471 1286/2538/2472 3524/2529/2463 3523/2526/2460
f 1286/2538/2472 38/2539/2473 1287/2540/2474 3524/2529/2463
f 3524/2529/2463 1287/2540/2474 1288/2541/2475 3527/2530/2464
f 3527/2530/2464 1288/2541/2475 1289/2542/2476 3530/2533/2467
f 3530/2533/2467 1289/2542/2476 160/2475/2410 1262/2474/2409
f 3529/2531/2465 3530/2533/2467 1262/2474/2409 1261/2473/2408
f 3528/2532/2466 3529/2531/2465 1261/2473/2408 1260/2471/2406
f 1281/2543/2477 3528/2532/2466 1260/2471/2406 159/2470/2405
f 1282/2544/2478 3525/2528/2462 3528/2532/2466 1281/2543/2477
f 1283/2536/2470 3522/2525/2459 3525/2528/2462 1282/2544/2478
f 3531/2545/2479 3532/2546/2480 3535/2547/2481 3534/2548/2482
f 3532/2546/2480 3533/2549/2483 3536/2550/2484 3535/2547/2481
f 3534/2548/2482 3535/2547/2481 3538/2551/2485 3537/2552/2486
f 3535/2547/2481 3536/2550/2484 3539/2553/2487 3538/2551/2485
f 38/2539/2473 1290/2554/2488 3531/2545/2479 1287/2540/2474
f 1290/2554/2488 1291/2555/2489 3532/2546/2480 3531/2545/2479
f 1291/2555/2489 1292/2556/2490 3533/2549/2483 3532/2546/2480
f 1292/2556/2490 39/2557/2491 1293/2558/2492 3533/2549/2483
f 3533/2549/2483 1293/2558/2492 1294/2559/2493 3536/2550/2484
f 3536/2550/2484 1294/2559/2493 1295/2560/2494 3539/2553/2487
f 3539/2553/2487 1295/2560/2494 161/2493/2427 1268/2492/2426
f 3538/2551/2485 3539/2553/2487 1268/2492/2426 1267/2491/2425
f 3537/2552/2486 3538/2551/2485 1267/2491/2425 1266/2490/2424
f 1289/2542/2476 3537/2552/2486 1266/2490/2424 160/2475/2410
f 1288/2541/2475 3534/2548/2482 3537/2552/2486 1289/2542/2476
f 1287/2540/2474 3531/2545/2479 3534/2548/2482 1288/2541/2475
f 3540/2561/2495 3541/2562/2496 3544/2563/2497 3543/2564/2498
f 3541/2562/2496 3542/2565/2499 3545/2566/2500 3544/2563/2497
f 3543/2564/2498 3544/2563/2497 3547/2567/2501 3546/2568/2502
f 3544/2563/2497 3545/2566/2500 3548/2569/2503 3547/2567/2501
f 39/2557/2491 1296/2570/2504 3540/2561/2495 1293/2558/2492
f 1296/2570/2504 1297/2571/2496 3541/2562/2496 3540/2561/2495
f 1297/2571/2496 1298/2572/2505 3542/2565/2499 3541/2562/2496
f 1298/2572/2505 40/2573/2506 1299/2574/2507 3542/2565/2499
f 3542/2565/2499 1299/2574/2507 1300/2575/2508 3545/2566/2500
f 3545/2566/2500 1300/2575/2508 1301/2576/2509 3548/2569/2503
f 3548/2569/2503 1301/2576/2509 162/2509/2443 1274/2508/2442
f 3547/2567/2501 3548/2569/2503 1274/2508/2442 1273/2507/2441
f 3546/2568/2502 3547/2567/2501 1273/2507/2441 1272/2506/2440
f 1295/2560/2494 3546/2568/2502 1272/2506/2440 161/2493/2427
f 1294/2559/2493 3543/2564/2498 3546/2568/2502 1295/2560/2494
f 1293/2558/2492 3540/2561/2495 3543/2564/2498 1294/2559/2493
f 3549/2577/2510 3550/2578/2511 3553/2579/2512 3552/2580/2513
f 3550/2578/2511 3551/2581/2514 3554/2582/2515 3553/2579/2512
f 3552/2580/2513 3553/2579/2512 3556/2583/2516 3555/2584/2517
f 3553/2579/2512 3554/2582/2515 3557/2585/2518 3556/2583/2516
f 40/2573/2506 1302/2586/2519 3549/2577/2510 1299/2574/2507
f 1302/2586/2519 1303/2587/2520 3550/2578/2511 3549/2577/2510
f 1303/2587/2520 1304/2588/2521 3551/2581/2514 3550/2578/2511
f 1304/2588/2521 37/2534/2468 1283/2536/2470 3551/2581/2514
f 3551/2581/2514 1283/2536/2470 1282/2544/2478 3554/2582/2515
f 3554/2582/2515 1282/2544/2478 1281/2543/2477 3557/2585/2518
f 3557/2585/2518 1281/2543/2477 159/2470/2405 1280/2524/2458
f 3556/2583/2516 3557/2585/2518 1280/2524/2458 1279/2523/2457
f 3555/2584/2517 3556/2583/2516 1279/2523/2457 1278/2522/2456
f 1301/2576/2509 3555/2584/2517 1278/2522/2456 162/2509/2443
f 1300/2575/2508 3552/2580/2513 3555/2584/2517 1301/2576/2509
f 1299/2574/2507 3549/2577/2510 3552/2580/2513 1300/2575/2508
f 3558/2589/2522 3559/2590/2523 3562/2591/2524 3561/2592/2525
f 3559/2590/2523 3560/2593/2526 3563/2594/2527 3562/2591/2524
f 3561/2592/2525 3562/2591/2524 3565/2595/2528 3564/2596/2529
f 3562/2591/2524 3563/2594/2527 3566/2597/2530 3565/2595/2528
f 163/2598/2531 1308/2599/2532 3558/2589/2522 1307/2600/2533
f 1308/2599/2532 1309/2601/2534 3559/2590/2523 3558/2589/2522
f 1309/2601/2534 1310/2602/2535 3560/2593/2526 3559/2590/2523
f 1310/2602/2535 164/2603/2536 1311/2604/2537 3560/2593/2526
f 3560/2593/2526 1311/2604/2537 1312/2605/2538 3563/2594/2527
f 3563/2594/2527 1312/2605/2538 1313/2606/2539 3566/2597/2530
f 3566/2597/2530 1313/2606/2539 38/2539/2473 1286/2538/2472
f 3565/2595/2528 3566/2597/2530 1286/2538/2472 1285/2537/2471
f 3564/2596/2529 3565/2595/2528 1285/2537/2471 1284/2535/2469
f 1305/2607/2540 3564/2596/2529 1284/2535/2469 37/2534/2468
f 1306/2608/2541 3561/2592/2525 3564/2596/2529 1305/2607/2540
f 1307/2600/2533 3558/2589/2522 3561/2592/2525 1306/2608/2541
f 3567/2609/2542 3568/2610/2543 3571/2611/2544 3570/2612/2545
f 3568/2610/2543 3569/2613/2546 3572/2614/2547 3571/2611/2544
f 3570/2612/2545 3571/2611/2544 3574/2615/2548 3573/2616/2549
f 3571/2611/2544 3572/2614/2547 3575/2617/2550 3574/2615/2548
f 164/2603/2536 1314/2618/2551 3567/2609/2542 1311/2604/2537
f 1314/2618/2551 1315/2619/2552 3568/2610/2543 3567/2609/2542
f 1315/2619/2552 1316/2620/2553 3569/2613/2546 3568/2610/2543
f 1316/2620/2553 165/2621/2554 1317/2622/2555 3569/2613/2546
f 3569/2613/2546 1317/2622/2555 1318/2623/2556 3572/2614/2547
f 3572/2614/2547 1318/2623/2556 1319/2624/2557 3575/2617/2550
f 3575/2617/2550 1319/2624/2557 39/2557/2491 1292/2556/2490
f 3574/2615/2548 3575/2617/2550 1292/2556/2490 1291/2555/2489
f 3573/2616/2549 3574/2615/2548 1291/2555/2489 1290/2554/2488
f 1313/2606/2539 3573/2616/2549 1290/2554/2488 38/2539/2473
f 1312/2605/2538 3570/2612/2545 3573/2616/2549 1313/2606/2539
f 1311/2604/2537 3567/2609/2542 3570/2612/2545 1312/2605/2538
f 3576/2625/2558 3577/2626/2559 3580/2627/2497 3579/2628/2560
f 3577/2626/2559 3578/2629/2561 3581/2630/2562 3580/2627/2497
f 3579/2628/2560 3580/2627/2497 3583/2631/2497 3582/2632/2563
f 3580/2627/2497 3581/2630/2562 3584/2633/2564 3583/2631/2497
f 165/2621/2554 1320/2634/2565 3576/2625/2558 1317/2622/2555
f 1320/2634/2565 1321/2635/2441 3577/2626/2559 3576/2625/2558
f 1321/2635/2441 1322/2636/2566 3578/2629/2561 3577/2626/2559
f 1322/2636/2566 166/2637/2567 1323/2638/2568 3578/2629/2561
f 3578/2629/2561 1323/2638/2568 1324/2639/2569 3581/2630/2562
f 3581/2630/2562 1324/2639/2569 1325/2640/2570 3584/2633/2564
f 3584/2633/2564 1325/2640/2570 40/2573/2506 1298/2572/2505
f 3583/2631/2497 3584/2633/2564 1298/2572/2505 1297/2571/2496
f 3582/2632/2563 3583/2631/2497 1297/2571/2496 1296/2570/2504
f 1319/2624/2557 3582/2632/2563 1296/2570/2504 39/2557/2491
f 1318/2623/2556 3579/2628/2560 3582/2632/2563 1319/2624/2557
f 1317/2622/2555 3576/2625/2558 3579/2628/2560 1318/2623/2556
f 3585/2641/2571 3586/2642/2572 3589/2643/2573 3588/2644/2574
f 3586/2642/2572 3587/2645/2575 3590/2646/2576 3589/2643/2573
f 3588/2644/2574 3589/2643/2573 3592/2647/2577 3591/2648/2578
f 3589/2643/2573 3590/2646/2576 3593/2649/2579 3592/2647/2577
f 166/2637/2567 1326/2650/2580 3585/2641/2571 1323/2638/2568
f 1326/2650/2580 1327/2651/2581 3586/2642/2572 3585/2641/2571
f 1327/2651/2581 1328/2652/2582 3587/2645/2575 3586/2642/2572
f 1328/2652/2582 163/2598/2531 1307/2600/2533 3587/2645/2575
f 3587/2645/2575 1307/2600/2533 1306/2608/2541 3590/2646/2576
f 3590/2646/2576 1306/2608/2541 1305/2607/2540 3593/2649/2579
f 3593/2649/2579 1305/2607/2540 37/2534/2468 1304/2588/2521
f 3592/2647/2577 3593/2649/2579 1304/2588/2521 1303/2587/2520
f 3591/2648/2578 3592/2647/2577 1303/2587/2520 1302/2586/2519
f 1325/2640/2570 3591/2648/2578 1302/2586/2519 40/2573/2506
f 1324/2639/2569 3588/2644/2574 3591/2648/2578 1325/2640/2570
f 1323/2638/2568 3585/2641/2571 3588/2644/2574 1324/2639/2569
f 3594/2653/2583 3595/2654/2584 3598/2655/2584 3597/2656/2583
f 3595/2654/2584 3596/2657/2585 3599/2658/2586 3598/2655/2584
f 3597/2656/2583 3598/2655/2584 3601/2659/2587 3600/2660/2588
f 3598/2655/2584 3599/2658/2586 3602/2661/2586 3601/2659/2587
f 167/2662/2589 1332/2663/2583 3594/2653/2583 1331/2664/2590
f 1332/2663/2583 1333/2665/2584 3595/2654/2584 3594/2653/2583
f 1333/2665/2584 1334/2666/2586 3596/2657/2585 3595/2654/2584
f 1334/2666/2586 168/2667/2591 1335/2668/2591 3596/2657/2585
f 3596/2657/2585 1335/2668/2591 1336/2669/2591 3599/2658/2586
f 3599/2658/2586 1336/2669/2591 1337/2670/2592 3602/2661/2586
f 3602/2661/2586 1337/2670/2592 164/2603/2536 1310/2602/2535
f 3601/2659/2587 3602/2661/2586 1310/2602/2535 1309/2601/2534
f 3600/2660/2588 3601/2659/2587 1309/2601/2534 1308/2599/2532
f 1329/2671/2593 3600/2660/2588 1308/2599/2532 163/2598/2531
f 1330/2672/2594 3597/2656/2583 3600/2660/2588 1329/2671/2593
f 1331/2664/2590 3594/2653/2583 3597/2656/2583 1330/2672/2594
f 3603/2673/2595 3604/2674/2596 3607/2675/2596 3606/2676/2595
f 3604/2674/2596 3605/2677/2597 3608/2678/2597 3607/2675/2596
f 3606/2676/2595 3607/2675/2596 3610/2679/2598 3609/2680/2599
f 3607/2675/2596 3608/2678/2597 3611/2681/2600 3610/2679/2598
f 168/2667/2591 1338/2682/2595 3603/2673/2595 1335/2668/2591
f 1338/2682/2595 1339/2683/2596 3604/2674/2596 3603/2673/2595
f 1339/2683/2596 1340/2684/2597 3605/2677/2597 3604/2674/2596
f 1340/2684/2597 169/2685/2601 1341/2686/2601 3605/2677/2597
f 3605/2677/2597 1341/2686/2601 1342/2687/2601 3608/2678/2597
f 3608/2678/2597 1342/2687/2601 1343/2688/2602 3611/2681/2600
f 3611/2681/2600 1343/2688/2602 165/2621/2554 1316/2620/2553
f 3610/2679/2598 3611/2681/2600 1316/2620/2553 1315/2619/2552
f 3609/2680/2599 3610/2679/2598 1315/2619/2552 1314/2618/2551
f 1337/2670/2592 3609/2680/2599 1314/2618/2551 164/2603/2536
f 1336/2669/2591 3606/2676/2595 3609/2680/2599 1337/2670/2592
f 1335/2668/2591 3603/2673/2595 3606/2676/2595 1336/2669/2591
f 3612/2689/2603 3613/2690/2433 3616/2691/2432 3615/2692/2604
f 3613/2690/2433 3614/2693/2605 3617/2694/2605 3616/2691/2432
f 3615/2692/2604 3616/2691/2432 3619/2695/2606 3618/2696/2607
f 3616/2691/2432 3617/2694/2605 3620/2697/2608 3619/2695/2606
f 169/2685/2601 1344/2698/2603 3612/2689/2603 1341/2686/2601
f 1344/2698/2603 1345/2699/2433 3613/2690/2433 3612/2689/2603
f 1345/2699/2433 1346/2700/2609 3614/2693/2605 3613/2690/2433
f 1346/2700/2609 170/2701/2610 1347/2702/2611 3614/2693/2605
f 3614/2693/2605 1347/2702/2611 1348/2703/2611 3617/2694/2605
f 3617/2694/2605 1348/2703/2611 1349/2704/2612 3620/2697/2608
f 3620/2697/2608 1349/2704/2612 166/2637/2567 1322/2636/2566
f 3619/2695/2606 3620/2697/2608 1322/2636/2566 1321/2635/2441
f 3618/2696/2607 3619/2695/2606 1321/2635/2441 1320/2634/2565
f 1343/2688/2602 3618/2696/2607 1320/2634/2565 165/2621/2554
f 1342/2687/2601 3615/2692/2604 3618/2696/2607 1343/2688/2602
f 1341/2686/2601 3612/2689/2603 3615/2692/2604 1342/2687/2601
f 3621/2705/2613 3622/2706/2614 3625/2707/2614 3624/2708/2615
f 3622/2706/2614 3623/2709/2616 3626/2710/2616 3625/2707/2614
f 3624/2708/2615 3625/2707/2614 3628/2711/2614 3627/2712/2615
f 3625/2707/2614 3626/2710/2616 3629/2713/2617 3628/2711/2614
f 170/2701/2610 1350/2714/2613 3621/2705/2613 1347/2702/2611
f 1350/2714/2613 1351/2715/2614 3622/2706/2614 3621/2705/2613
f 1351/2715/2614 1352/2716/2616 3623/2709/2616 3622/2706/2614
f 1352/2716/2616 167/2662/2589 1331/2664/2590 3623/2709/2616
f 3623/2709/2616 1331/2664/2590 1330/2672/2594 3626/2710/2616
f 3626/2710/2616 1330/2672/2594 1329/2671/2593 3629/2713/2617
f 3629/2713/2617 1329/2671/2593 163/2598/2531 1328/2652/2582
f 3628/2711/2614 3629/2713/2617 1328/2652/2582 1327/2651/2581
f 3627/2712/2615 3628/2711/2614 1327/2651/2581 1326/2650/2580
f 1349/2704/2612 3627/2712/2615 1326/2650/2580 166/2637/2567
f 1348/2703/2611 3624/2708/2615 3627/2712/2615 1349/2704/2612
f 1347/2702/2611 3621/2705/2613 3624/2708/2615 1348/2703/2611
f 3630/2717/2618 3631/2718/2619 3634/2719/2620 3633/2720/2621
f 3631/2718/2619 3632/2721/2622 3635/2722/2623 3634/2719/2620
f 3633/2720/2621 3634/2719/2620 3637/2723/2624 3636/2724/2625
f 3634/2719/2620 3635/2722/2623 3638/2725/2626 3637/2723/2624
f 171/2726/2627 1356/2727/2628 3630/2717/2618 1355/2728/2629
f 1356/2727/2628 1357/2729/2620 3631/2718/2619 3630/2717/2618
f 1357/2729/2620 1358/2730/2630 3632/2721/2622 3631/2718/2619
f 1358/2730/2630 172/2731/2631 1359/2732/2632 3632/2721/2622
f 3632/2721/2622 1359/2732/2632 1360/2733/2633 3635/2722/2623
f 3635/2722/2623 1360/2733/2633 1361/2734/2634 3638/2725/2626
f 3638/2725/2626 1361/2734/2634 168/2667/2591 1334/2666/2586
f 3637/2723/2624 3638/2725/2626 1334/2666/2586 1333/2665/2584
f 3636/2724/2625 3637/2723/2624 1333/2665/2584 1332/2663/2583
f 1353/2735/2635 3636/2724/2625 1332/2663/2583 167/2662/2589
f 1354/2736/2636 3633/2720/2621 3636/2724/2625 1353/2735/2635
f 1355/2728/2629 3630/2717/2618 3633/2720/2621 1354/2736/2636
f 3639/2737/2637 3640/2738/2638 3643/2739/2639 3642/2740/2640
f 3640/2738/2638 3641/2741/2641 3644/2742/2597 3643/2739/2639
f 3642/2740/2640 3643/2739/2639 3646/2743/2596 3645/2744/2642
f 3643/2739/2639 3644/2742/2597 3647/2745/2597 3646/2743/2596
f 172/2731/2631 1362/2746/2643 3639/2737/2637 1359/2732/2632
f 1362/2746/2643 1363/2747/2644 3640/2738/2638 3639/2737/2637
f 1363/2747/2644 1364/2748/2645 3641/2741/2641 3640/2738/2638
f 1364/2748/2645 173/2749/2646 1365/2750/2647 3641/2741/2641
f 3641/2741/2641 1365/2750/2647 1366/2751/2601 3644/2742/2597
f 3644/2742/2597 1366/2751/2601 1367/2752/2601 3647/2745/2597
f 3647/2745/2597 1367/2752/2601 169/2685/2601 1340/2684/2597
f 3646/2743/2596 3647/2745/2597 1340/2684/2597 1339/2683/2596
f 3645/2744/2642 3646/2743/2596 1339/2683/2596 1338/2682/2595
f 1361/2734/2634 3645/2744/2642 1338/2682/2595 168/2667/2591
f 1360/2733/2633 3642/2740/2640 3645/2744/2642 1361/2734/2634
f 1359/2732/2632 3639/2737/2637 3642/2740/2640 1360/2733/2633
f 3648/2753/2648 3649/2754/2437 3652/2755/2649 3651/2756/2650
f 3649/2754/2437 3650/2757/2651 3653/2758/2652 3652/2755/2649
f 3651/2756/2650 3652/2755/2649 3655/2759/2433 3654/2760/2650
f 3652/2755/2649 3653/2758/2652 3656/2761/2609 3655/2759/2433
f 173/2749/2646 1368/2762/2653 3648/2753/2648 1365/2750/2647
f 1368/2762/2653 1369/2763/2654 3649/2754/2437 3648/2753/2648
f 1369/2763/2654 1370/2764/2655 3650/2757/2651 3649/2754/2437
f 1370/2764/2655 174/2765/2656 1371/2766/2610 3650/2757/2651
f 3650/2757/2651 1371/2766/2610 1372/2767/2610 3653/2758/2652
f 3653/2758/2652 1372/2767/2610 1373/2768/2610 3656/2761/2609
f 3656/2761/2609 1373/2768/2610 170/2701/2610 1346/2700/2609
f 3655/2759/2433 3656/2761/2609 1346/2700/2609 1345/2699/2433
f 3654/2760/2650 3655/2759/2433 1345/2699/2433 1344/2698/2603
f 1367/2752/2601 3654/2760/2650 1344/2698/2603 169/2685/2601
f 1366/2751/2601 3651/2756/2650 3654/2760/2650 1367/2752/2601
f 1365/2750/2647 3648/2753/2648 3651/2756/2650 1366/2751/2601
f 3657/2769/2613 3658/2770/2657 3661/2771/2658 3660/2772/2613
f 3658/2770/2657 3659/2773/2659 3662/2774/2660 3661/2771/2658
f 3660/2772/2613 3661/2771/2658 3664/2775/2614 3663/2776/2613
f 3661/2771/2658 3662/2774/2660 3665/2777/2661 3664/2775/2614
f 174/2765/2656 1374/2778/2662 3657/2769/2613 1371/2766/2610
f 1374/2778/2662 1375/2779/2663 3658/2770/2657 3657/2769/2613
f 1375/2779/2663 1376/2780/2664 3659/2773/2659 3658/2770/2657
f 1376/2780/2664 171/2726/2627 1355/2728/2629 3659/2773/2659
f 3659/2773/2659 1355/2728/2629 1354/2736/2636 3662/2774/2660
f 3662/2774/2660 1354/2736/2636 1353/2735/2635 3665/2777/2661
f 3665/2777/2661 1353/2735/2635 167/2662/2589 1352/2716/2616
f 3664/2775/2614 3665/2777/2661 1352/2716/2616 1351/2715/2614
f 3663/2776/2613 3664/2775/2614 1351/2715/2614 1350/2714/2613
f 1373/2768/2610 3663/2776/2613 1350/2714/2613 170/2701/2610
f 1372/2767/2610 3660/2772/2613 3663/2776/2613 1373/2768/2610
f 1371/2766/2610 3657/2769/2613 3660/2772/2613 1372/2767/2610
f 3666/2781/2665 3667/2782/2666 3670/2783/2667 3669/2784/2668
f 3667/2782/2666 3668/2785/2669 3671/2786/2670 3670/2783/2667
f 3669/2784/2668 3670/2783/2667 3673/2787/2671 3672/2788/2672
f 3670/2783/2667 3671/2786/2670 3674/2789/2673 3673/2787/2671
f 41/2790/2674 1380/2791/2675 3666/2781/2665 1379/2792/2676
f 1380/2791/2675 1381/2793/2677 3667/2782/2666 3666/2781/2665
f 1381/2793/2677 1382/2794/2678 3668/2785/2669 3667/2782/2666
f 1382/2794/2678 42/2795/2679 1383/2796/2680 3668/2785/2669
f 3668/2785/2669 1383/2796/2680 1384/2797/2681 3671/2786/2670
f 3671/2786/2670 1384/2797/2681 1385/2798/2682 3674/2789/2673
f 3674/2789/2673 1385/2798/2682 172/2731/2631 1358/2730/2630
f 3673/2787/2671 3674/2789/2673 1358/2730/2630 1357/2729/2620
f 3672/2788/2672 3673/2787/2671 1357/2729/2620 1356/2727/2628
f 1377/2799/2683 3672/2788/2672 1356/2727/2628 171/2726/2627
f 1378/2800/2684 3669/2784/2668 3672/2788/2672 1377/2799/2683
f 1379/2792/2676 3666/2781/2665 3669/2784/2668 1378/2800/2684
f 3675/2801/2685 3676/2802/2686 3679/2803/2687 3678/2804/2688
f 3676/2802/2686 3677/2805/2689 3680/2806/2690 3679/2803/2687
f 3678/2804/2688 3679/2803/2687 3682/2807/2691 3681/2808/2692
f 3679/2803/2687 3680/2806/2690 3683/2809/2693 3682/2807/2691
f 42/2795/2679 1386/2810/2694 3675/2801/2685 1383/2796/2680
f 1386/2810/2694 1387/2811/2695 3676/2802/2686 3675/2801/2685
f 1387/2811/2695 1388/2812/2696 3677/2805/2689 3676/2802/2686
f 1388/2812/2696 43/2813/2697 1389/2814/2698 3677/2805/2689
f 3677/2805/2689 1389/2814/2698 1390/2815/2699 3680/2806/2690
f 3680/2806/2690 1390/2815/2699 1391/2816/2700 3683/2809/2693
f 3683/2809/2693 1391/2816/2700 173/2749/2646 1364/2748/2645
f 3682/2807/2691 3683/2809/2693 1364/2748/2645 1363/2747/2644
f 3681/2808/2692 3682/2807/2691 1363/2747/2644 1362/2746/2643
f 1385/2798/2682 3681/2808/2692 1362/2746/2643 172/2731/2631
f 1384/2797/2681 3678/2804/2688 3681/2808/2692 1385/2798/2682
f 1383/2796/2680 3675/2801/2685 3678/2804/2688 1384/2797/2681
f 3684/2817/2701 3685/2818/2702 3688/2819/2703 3687/2820/2704
f 3685/2818/2702 3686/2821/2705 3689/2822/2706 3688/2819/2703
f 3687/2820/2704 3688/2819/2703 3691/2823/2707 3690/2824/2708
f 3688/2819/2703 3689/2822/2706 3692/2825/2709 3691/2823/2707
f 43/2813/2697 1392/2826/2710 3684/2817/2701 1389/2814/2698
f 1392/2826/2710 1393/2827/2711 3685/2818/2702 3684/2817/2701
f 1393/2827/2711 1394/2828/2712 3686/2821/2705 3685/2818/2702
f 1394/2828/2712 44/2829/2713 1395/2830/2714 3686/2821/2705
f 3686/2821/2705 1395/2830/2714 1396/2831/2715 3689/2822/2706
f 3689/2822/2706 1396/2831/2715 1397/2832/2716 3692/2825/2709
f 3692/2825/2709 1397/2832/2716 174/2765/2656 1370/2764/2655
f 3691/2823/2707 3692/2825/2709 1370/2764/2655 1369/2763/2654
f 3690/2824/2708 3691/2823/2707 1369/2763/2654 1368/2762/2653
f 1391/2816/2700 3690/2824/2708 1368/2762/2653 173/2749/2646
f 1390/2815/2699 3687/2820/2704 3690/2824/2708 1391/2816/2700
f 1389/2814/2698 3684/2817/2701 3687/2820/2704 1390/2815/2699
f 3693/2833/2717 3694/2834/2718 3697/2835/2719 3696/2836/2720
f 3694/2834/2718 3695/2837/2721 3698/2838/2722 3697/2835/2719
f 3696/2836/2720 3697/2835/2719 3700/2839/2723 3699/2840/2724
f 3697/2835/2719 3698/2838/2722 3701/2841/2725 3700/2839/2723
f 44/2829/2713 1398/2842/2726 3693/2833/2717 1395/2830/2714
f 1398/2842/2726 1399/2843/2727 3694/2834/2718 3693/2833/2717
f 1399/2843/2727 1400/2844/2728 3695/2837/2721 3694/2834/2718
f 1400/2844/2728 41/2790/2674 1379/2792/2676 3695/2837/2721
f 3695/2837/2721 1379/2792/2676 1378/2800/2684 3698/2838/2722
f 3698/2838/2722 1378/2800/2684 1377/2799/2683 3701/2841/2725
f 3701/2841/2725 1377/2799/2683 171/2726/2627 1376/2780/2664
f 3700/2839/2723 3701/2841/2725 1376/2780/2664 1375/2779/2663
f 3699/2840/2724 3700/2839/2723 1375/2779/2663 1374/2778/2662
f 1397/2832/2716 3699/2840/2724 1374/2778/2662 174/2765/2656
f 1396/2831/2715 3696/2836/2720 3699/2840/2724 1397/2832/2716
f 1395/2830/2714 3693/2833/2717 3696/2836/2720 1396/2831/2715
f 3702/2845/2729 3703/2846/2730 3706/2847/2731 3705/2848/2732
f 3703/2846/2730 3704/2849/2733 3707/2850/2734 3706/2847/2731
f 3705/2848/2732 3706/2847/2731 3709/2851/2735 3708/2852/2736
f 3706/2847/2731 3707/2850/2734 3710/2853/2737 3709/2851/2735
f 45/2854/2738 1404/2855/2739 3702/2845/2729 1403/2856/2740
f 1404/2855/2739 1405/2857/2741 3703/2846/2730 3702/2845/2729
f 1405/2857/2741 1406/2858/2742 3704/2849/2733 3703/2846/2730
f 1406/2858/2742 46/2859/2743 1407/2860/2744 3704/2849/2733
f 3704/2849/2733 1407/2860/2744 1408/2861/2745 3707/2850/2734
f 3707/2850/2734 1408/2861/2745 1409/2862/2746 3710/2853/2737
f 3710/2853/2737 1409/2862/2746 42/2795/2679 1382/2794/2678
f 3709/2851/2735 3710/2853/2737 1382/2794/2678 1381/2793/2677
f 3708/2852/2736 3709/2851/2735 1381/2793/2677 1380/2791/2675
f 1401/2863/2747 3708/2852/2736 1380/2791/2675 41/2790/2674
f 1402/2864/2748 3705/2848/2732 3708/2852/2736 1401/2863/2747
f 1403/2856/2740 3702/2845/2729 3705/2848/2732 1402/2864/2748
f 3711/2865/2749 3712/2866/2750 3715/2867/2751 3714/2868/2752
f 3712/2866/2750 3713/2869/2753 3716/2870/2754 3715/2867/2751
f 3714/2868/2752 3715/2867/2751 3718/2871/2755 3717/2872/2756
f 3715/2867/2751 3716/2870/2754 3719/2873/2757 3718/2871/2755
f 46/2859/2743 1410/2874/2758 3711/2865/2749 1407/2860/2744
f 1410/2874/2758 1411/2875/2759 3712/2866/2750 3711/2865/2749
f 1411/2875/2759 1412/2876/2760 3713/2869/2753 3712/2866/2750
f 1412/2876/2760 47/2877/2761 1413/2878/2762 3713/2869/2753
f 3713/2869/2753 1413/2878/2762 1414/2879/2763 3716/2870/2754
f 3716/2870/2754 1414/2879/2763 1415/2880/2764 3719/2873/2757
f 3719/2873/2757 1415/2880/2764 43/2813/2697 1388/2812/2696
f 3718/2871/2755 3719/2873/2757 1388/2812/2696 1387/2811/2695
f 3717/2872/2756 3718/2871/2755 1387/2811/2695 1386/2810/2694
f 1409/2862/2746 3717/2872/2756 1386/2810/2694 42/2795/2679
f 1408/2861/2745 3714/2868/2752 3717/2872/2756 1409/2862/2746
f 1407/2860/2744 3711/2865/2749 3714/2868/2752 1408/2861/2745
f 3720/2881/2765 3721/2882/2766 3724/2883/2767 3723/2884/2768
f 3721/2882/2766 3722/2885/2769 3725/2886/2770 3724/2883/2767
f 3723/2884/2768 3724/2883/2767 3727/2887/2771 3726/2888/2772
f 3724/2883/2767 3725/2886/2770 3728/2889/2773 3727/2887/2771
f 47/2877/2761 1416/2890/2774 3720/2881/2765 1413/2878/2762
f 1416/2890/2774 1417/2891/2775 3721/2882/2766 3720/2881/2765
f 1417/2891/2775 1418/2892/2776 3722/2885/2769 3721/2882/2766
f 1418/2892/2776 48/2893/2777 1419/2894/2778 3722/2885/2769
f 3722/2885/2769 1419/2894/2778 1420/2895/2779 3725/2886/2770
f 3725/2886/2770 1420/2895/2779 1421/2896/2780 3728/2889/2773
f 3728/2889/2773 1421/2896/2780 44/2829/2713 1394/2828/2712
f 3727/2887/2771 3728/2889/2773 1394/2828/2712 1393/2827/2711
f 3726/2888/2772 3727/2887/2771 1393/2827/2711 1392/2826/2710
f 1415/2880/2764 3726/2888/2772 1392/2826/2710 43/2813/2697
f 1414/2879/2763 3723/2884/2768 3726/2888/2772 1415/2880/2764
f 1413/2878/2762 3720/2881/2765 3723/2884/2768 1414/2879/2763
f 3729/2897/2781 3730/2898/2782 3733/2899/2783 3732/2900/2784
f 3730/2898/2782 3731/2901/2785 3734/2902/2786 3733/2899/2783
f 3732/2900/2784 3733/2899/2783 3736/2903/2787 3735/2904/2788
f 3733/2899/2783 3734/2902/2786 3737/2905/2789 3736/2903/2787
f 48/2893/2777 1422/2906/2790 3729/2897/2781 1419/2894/2778
f 1422/2906/2790 1423/2907/2791 3730/2898/2782 3729/2897/2781
f 1423/2907/2791 1424/2908/2792 3731/2901/2785 3730/2898/2782
f 1424/2908/2792 45/2854/2738 1403/2856/2740 3731/2901/2785
f 3731/2901/2785 1403/2856/2740 1402/2864/2748 3734/2902/2786
f 3734/2902/2786 1402/2864/2748 1401/2863/2747 3737/2905/2789
f 3737/2905/2789 1401/2863/2747 41/2790/2674 1400/2844/2728
f 3736/2903/2787 3737/2905/2789 1400/2844/2728 1399/2843/2727
f 3735/2904/2788 3736/2903/2787 1399/2843/2727 1398/2842/2726
f 1421/2896/2780 3735/2904/2788 1398/2842/2726 44/2829/2713
f 1420/2895/2779 3732/2900/2784 3735/2904/2788 1421/2896/2780
f 1419/2894/2778 3729/2897/2781 3732/2900/2784 1420/2895/2779
f 3738/2909/2793 3739/2910/2794 3742/2911/2795 3741/2912/2796
f 3739/2910/2794 3740/2913/2797 3743/2914/2798 3742/2911/2795
f 3741/2912/2796 3742/2911/2795 3745/2915/2799 3744/2916/2800
f 3742/2911/2795 3743/2914/2798 3746/2917/2801 3745/2915/2799
f 49/988/948 938/986/946 3738/2909/2793 1427/2918/2802
f 938/986/946 937/985/945 3739/2910/2794 3738/2909/2793
f 937/985/945 936/984/944 3740/2913/2797 3739/2910/2794
f 936/984/944 50/983/943 1428/2919/2803 3740/2913/2797
f 3740/2913/2797 1428/2919/2803 1429/2920/2804 3743/2914/2798
f 3743/2914/2798 1429/2920/2804 1430/2921/2805 3746/2917/2801
f 3746/2917/2801 1430/2921/2805 46/2859/2743 1406/2858/2742
f 3745/2915/2799 3746/2917/2801 1406/2858/2742 1405/2857/2741
f 3744/2916/2800 3745/2915/2799 1405/2857/2741 1404/2855/2739
f 1425/2922/2806 3744/2916/2800 1404/2855/2739 45/2854/2738
f 1426/2923/2807 3741/2912/2796 3744/2916/2800 1425/2922/2806
f 1427/2918/2802 3738/2909/2793 3741/2912/2796 1426/2923/2807
f 3747/2924/2808 3748/2925/2809 3751/2926/2810 3750/2927/2811
f 3748/2925/2809 3749/2928/2812 3752/2929/2813 3751/2926/2810
f 3750/2927/2811 3751/2926/2810 3754/2930/2814 3753/2931/2815
f 3751/2926/2810 3752/2929/2813 3755/2932/2816 3754/2930/2814
f 50/983/943 935/982/942 3747/2924/2808 1428/2919/2803
f 935/982/942 934/981/941 3748/2925/2809 3747/2924/2808
f 934/981/941 933/980/940 3749/2928/2812 3748/2925/2809
f 933/980/940 51/979/939 1431/2933/2817 3749/2928/2812
f 3749/2928/2812 1431/2933/2817 1432/2934/2818 3752/2929/2813
f 3752/2929/2813 1432/2934/2818 1433/2935/2819 3755/2932/2816
f 3755/2932/2816 1433/2935/2819 47/2877/2761 1412/2876/2760
f 3754/2930/2814 3755/2932/2816 1412/2876/2760 1411/2875/2759
f 3753/2931/2815 3754/2930/2814 1411/2875/2759 1410/2874/2758
f 1430/2921/2805 3753/2931/2815 1410/2874/2758 46/2859/2743
f 1429/2920/2804 3750/2927/2811 3753/2931/2815 1430/2921/2805
f 1428/2919/2803 3747/2924/2808 3750/2927/2811 1429/2920/2804
f 3756/2936/2820 3757/2937/2821 3760/2938/2822 3759/2939/2823
f 3757/2937/2821 3758/2940/2824 3761/2941/2825 3760/2938/2822
f 3759/2939/2823 3760/2938/2822 3763/2942/2826 3762/2943/2827
f 3760/2938/2822 3761/2941/2825 3764/2944/2828 3763/2942/2826
f 51/979/939 932/978/938 3756/2936/2820 1431/2933/2817
f 932/978/938 931/977/937 3757/2937/2821 3756/2936/2820
f 931/977/937 930/975/935 3758/2940/2824 3757/2937/2821
f 930/975/935 52/974/934 1434/2945/2829 3758/2940/2824
f 3758/2940/2824 1434/2945/2829 1435/2946/2830 3761/2941/2825
f 3761/2941/2825 1435/2946/2830 1436/2947/2831 3764/2944/2828
f 3764/2944/2828 1436/2947/2831 48/2893/2777 1418/2892/2776
f 3763/2942/2826 3764/2944/2828 1418/2892/2776 1417/2891/2775
f 3762/2943/2827 3763/2942/2826 1417/2891/2775 1416/2890/2774
f 1433/2935/2819 3762/2943/2827 1416/2890/2774 47/2877/2761
f 1432/2934/2818 3759/2939/2823 3762/2943/2827 1433/2935/2819
f 1431/2933/2817 3756/2936/2820 3759/2939/2823 1432/2934/2818
f 3765/2948/2832 3766/2949/2833 3769/2950/2834 3768/2951/2835
f 3766/2949/2833 3767/2952/2836 3770/2953/2837 3769/2950/2834
f 3768/2951/2835 3769/2950/2834 3772/2954/2838 3771/2955/2839
f 3769/2950/2834 3770/2953/2837 3773/2956/2840 3772/2954/2838
f 52/974/934 929/976/936 3765/2948/2832 1434/2945/2829
f 929/976/936 928/989/949 3766/2949/2833 3765/2948/2832
f 928/989/949 927/987/947 3767/2952/2836 3766/2949/2833
f 927/987/947 49/988/948 1427/2918/2802 3767/2952/2836
f 3767/2952/2836 1427/2918/2802 1426/2923/2807 3770/2953/2837
f 3770/2953/2837 1426/2923/2807 1425/2922/2806 3773/2956/2840
f 3773/2956/2840 1425/2922/2806 45/2854/2738 1424/2908/2792
f 3772/2954/2838 3773/2956/2840 1424/2908/2792 1423/2907/2791
f 3771/2955/2839 3772/2954/2838 1423/2907/2791 1422/2906/2790
f 1436/2947/2831 3771/2955/2839 1422/2906/2790 48/2893/2777
f 1435/2946/2830 3768/2951/2835 3771/2955/2839 1436/2947/2831
f 1434/2945/2829 3765/2948/2832 3768/2951/2835 1435/2946/2830
f 3774/2957/2841 3775/2958/2842 3778/2959/2843 3777/2960/2844
f 3775/2958/2842 3776/2961/2845 3779/2962/2846 3778/2959/2843
f 3777/2960/2844 3778/2959/2843 3781/2963/2847 3780/2964/2848
f 3778/2959/2843 3779/2962/2846 3782/2965/2849 3781/2963/2847
f 53/2966/2850 1440/2967/2851 3774/2957/2841 1439/2968/2852
f 1440/2967/2851 1441/2969/2853 3775/2958/2842 3774/2957/2841
f 1441/2969/2853 1442/2970/2854 3776/2961/2845 3775/2958/2842
f 1442/2970/2854 54/2971/2855 1443/2972/2856 3776/2961/2845
f 3776/2961/2845 1443/2972/2856 1444/2973/2857 3779/2962/2846
f 3779/2962/2846 1444/2973/2857 1445/2974/2858 3782/2965/2849
f 3782/2965/2849 1445/2974/2858 115/1414/1368 513/1416/1370
f 3781/2963/2847 3782/2965/2849 513/1416/1370 514/1423/1377
f 3780/2964/2848 3781/2963/2847 514/1423/1377 515/1422/1376
f 1437/2975/2859 3780/2964/2848 515/1422/1376 154/330/330
f 1438/2976/2860 3777/2960/2844 3780/2964/2848 1437/2975/2859
f 1439/2968/2852 3774/2957/2841 3777/2960/2844 1438/2976/2860
f 3783/2977/2861 3784/2978/2862 3787/2979/2863 3786/2980/2864
f 3784/2978/2862 3785/2981/2865 3788/2982/2866 3787/2979/2863
f 3786/2980/2864 3787/2979/2863 3790/2983/2867 3789/2984/2868
f 3787/2979/2863 3788/2982/2866 3791/2985/2869 3790/2983/2867
f 54/2971/2855 1446/2986/2870 3783/2977/2861 1443/2972/2856
f 1446/2986/2870 1447/2987/2871 3784/2978/2862 3783/2977/2861
f 1447/2987/2871 1448/2988/2872 3785/2981/2865 3784/2978/2862
f 1448/2988/2872 55/2989/2873 1449/2990/2874 3785/2981/2865
f 3785/2981/2865 1449/2990/2874 1450/2991/2875 3788/2982/2866
f 3788/2982/2866 1450/2991/2875 1451/2992/2876 3791/2985/2869
f 3791/2985/2869 1451/2992/2876 119/606/606 504/1853/1803
f 3790/2983/2867 3791/2985/2869 504/1853/1803 505/1852/1802
f 3789/2984/2868 3790/2983/2867 505/1852/1802 506/1851/1801
f 1445/2974/2858 3789/2984/2868 506/1851/1801 115/1414/1368
f 1444/2973/2857 3786/2980/2864 3789/2984/2868 1445/2974/2858
f 1443/2972/2856 3783/2977/2861 3786/2980/2864 1444/2973/2857
f 3792/2993/2877 3793/2994/2878 3796/2995/2879 3795/2996/2880
f 3793/2994/2878 3794/2997/2881 3797/2998/2882 3796/2995/2879
f 3795/2996/2880 3796/2995/2879 3799/2999/2883 3798/3000/2884
f 3796/2995/2879 3797/2998/2882 3800/3001/2885 3799/2999/2883
f 55/2989/2873 1452/3002/2886 3792/2993/2877 1449/2990/2874
f 1452/3002/2886 1453/3003/2887 3793/2994/2878 3792/2993/2877
f 1453/3003/2887 1454/3004/2888 3794/2997/2881 3793/2994/2878
f 1454/3004/2888 56/3005/2889 1455/3006/2890 3794/2997/2881
f 3794/2997/2881 1455/3006/2890 1456/3007/2891 3797/2998/2882
f 3797/2998/2882 1456/3007/2891 1457/3008/2892 3800/3001/2885
f 3800/3001/2885 1457/3008/2892 122/325/325 1016/609/609
f 3799/2999/2883 3800/3001/2885 1016/609/609 1015/608/608
f 3798/3000/2884 3799/2999/2883 1015/608/608 1014/607/607
f 1451/2992/2876 3798/3000/2884 1014/607/607 119/606/606
f 1450/2991/2875 3795/2996/2880 3798/3000/2884 1451/2992/2876
f 1449/2990/2874 3792/2993/2877 3795/2996/2880 1450/2991/2875
f 3801/3009/2893 3802/3010/2894 3805/3011/2895 3804/3012/2896
f 3802/3010/2894 3803/3013/2897 3806/3014/2898 3805/3011/2895
f 3804/3012/2896 3805/3011/2895 3808/3015/2899 3807/3016/2900
f 3805/3011/2895 3806/3014/2898 3809/3017/2901 3808/3015/2899
f 56/3005/2889 1458/3018/2902 3801/3009/2893 1455/3006/2890
f 1458/3018/2902 1459/3019/2903 3802/3010/2894 3801/3009/2893
f 1459/3019/2903 1460/3020/2904 3803/3013/2897 3802/3010/2894
f 1460/3020/2904 53/2966/2850 1439/2968/2852 3803/3013/2897
f 3803/3013/2897 1439/2968/2852 1438/2976/2860 3806/3014/2898
f 3806/3014/2898 1438/2976/2860 1437/2975/2859 3809/3017/2901
f 3809/3017/2901 1437/2975/2859 154/330/330 419/332/332
f 3808/3015/2899 3809/3017/2901 419/332/332 418/328/328
f 3807/3016/2900 3808/3015/2899 418/328/328 417/326/326
f 1457/3008/2892 3807/3016/2900 417/326/326 122/325/325
f 1456/3007/2891 3804/3012/2896 3807/3016/2900 1457/3008/2892
f 1455/3006/2890 3801/3009/2893 3804/3012/2896 1456/3007/2891
f 3810/3021/2905 3811/3022/2906 3814/3023/2907 3813/3024/2908
f 3811/3022/2906 3812/3025/2909 3815/3026/2910 3814/3023/2907
f 3813/3024/2908 3814/3023/2907 3817/3027/2911 3816/3028/2912
f 3814/3023/2907 3815/3026/2910 3818/3029/2913 3817/3027/2911
f 175/3030/2914 1464/3031/2915 3810/3021/2905 1463/3032/2916
f 1464/3031/2915 1465/3033/2917 3811/3022/2906 3810/3021/2905
f 1465/3033/2917 1466/3034/2918 3812/3025/2909 3811/3022/2906
f 1466/3034/2918 176/3035/2919 1467/3036/2920 3812/3025/2909
f 3812/3025/2909 1467/3036/2920 1468/3037/2921 3815/3026/2910
f 3815/3026/2910 1468/3037/2921 1469/3038/2922 3818/3029/2913
f 3818/3029/2913 1469/3038/2922 54/2971/2855 1442/2970/2854
f 3817/3027/2911 3818/3029/2913 1442/2970/2854 1441/2969/2853
f 3816/3028/2912 3817/3027/2911 1441/2969/2853 1440/2967/2851
f 1461/3039/2923 3816/3028/2912 1440/2967/2851 53/2966/2850
f 1462/3040/2924 3813/3024/2908 3816/3028/2912 1461/3039/2923
f 1463/3032/2916 3810/3021/2905 3813/3024/2908 1462/3040/2924
f 3819/3041/2925 3820/3042/2926 3823/3043/2927 3822/3044/2928
f 3820/3042/2926 3821/3045/2929 3824/3046/2930 3823/3043/2927
f 3822/3044/2928 3823/3043/2927 3826/3047/2931 3825/3048/2932
f 3823/3043/2927 3824/3046/2930 3827/3049/2933 3826/3047/2931
f 176/3035/2919 1470/3050/2934 3819/3041/2925 1467/3036/2920
f 1470/3050/2934 1471/3051/2935 3820/3042/2926 3819/3041/2925
f 1471/3051/2935 1472/3052/2936 3821/3045/2929 3820/3042/2926
f 1472/3052/2936 177/3053/2937 1473/3054/2938 3821/3045/2929
f 3821/3045/2929 1473/3054/2938 1474/3055/2939 3824/3046/2930
f 3824/3046/2930 1474/3055/2939 1475/3056/2940 3827/3049/2933
f 3827/3049/2933 1475/3056/2940 55/2989/2873 1448/2988/2872
f 3826/3047/2931 3827/3049/2933 1448/2988/2872 1447/2987/2871
f 3825/3048/2932 3826/3047/2931 1447/2987/2871 1446/2986/2870
f 1469/3038/2922 3825/3048/2932 1446/2986/2870 54/2971/2855
f 1468/3037/2921 3822/3044/2928 3825/3048/2932 1469/3038/2922
f 1467/3036/2920 3819/3041/2925 3822/3044/2928 1468/3037/2921
f 3828/3057/2941 3829/3058/2942 3832/3059/2943 3831/3060/2944
f 3829/3058/2942 3830/3061/2945 3833/3062/2946 3832/3059/2943
f 3831/3060/2944 3832/3059/2943 3835/3063/2947 3834/3064/2948
f 3832/3059/2943 3833/3062/2946 3836/3065/2949 3835/3063/2947
f 177/3053/2937 1476/3066/2950 3828/3057/2941 1473/3054/2938
f 1476/3066/2950 1477/3067/2951 3829/3058/2942 3828/3057/2941
f 1477/3067/2951 1478/3068/2952 3830/3061/2945 3829/3058/2942
f 1478/3068/2952 178/3069/2953 1479/3070/2954 3830/3061/2945
f 3830/3061/2945 1479/3070/2954 1480/3071/2955 3833/3062/2946
f 3833/3062/2946 1480/3071/2955 1481/3072/2956 3836/3065/2949
f 3836/3065/2949 1481/3072/2956 56/3005/2889 1454/3004/2888
f 3835/3063/2947 3836/3065/2949 1454/3004/2888 1453/3003/2887
f 3834/3064/2948 3835/3063/2947 1453/3003/2887 1452/3002/2886
f 1475/3056/2940 3834/3064/2948 1452/3002/2886 55/2989/2873
f 1474/3055/2939 3831/3060/2944 3834/3064/2948 1475/3056/2940
f 1473/3054/2938 3828/3057/2941 3831/3060/2944 1474/3055/2939
f 3837/3073/2957 3838/3074/2958 3841/3075/2959 3840/3076/2960
f 3838/3074/2958 3839/3077/2961 3842/3078/2962 3841/3075/2959
f 3840/3076/2960 3841/3075/2959 3844/3079/2963 3843/3080/2964
f 3841/3075/2959 3842/3078/2962 3845/3081/2965 3844/3079/2963
f 178/3069/2953 1482/3082/2966 3837/3073/2957 1479/3070/2954
f 1482/3082/2966 1483/3083/2967 3838/3074/2958 3837/3073/2957
f 1483/3083/2967 1484/3084/2968 3839/3077/2961 3838/3074/2958
f 1484/3084/2968 175/3030/2914 1463/3032/2916 3839/3077/2961
f 3839/3077/2961 1463/3032/2916 1462/3040/2924 3842/3078/2962
f 3842/3078/2962 1462/3040/2924 1461/3039/2923 3845/3081/2965
f 3845/3081/2965 1461/3039/2923 53/2966/2850 1460/3020/2904
f 3844/3079/2963 3845/3081/2965 1460/3020/2904 1459/3019/2903
f 3843/3080/2964 3844/3079/2963 1459/3019/2903 1458/3018/2902
f 1481/3072/2956 3843/3080/2964 1458/3018/2902 56/3005/2889
f 1480/3071/2955 3840/3076/2960 3843/3080/2964 1481/3072/2956
f 1479/3070/2954 3837/3073/2957 3840/3076/2960 1480/3071/2955
f 3846/3085/2969 3847/3086/2970 3850/3087/2971 3849/3088/2972
f 3847/3086/2970 3848/3089/2973 3851/3090/2974 3850/3087/2971
f 3849/3088/2972 3850/3087/2971 3853/3091/2975 3852/3092/2976
f 3850/3087/2971 3851/3090/2974 3854/3093/2977 3853/3091/2975
f 179/3094/2978 1488/3095/2979 3846/3085/2969 1487/3096/2978
f 1488/3095/2979 1489/3097/2980 3847/3086/2970 3846/3085/2969
f 1489/3097/2980 1490/3098/2981 3848/3089/2973 3847/3086/2970
f 1490/3098/2981 180/3099/2982 1491/3100/2983 3848/3089/2973
f 3848/3089/2973 1491/3100/2983 1492/3101/2984 3851/3090/2974
f 3851/3090/2974 1492/3101/2984 1493/3102/2985 3854/3093/2977
f 3854/3093/2977 1493/3102/2985 176/3035/2919 1466/3034/2918
f 3853/3091/2975 3854/3093/2977 1466/3034/2918 1465/3033/2917
f 3852/3092/2976 3853/3091/2975 1465/3033/2917 1464/3031/2915
f 1485/3103/2986 3852/3092/2976 1464/3031/2915 175/3030/2914
f 1486/3104/2987 3849/3088/2972 3852/3092/2976 1485/3103/2986
f 1487/3096/2978 3846/3085/2969 3849/3088/2972 1486/3104/2987
f 3855/3105/2988 3856/3106/2989 3859/3107/2990 3858/3108/2991
f 3856/3106/2989 3857/3109/2992 3860/3110/2993 3859/3107/2990
f 3858/3108/2991 3859/3107/2990 3862/3111/2994 3861/3112/2995
f 3859/3107/2990 3860/3110/2993 3863/3113/2996 3862/3111/2994
f 180/3099/2982 1494/3114/2997 3855/3105/2988 1491/3100/2983
f 1494/3114/2997 1495/3115/2998 3856/3106/2989 3855/3105/2988
f 1495/3115/2998 1496/3116/2999 3857/3109/2992 3856/3106/2989
f 1496/3116/2999 181/3117/3000 1497/3118/3001 3857/3109/2992
f 3857/3109/2992 1497/3118/3001 1498/3119/3002 3860/3110/2993
f 3860/3110/2993 1498/3119/3002 1499/3120/3003 3863/3113/2996
f 3863/3113/2996 1499/3120/3003 177/3053/2937 1472/3052/2936
f 3862/3111/2994 3863/3113/2996 1472/3052/2936 1471/3051/2935
f 3861/3112/2995 3862/3111/2994 1471/3051/2935 1470/3050/2934
f 1493/3102/2985 3861/3112/2995 1470/3050/2934 176/3035/2919
f 1492/3101/2984 3858/3108/2991 3861/3112/2995 1493/3102/2985
f 1491/3100/2983 3855/3105/2988 3858/3108/2991 1492/3101/2984
f 3864/3121/3004 3865/3122/3005 3868/3123/3006 3867/3124/3007
f 3865/3122/3005 3866/3125/3008 3869/3126/3009 3868/3123/3006
f 3867/3124/3007 3868/3123/3006 3871/3127/3010 3870/3128/3011
f 3868/3123/3006 3869/3126/3009 3872/3129/3012 3871/3127/3010
f 181/3117/3000 1500/3130/3013 3864/3121/3004 1497/3118/3001
f 1500/3130/3013 1501/3131/3014 3865/3122/3005 3864/3121/3004
f 1501/3131/3014 1502/3132/3015 3866/3125/3008 3865/3122/3005
f 1502/3132/3015 182/3133/3016 1503/3134/3017 3866/3125/3008
f 3866/3125/3008 1503/3134/3017 1504/3135/3018 3869/3126/3009
f 3869/3126/3009 1504/3135/3018 1505/3136/3019 3872/3129/3012
f 3872/3129/3012 1505/3136/3019 178/3069/2953 1478/3068/2952
f 3871/3127/3010 3872/3129/3012 1478/3068/2952 1477/3067/2951
f 3870/3128/3011 3871/3127/3010 1477/3067/2951 1476/3066/2950
f 1499/3120/3003 3870/3128/3011 1476/3066/2950 177/3053/2937
f 1498/3119/3002 3867/3124/3007 3870/3128/3011 1499/3120/3003
f 1497/3118/3001 3864/3121/3004 3867/3124/3007 1498/3119/3002
f 3873/3137/3020 3874/3138/3021 3877/3139/3022 3876/3140/3023
f 3874/3138/3021 3875/3141/3024 3878/3142/3025 3877/3139/3022
f 3876/3140/3023 3877/3139/3022 3880/3143/3026 3879/3144/3027
f 3877/3139/3022 3878/3142/3025 3881/3145/3028 3880/3143/3026
f 182/3133/3016 1506/3146/3029 3873/3137/3020 1503/3134/3017
f 1506/3146/3029 1507/3147/3030 3874/3138/3021 3873/3137/3020
f 1507/3147/3030 1508/3148/3031 3875/3141/3024 3874/3138/3021
f 1508/3148/3031 179/3094/2978 1487/3096/2978 3875/3141/3024
f 3875/3141/3024 1487/3096/2978 1486/3104/2987 3878/3142/3025
f 3878/3142/3025 1486/3104/2987 1485/3103/2986 3881/3145/3028
f 3881/3145/3028 1485/3103/2986 175/3030/2914 1484/3084/2968
f 3880/3143/3026 3881/3145/3028 1484/3084/2968 1483/3083/2967
f 3879/3144/3027 3880/3143/3026 1483/3083/2967 1482/3082/2966
f 1505/3136/3019 3879/3144/3027 1482/3082/2966 178/3069/2953
f 1504/3135/3018 3876/3140/3023 3879/3144/3027 1505/3136/3019
f 1503/3134/3017 3873/3137/3020 3876/3140/3023 1504/3135/3018
f 3882/3149/3032 3883/3150/3033 3886/3151/3034 3885/3152/3035
f 3883/3150/3033 3884/3153/3036 3887/3154/3037 3886/3151/3034
f 3885/3152/3035 3886/3151/3034 3889/3155/3038 3888/3156/3039
f 3886/3151/3034 3887/3154/3037 3890/3157/3040 3889/3155/3038
f 57/3158/3041 1512/3159/3042 3882/3149/3032 1511/3160/3043
f 1512/3159/3042 1513/3161/3044 3883/3150/3033 3882/3149/3032
f 1513/3161/3044 1514/3162/3045 3884/3153/3036 3883/3150/3033
f 1514/3162/3045 58/3163/3046 1515/3164/3047 3884/3153/3036
f 3884/3153/3036 1515/3164/3047 1516/3165/3048 3887/3154/3037
f 3887/3154/3037 1516/3165/3048 1517/3166/3049 3890/3157/3040
f 3890/3157/3040 1517/3166/3049 180/3099/2982 1490/3098/2981
f 3889/3155/3038 3890/3157/3040 1490/3098/2981 1489/3097/2980
f 3888/3156/3039 3889/3155/3038 1489/3097/2980 1488/3095/2979
f 1509/3167/3050 3888/3156/3039 1488/3095/2979 179/3094/2978
f 1510/3168/3051 3885/3152/3035 3888/3156/3039 1509/3167/3050
f 1511/3160/3043 3882/3149/3032 3885/3152/3035 1510/3168/3051
f 3891/3169/3052 3892/3170/3053 3895/3171/3054 3894/3172/3055
f 3892/3170/3053 3893/3173/3056 3896/3174/3057 3895/3171/3054
f 3894/3172/3055 3895/3171/3054 3898/3175/3058 3897/3176/3059
f 3895/3171/3054 3896/3174/3057 3899/3177/3060 3898/3175/3058
f 58/3163/3046 1518/3178/3061 3891/3169/3052 1515/3164/3047
f 1518/3178/3061 1519/3179/3062 3892/3170/3053 3891/3169/3052
f 1519/3179/3062 1520/3180/3063 3893/3173/3056 3892/3170/3053
f 1520/3180/3063 59/3181/3064 1521/3182/3065 3893/3173/3056
f 3893/3173/3056 1521/3182/3065 1522/3183/3066 3896/3174/3057
f 3896/3174/3057 1522/3183/3066 1523/3184/3067 3899/3177/3060
f 3899/3177/3060 1523/3184/3067 181/3117/3000 1496/3116/2999
f 3898/3175/3058 3899/3177/3060 1496/3116/2999 1495/3115/2998
f 3897/3176/3059 3898/3175/3058 1495/3115/2998 1494/3114/2997
f 1517/3166/3049 3897/3176/3059 1494/3114/2997 180/3099/2982
f 1516/3165/3048 3894/3172/3055 3897/3176/3059 1517/3166/3049
f 1515/3164/3047 3891/3169/3052 3894/3172/3055 1516/3165/3048
f 3900/3185/3068 3901/3186/3069 3904/3187/3070 3903/3188/3071
f 3901/3186/3069 3902/3189/3072 3905/3190/3073 3904/3187/3070
f 3903/3188/3071 3904/3187/3070 3907/3191/3074 3906/3192/3075
f 3904/3187/3070 3905/3190/3073 3908/3193/3076 3907/3191/3074
f 59/3181/3064 1524/3194/3077 3900/3185/3068 1521/3182/3065
f 1524/3194/3077 1525/3195/3069 3901/3186/3069 3900/3185/3068
f 1525/3195/3069 1526/3196/3078 3902/3189/3072 3901/3186/3069
f 1526/3196/3078 60/3197/3079 1527/3198/3080 3902/3189/3072
f 3902/3189/3072 1527/3198/3080 1528/3199/3081 3905/3190/3073
f 3905/3190/3073 1528/3199/3081 1529/3200/3082 3908/3193/3076
f 3908/3193/3076 1529/3200/3082 182/3133/3016 1502/3132/3015
f 3907/3191/3074 3908/3193/3076 1502/3132/3015 1501/3131/3014
f 3906/3192/3075 3907/3191/3074 1501/3131/3014 1500/3130/3013
f 1523/3184/3067 3906/3192/3075 1500/3130/3013 181/3117/3000
f 1522/3183/3066 3903/3188/3071 3906/3192/3075 1523/3184/3067
f 1521/3182/3065 3900/3185/3068 3903/3188/3071 1522/3183/3066
f 3909/3201/3083 3910/3202/3084 3913/3203/3085 3912/3204/3086
f 3910/3202/3084 3911/3205/3087 3914/3206/3088 3913/3203/3085
f 3912/3204/3086 3913/3203/3085 3916/3207/3089 3915/3208/3090
f 3913/3203/3085 3914/3206/3088 3917/3209/3091 3916/3207/3089
f 60/3197/3079 1530/3210/3092 3909/3201/3083 1527/3198/3080
f 1530/3210/3092 1531/3211/3093 3910/3202/3084 3909/3201/3083
f 1531/3211/3093 1532/3212/3094 3911/3205/3087 3910/3202/3084
f 1532/3212/3094 57/3158/3041 1511/3160/3043 3911/3205/3087
f 3911/3205/3087 1511/3160/3043 1510/3168/3051 3914/3206/3088
f 3914/3206/3088 1510/3168/3051 1509/3167/3050 3917/3209/3091
f 3917/3209/3091 1509/3167/3050 179/3094/2978 1508/3148/3031
f 3916/3207/3089 3917/3209/3091 1508/3148/3031 1507/3147/3030
f 3915/3208/3090 3916/3207/3089 1507/3147/3030 1506/3146/3029
f 1529/3200/3082 3915/3208/3090 1506/3146/3029 182/3133/3016
f 1528/3199/3081 3912/3204/3086 3915/3208/3090 1529/3200/3082
f 1527/3198/3080 3909/3201/3083 3912/3204/3086 1528/3199/3081
f 3918/3213/3095 3919/3214/3096 3922/3215/3097 3921/3216/3098
f 3919/3214/3096 3920/3217/3099 3923/3218/3100 3922/3215/3097
f 3921/3216/3098 3922/3215/3097 3925/3219/3101 3924/3220/3102
f 3922/3215/3097 3923/3218/3100 3926/3221/3103 3925/3219/3101
f 183/3222/3104 1536/3223/3105 3918/3213/3095 1535/3224/3106
f 1536/3223/3105 1537/3225/3107 3919/3214/3096 3918/3213/3095
f 1537/3225/3107 1538/3226/3108 3920/3217/3099 3919/3214/3096
f 1538/3226/3108 184/3227/3109 1539/3228/3110 3920/3217/3099
f 3920/3217/3099 1539/3228/3110 1540/3229/3111 3923/3218/3100
f 3923/3218/3100 1540/3229/3111 1541/3230/3112 3926/3221/3103
f 3926/3221/3103 1541/3230/3112 58/3163/3046 1514/3162/3045
f 3925/3219/3101 3926/3221/3103 1514/3162/3045 1513/3161/3044
f 3924/3220/3102 3925/3219/3101 1513/3161/3044 1512/3159/3042
f 1533/3231/3113 3924/3220/3102 1512/3159/3042 57/3158/3041
f 1534/3232/3114 3921/3216/3098 3924/3220/3102 1533/3231/3113
f 1535/3224/3106 3918/3213/3095 3921/3216/3098 1534/3232/3114
f 3927/3233/3115 3928/3234/3116 3931/3235/3117 3930/3236/3118
f 3928/3234/3116 3929/3237/3119 3932/3238/3120 3931/3235/3117
f 3930/3236/3118 3931/3235/3117 3934/3239/3121 3933/3240/3122
f 3931/3235/3117 3932/3238/3120 3935/3241/3123 3934/3239/3121
f 184/3227/3109 1542/3242/3124 3927/3233/3115 1539/3228/3110
f 1542/3242/3124 1543/3243/3125 3928/3234/3116 3927/3233/3115
f 1543/3243/3125 1544/3244/3126 3929/3237/3119 3928/3234/3116
f 1544/3244/3126 185/3245/3127 1545/3246/3128 3929/3237/3119
f 3929/3237/3119 1545/3246/3128 1546/3247/3129 3932/3238/3120
f 3932/3238/3120 1546/3247/3129 1547/3248/3130 3935/3241/3123
f 3935/3241/3123 1547/3248/3130 59/3181/3064 1520/3180/3063
f 3934/3239/3121 3935/3241/3123 1520/3180/3063 1519/3179/3062
f 3933/3240/3122 3934/3239/3121 1519/3179/3062 1518/3178/3061
f 1541/3230/3112 3933/3240/3122 1518/3178/3061 58/3163/3046
f 1540/3229/3111 3930/3236/3118 3933/3240/3122 1541/3230/3112
f 1539/3228/3110 3927/3233/3115 3930/3236/3118 1540/3229/3111
f 3936/3249/3131 3937/3250/3132 3940/3251/3070 3939/3252/3133
f 3937/3250/3132 3938/3253/3134 3941/3254/3135 3940/3251/3070
f 3939/3252/3133 3940/3251/3070 3943/3255/3070 3942/3256/3136
f 3940/3251/3070 3941/3254/3135 3944/3257/3137 3943/3255/3070
f 185/3245/3127 1548/3258/3138 3936/3249/3131 1545/3246/3128
f 1548/3258/3138 1549/3259/3014 3937/3250/3132 3936/3249/3131
f 1549/3259/3014 1550/3260/3139 3938/3253/3134 3937/3250/3132
f 1550/3260/3139 186/3261/3140 1551/3262/3141 3938/3253/3134
f 3938/3253/3134 1551/3262/3141 1552/3263/3142 3941/3254/3135
f 3941/3254/3135 1552/3263/3142 1553/3264/3143 3944/3257/3137
f 3944/3257/3137 1553/3264/3143 60/3197/3079 1526/3196/3078
f 3943/3255/3070 3944/3257/3137 1526/3196/3078 1525/3195/3069
f 3942/3256/3136 3943/3255/3070 1525/3195/3069 1524/3194/3077
f 1547/3248/3130 3942/3256/3136 1524/3194/3077 59/3181/3064
f 1546/3247/3129 3939/3252/3133 3942/3256/3136 1547/3248/3130
f 1545/3246/3128 3936/3249/3131 3939/3252/3133 1546/3247/3129
f 3945/3265/3144 3946/3266/3145 3949/3267/3146 3948/3268/3147
f 3946/3266/3145 3947/3269/3148 3950/3270/3149 3949/3267/3146
f 3948/3268/3147 3949/3267/3146 3952/3271/3150 3951/3272/3151
f 3949/3267/3146 3950/3270/3149 3953/3273/3152 3952/3271/3150
f 186/3261/3140 1554/3274/3153 3945/3265/3144 1551/3262/3141
f 1554/3274/3153 1555/3275/3154 3946/3266/3145 3945/3265/3144
f 1555/3275/3154 1556/3276/3155 3947/3269/3148 3946/3266/3145
f 1556/3276/3155 183/3222/3104 1535/3224/3106 3947/3269/3148
f 3947/3269/3148 1535/3224/3106 1534/3232/3114 3950/3270/3149
f 3950/3270/3149 1534/3232/3114 1533/3231/3113 3953/3273/3152
f 3953/3273/3152 1533/3231/3113 57/3158/3041 1532/3212/3094
f 3952/3271/3150 3953/3273/3152 1532/3212/3094 1531/3211/3093
f 3951/3272/3151 3952/3271/3150 1531/3211/3093 1530/3210/3092
f 1553/3264/3143 3951/3272/3151 1530/3210/3092 60/3197/3079
f 1552/3263/3142 3948/3268/3147 3951/3272/3151 1553/3264/3143
f 1551/3262/3141 3945/3265/3144 3948/3268/3147 1552/3263/3142
f 3954/3277/3156 3955/3278/3157 3958/3279/3157 3957/3280/3158
f 3955/3278/3157 3956/3281/3159 3959/3282/3159 3958/3279/3157
f 3957/3280/3158 3958/3279/3157 3961/3283/3160 3960/3284/3158
f 3958/3279/3157 3959/3282/3159 3962/3285/3161 3961/3283/3160
f 187/3286/3162 1560/3287/3158 3954/3277/3156 1559/3288/3162
f 1560/3287/3158 1561/3289/3157 3955/3278/3157 3954/3277/3156
f 1561/3289/3157 1562/3290/3159 3956/3281/3159 3955/3278/3157
f 1562/3290/3159 188/3291/3163 1563/3292/3163 3956/3281/3159
f 3956/3281/3159 1563/3292/3163 1564/3293/3164 3959/3282/3159
f 3959/3282/3159 1564/3293/3164 1565/3294/3165 3962/3285/3161
f 3962/3285/3161 1565/3294/3165 184/3227/3109 1538/3226/3108
f 3961/3283/3160 3962/3285/3161 1538/3226/3108 1537/3225/3107
f 3960/3284/3158 3961/3283/3160 1537/3225/3107 1536/3223/3105
f 1557/3295/3166 3960/3284/3158 1536/3223/3105 183/3222/3104
f 1558/3296/3162 3957/3280/3158 3960/3284/3158 1557/3295/3166
f 1559/3288/3162 3954/3277/3156 3957/3280/3158 1558/3296/3162
f 3963/3297/3167 3964/3298/3168 3967/3299/3168 3966/3300/3167
f 3964/3298/3168 3965/3301/3169 3968/3302/3170 3967/3299/3168
f 3966/3300/3167 3967/3299/3168 3970/3303/3168 3969/3304/3167
f 3967/3299/3168 3968/3302/3170 3971/3305/3170 3970/3303/3168
f 188/3291/3163 1566/3306/3167 3963/3297/3167 1563/3292/3163
f 1566/3306/3167 1567/3307/3168 3964/3298/3168 3963/3297/3167
f 1567/3307/3168 1568/3308/3169 3965/3301/3169 3964/3298/3168
f 1568/3308/3169 189/3309/3171 1569/3310/3172 3965/3301/3169
f 3965/3301/3169 1569/3310/3172 1570/3311/3172 3968/3302/3170
f 3968/3302/3170 1570/3311/3172 1571/3312/3173 3971/3305/3170
f 3971/3305/3170 1571/3312/3173 185/3245/3127 1544/3244/3126
f 3970/3303/3168 3971/3305/3170 1544/3244/3126 1543/3243/3125
f 3969/3304/3167 3970/3303/3168 1543/3243/3125 1542/3242/3124
f 1565/3294/3165 3969/3304/3167 1542/3242/3124 184/3227/3109
f 1564/3293/3164 3966/3300/3167 3969/3304/3167 1565/3294/3165
f 1563/3292/3163 3963/3297/3167 3966/3300/3167 1564/3293/3164
f 3972/3313/3174 3973/3314/3006 3976/3315/3005 3975/3316/3174
f 3973/3314/3006 3974/3317/3175 3977/3318/3176 3976/3315/3005
f 3975/3316/3174 3976/3315/3005 3979/3319/3177 3978/3320/3178
f 3976/3315/3005 3977/3318/3176 3980/3321/3179 3979/3319/3177
f 189/3309/3171 1572/3322/3180 3972/3313/3174 1569/3310/3172
f 1572/3322/3180 1573/3323/3006 3973/3314/3006 3972/3313/3174
f 1573/3323/3006 1574/3324/3181 3974/3317/3175 3973/3314/3006
f 1574/3324/3181 190/3325/3182 1575/3326/3182 3974/3317/3175
f 3974/3317/3175 1575/3326/3182 1576/3327/3182 3977/3318/3176
f 3977/3318/3176 1576/3327/3182 1577/3328/3183 3980/3321/3179
f 3980/3321/3179 1577/3328/3183 186/3261/3140 1550/3260/3139
f 3979/3319/3177 3980/3321/3179 1550/3260/3139 1549/3259/3014
f 3978/3320/3178 3979/3319/3177 1549/3259/3014 1548/3258/3138
f 1571/3312/3173 3978/3320/3178 1548/3258/3138 185/3245/3127
f 1570/3311/3172 3975/3316/3174 3978/3320/3178 1571/3312/3173
f 1569/3310/3172 3972/3313/3174 3975/3316/3174 1570/3311/3172
f 3981/3329/3184 3982/3330/3185 3985/3331/3185 3984/3332/3184
f 3982/3330/3185 3983/3333/3186 3986/3334/3187 3985/3331/3185
f 3984/3332/3184 3985/3331/3185 3988/3335/3188 3987/3336/3189
f 3985/3331/3185 3986/3334/3187 3989/3337/3187 3988/3335/3188
f 190/3325/3182 1578/3338/3184 3981/3329/3184 1575/3326/3182
f 1578/3338/3184 1579/3339/3185 3982/3330/3185 3981/3329/3184
f 1579/3339/3185 1580/3340/3186 3983/3333/3186 3982/3330/3185
f 1580/3340/3186 187/3286/3162 1559/3288/3162 3983/3333/3186
f 3983/3333/3186 1559/3288/3162 1558/3296/3162 3986/3334/3187
f 3986/3334/3187 1558/3296/3162 1557/3295/3166 3989/3337/3187
f 3989/3337/3187 1557/3295/3166 183/3222/3104 1556/3276/3155
f 3988/3335/3188 3989/3337/3187 1556/3276/3155 1555/3275/3154
f 3987/3336/3189 3988/3335/3188 1555/3275/3154 1554/3274/3153
f 1577/3328/3183 3987/3336/3189 1554/3274/3153 186/3261/3140
f 1576/3327/3182 3984/3332/3184 3987/3336/3189 1577/3328/3183
f 1575/3326/3182 3981/3329/3184 3984/3332/3184 1576/3327/3182
f 3990/3341/3190 3991/3342/3191 3994/3343/3192 3993/3344/3193
f 3991/3342/3191 3992/3345/3194 3995/3346/3195 3994/3343/3192
f 3993/3344/3193 3994/3343/3192 3997/3347/3196 3996/3348/3197
f 3994/3343/3192 3995/3346/3195 3998/3349/3198 3997/3347/3196
f 191/3350/3199 1584/3351/3200 3990/3341/3190 1583/3352/3201
f 1584/3351/3200 1585/3353/3192 3991/3342/3191 3990/3341/3190
f 1585/3353/3192 1586/3354/3202 3992/3345/3194 3991/3342/3191
f 1586/3354/3202 192/3355/3203 1587/3356/3204 3992/3345/3194
f 3992/3345/3194 1587/3356/3204 1588/3357/3205 3995/3346/3195
f 3995/3346/3195 1588/3357/3205 1589/3358/3206 3998/3349/3198
f 3998/3349/3198 1589/3358/3206 188/3291/3163 1562/3290/3159
f 3997/3347/3196 3998/3349/3198 1562/3290/3159 1561/3289/3157
f 3996/3348/3197 3997/3347/3196 1561/3289/3157 1560/3287/3158
f 1581/3359/3207 3996/3348/3197 1560/3287/3158 187/3286/3162
f 1582/3360/3208 3993/3344/3193 3996/3348/3197 1581/3359/3207
f 1583/3352/3201 3990/3341/3190 3993/3344/3193 1582/3360/3208
f 3999/3361/3209 4000/3362/3210 4003/3363/3211 4002/3364/3212
f 4000/3362/3210 4001/3365/3169 4004/3366/3169 4003/3363/3211
f 4002/3364/3212 4003/3363/3211 4006/3367/3168 4005/3368/3213
f 4003/3363/3211 4004/3366/3169 4007/3369/3169 4006/3367/3168
f 192/3355/3203 1590/3370/3214 3999/3361/3209 1587/3356/3204
f 1590/3370/3214 1591/3371/3215 4000/3362/3210 3999/3361/3209
f 1591/3371/3215 1592/3372/3216 4001/3365/3169 4000/3362/3210
f 1592/3372/3216 193/3373/3217 1593/3374/3171 4001/3365/3169
f 4001/3365/3169 1593/3374/3171 1594/3375/3171 4004/3366/3169
f 4004/3366/3169 1594/3375/3171 1595/3376/3171 4007/3369/3169
f 4007/3369/3169 1595/3376/3171 189/3309/3171 1568/3308/3169
f 4006/3367/3168 4007/3369/3169 1568/3308/3169 1567/3307/3168
f 4005/3368/3213 4006/3367/3168 1567/3307/3168 1566/3306/3167
f 1589/3358/3206 4005/3368/3213 1566/3306/3167 188/3291/3163
f 1588/3357/3205 4002/3364/3212 4005/3368/3213 1589/3358/3206
f 1587/3356/3204 3999/3361/3209 4002/3364/3212 1588/3357/3205
f 4008/3377/3218 4009/3378/3010 4012/3379/3219 4011/3380/3220
f 4009/3378/3010 4010/3381/3221 4013/3382/3181 4012/3379/3219
f 4011/3380/3220 4012/3379/3219 4015/3383/3006 4014/3384/3180
f 4012/3379/3219 4013/3382/3181 4016/3385/3181 4015/3383/3006
f 193/3373/3217 1596/3386/3222 4008/3377/3218 1593/3374/3171
f 1596/3386/3222 1597/3387/3223 4009/3378/3010 4008/3377/3218
f 1597/3387/3223 1598/3388/3224 4010/3381/3221 4009/3378/3010
f 1598/3388/3224 194/3389/3225 1599/3390/3226 4010/3381/3221
f 4010/3381/3221 1599/3390/3226 1600/3391/3182 4013/3382/3181
f 4013/3382/3181 1600/3391/3182 1601/3392/3182 4016/3385/3181
f 4016/3385/3181 1601/3392/3182 190/3325/3182 1574/3324/3181
f 4015/3383/3006 4016/3385/3181 1574/3324/3181 1573/3323/3006
f 4014/3384/3180 4015/3383/3006 1573/3323/3006 1572/3322/3180
f 1595/3376/3171 4014/3384/3180 1572/3322/3180 189/3309/3171
f 1594/3375/3171 4011/3380/3220 4014/3384/3180 1595/3376/3171
f 1593/3374/3171 4008/3377/3218 4011/3380/3220 1594/3375/3171
f 4017/3393/3227 4018/3394/3228 4021/3395/3229 4020/3396/3184
f 4018/3394/3228 4019/3397/3230 4022/3398/3231 4021/3395/3229
f 4020/3396/3184 4021/3395/3229 4024/3399/3185 4023/3400/3184
f 4021/3395/3229 4022/3398/3231 4025/3401/3232 4024/3399/3185
f 194/3389/3225 1602/3402/3233 4017/3393/3227 1599/3390/3226
f 1602/3402/3233 1603/3403/3234 4018/3394/3228 4017/3393/3227
f 1603/3403/3234 1604/3404/3235 4019/3397/3230 4018/3394/3228
f 1604/3404/3235 191/3350/3199 1583/3352/3201 4019/3397/3230
f 4019/3397/3230 1583/3352/3201 1582/3360/3208 4022/3398/3231
f 4022/3398/3231 1582/3360/3208 1581/3359/3207 4025/3401/3232
f 4025/3401/3232 1581/3359/3207 187/3286/3162 1580/3340/3186
f 4024/3399/3185 4025/3401/3232 1580/3340/3186 1579/3339/3185
f 4023/3400/3184 4024/3399/3185 1579/3339/3185 1578/3338/3184
f 1601/3392/3182 4023/3400/3184 1578/3338/3184 190/3325/3182
f 1600/3391/3182 4020/3396/3184 4023/3400/3184 1601/3392/3182
f 1599/3390/3226 4017/3393/3227 4020/3396/3184 1600/3391/3182
f 4026/3405/3236 4027/3406/3237 4030/3407/3238 4029/3408/3239
f 4027/3406/3237 4028/3409/3240 4031/3410/3241 4030/3407/3238
f 4029/3408/3239 4030/3407/3238 4033/3411/3242 4032/3412/3243
f 4030/3407/3238 4031/3410/3241 4034/3413/3244 4033/3411/3242
f 61/3414/3245 1608/3415/3246 4026/3405/3236 1607/3416/3247
f 1608/3415/3246 1609/3417/3248 4027/3406/3237 4026/3405/3236
f 1609/3417/3248 1610/3418/3249 4028/3409/3240 4027/3406/3237
f 1610/3418/3249 62/3419/3250 1611/3420/3251 4028/3409/3240
f 4028/3409/3240 1611/3420/3251 1612/3421/3252 4031/3410/3241
f 4031/3410/3241 1612/3421/3252 1613/3422/3253 4034/3413/3244
f 4034/3413/3244 1613/3422/3253 192/3355/3203 1586/3354/3202
f 4033/3411/3242 4034/3413/3244 1586/3354/3202 1585/3353/3192
f 4032/3412/3243 4033/3411/3242 1585/3353/3192 1584/3351/3200
f 1605/3423/3254 4032/3412/3243 1584/3351/3200 191/3350/3199
f 1606/3424/3255 4029/3408/3239 4032/3412/3243 1605/3423/3254
f 1607/3416/3247 4026/3405/3236 4029/3408/3239 1606/3424/3255
f 4035/3425/3256 4036/3426/3257 4039/3427/3258 4038/3428/3259
f 4036/3426/3257 4037/3429/3260 4040/3430/3261 4039/3427/3258
f 4038/3428/3259 4039/3427/3258 4042/3431/3262 4041/3432/3263
f 4039/3427/3258 4040/3430/3261 4043/3433/3264 4042/3431/3262
f 62/3419/3250 1614/3434/3265 4035/3425/3256 1611/3420/3251
f 1614/3434/3265 1615/3435/3266 4036/3426/3257 4035/3425/3256
f 1615/3435/3266 1616/3436/3267 4037/3429/3260 4036/3426/3257
f 1616/3436/3267 63/3437/3268 1617/3438/3269 4037/3429/3260
f 4037/3429/3260 1617/3438/3269 1618/3439/3270 4040/3430/3261
f 4040/3430/3261 1618/3439/3270 1619/3440/3271 4043/3433/3264
f 4043/3433/3264 1619/3440/3271 193/3373/3217 1592/3372/3216
f 4042/3431/3262 4043/3433/3264 1592/3372/3216 1591/3371/3215
f 4041/3432/3263 4042/3431/3262 1591/3371/3215 1590/3370/3214
f 1613/3422/3253 4041/3432/3263 1590/3370/3214 192/3355/3203
f 1612/3421/3252 4038/3428/3259 4041/3432/3263 1613/3422/3253
f 1611/3420/3251 4035/3425/3256 4038/3428/3259 1612/3421/3252
f 4044/3441/3272 4045/3442/3273 4048/3443/3274 4047/3444/3275
f 4045/3442/3273 4046/3445/3276 4049/3446/3277 4048/3443/3274
f 4047/3444/3275 4048/3443/3274 4051/3447/3278 4050/3448/3279
f 4048/3443/3274 4049/3446/3277 4052/3449/3280 4051/3447/3278
f 63/3437/3268 1620/3450/3281 4044/3441/3272 1617/3438/3269
f 1620/3450/3281 1621/3451/3282 4045/3442/3273 4044/3441/3272
f 1621/3451/3282 1622/3452/3283 4046/3445/3276 4045/3442/3273
f 1622/3452/3283 64/3453/3284 1623/3454/3285 4046/3445/3276
f 4046/3445/3276 1623/3454/3285 1624/3455/3286 4049/3446/3277
f 4049/3446/3277 1624/3455/3286 1625/3456/3287 4052/3449/3280
f 4052/3449/3280 1625/3456/3287 194/3389/3225 1598/3388/3224
f 4051/3447/3278 4052/3449/3280 1598/3388/3224 1597/3387/3223
f 4050/3448/3279 4051/3447/3278 1597/3387/3223 1596/3386/3222
f 1619/3440/3271 4050/3448/3279 1596/3386/3222 193/3373/3217
f 1618/3439/3270 4047/3444/3275 4050/3448/3279 1619/3440/3271
f 1617/3438/3269 4044/3441/3272 4047/3444/3275 1618/3439/3270
f 4053/3457/3288 4054/3458/3289 4057/3459/3290 4056/3460/3291
f 4054/3458/3289 4055/3461/3292 4058/3462/3293 4057/3459/3290
f 4056/3460/3291 4057/3459/3290 4060/3463/3294 4059/3464/3295
f 4057/3459/3290 4058/3462/3293 4061/3465/3296 4060/3463/3294
f 64/3453/3284 1626/3466/3297 4053/3457/3288 1623/3454/3285
f 1626/3466/3297 1627/3467/3298 4054/3458/3289 4053/3457/3288
f 1627/3467/3298 1628/3468/3299 4055/3461/3292 4054/3458/3289
f 1628/3468/3299 61/3414/3245 1607/3416/3247 4055/3461/3292
f 4055/3461/3292 1607/3416/3247 1606/3424/3255 4058/3462/3293
f 4058/3462/3293 1606/3424/3255 1605/3423/3254 4061/3465/3296
f 4061/3465/3296 1605/3423/3254 191/3350/3199 1604/3404/3235
f 4060/3463/3294 4061/3465/3296 1604/3404/3235 1603/3403/3234
f 4059/3464/3295 4060/3463/3294 1603/3403/3234 1602/3402/3233
f 1625/3456/3287 4059/3464/3295 1602/3402/3233 194/3389/3225
f 1624/3455/3286 4056/3460/3291 4059/3464/3295 1625/3456/3287
f 1623/3454/3285 4053/3457/3288 4056/3460/3291 1624/3455/3286
f 4062/3469/3300 4063/3470/3301 4066/3471/3302 4065/3472/3303
f 4063/3470/3301 4064/3473/3304 4067/3474/3305 4066/3471/3302
f 4065/3472/3303 4066/3471/3302 4069/3475/3306 4068/3476/3307
f 4066/3471/3302 4067/3474/3305 4070/3477/3308 4069/3475/3306
f 65/3478/3309 1632/3479/3310 4062/3469/3300 1631/3480/3311
f 1632/3479/3310 1633/3481/3312 4063/3470/3301 4062/3469/3300
f 1633/3481/3312 1634/3482/3313 4064/3473/3304 4063/3470/3301
f 1634/3482/3313 66/3483/3314 1635/3484/3315 4064/3473/3304
f 4064/3473/3304 1635/3484/3315 1636/3485/3316 4067/3474/3305
f 4067/3474/3305 1636/3485/3316 1637/3486/3317 4070/3477/3308
f 4070/3477/3308 1637/3486/3317 62/3419/3250 1610/3418/3249
f 4069/3475/3306 4070/3477/3308 1610/3418/3249 1609/3417/3248
f 4068/3476/3307 4069/3475/3306 1609/3417/3248 1608/3415/3246
f 1629/3487/3318 4068/3476/3307 1608/3415/3246 61/3414/3245
f 1630/3488/3319 4065/3472/3303 4068/3476/3307 1629/3487/3318
f 1631/3480/3311 4062/3469/3300 4065/3472/3303 1630/3488/3319
f 4071/3489/3320 4072/3490/3321 4075/3491/3322 4074/3492/3323
f 4072/3490/3321 4073/3493/3324 4076/3494/3325 4075/3491/3322
f 4074/3492/3323 4075/3491/3322 4078/3495/3326 4077/3496/3327
f 4075/3491/3322 4076/3494/3325 4079/3497/3328 4078/3495/3326
f 66/3483/3314 1638/3498/3329 4071/3489/3320 1635/3484/3315
f 1638/3498/3329 1639/3499/3330 4072/3490/3321 4071/3489/3320
f 1639/3499/3330 1640/3500/3331 4073/3493/3324 4072/3490/3321
f 1640/3500/3331 67/3501/3332 1641/3502/3333 4073/3493/3324
f 4073/3493/3324 1641/3502/3333 1642/3503/3334 4076/3494/3325
f 4076/3494/3325 1642/3503/3334 1643/3504/3335 4079/3497/3328
f 4079/3497/3328 1643/3504/3335 63/3437/3268 1616/3436/3267
f 4078/3495/3326 4079/3497/3328 1616/3436/3267 1615/3435/3266
f 4077/3496/3327 4078/3495/3326 1615/3435/3266 1614/3434/3265
f 1637/3486/3317 4077/3496/3327 1614/3434/3265 62/3419/3250
f 1636/3485/3316 4074/3492/3323 4077/3496/3327 1637/3486/3317
f 1635/3484/3315 4071/3489/3320 4074/3492/3323 1636/3485/3316
f 4080/3505/3336 4081/3506/3337 4084/3507/3338 4083/3508/3339
f 4081/3506/3337 4082/3509/3340 4085/3510/3341 4084/3507/3338
f 4083/3508/3339 4084/3507/3338 4087/3511/3342 4086/3512/3343
f 4084/3507/3338 4085/3510/3341 4088/3513/3344 4087/3511/3342
f 67/3501/3332 1644/3514/3345 4080/3505/3336 1641/3502/3333
f 1644/3514/3345 1645/3515/3346 4081/3506/3337 4080/3505/3336
f 1645/3515/3346 1646/3516/3347 4082/3509/3340 4081/3506/3337
f 1646/3516/3347 68/3517/3348 1647/3518/3349 4082/3509/3340
f 4082/3509/3340 1647/3518/3349 1648/3519/3350 4085/3510/3341
f 4085/3510/3341 1648/3519/3350 1649/3520/3351 4088/3513/3344
f 4088/3513/3344 1649/3520/3351 64/3453/3284 1622/3452/3283
f 4087/3511/3342 4088/3513/3344 1622/3452/3283 1621/3451/3282
f 4086/3512/3343 4087/3511/3342 1621/3451/3282 1620/3450/3281
f 1643/3504/3335 4086/3512/3343 1620/3450/3281 63/3437/3268
f 1642/3503/3334 4083/3508/3339 4086/3512/3343 1643/3504/3335
f 1641/3502/3333 4080/3505/3336 4083/3508/3339 1642/3503/3334
f 4089/3521/3352 4090/3522/3353 4093/3523/3354 4092/3524/3355
f 4090/3522/3353 4091/3525/3356 4094/3526/3357 4093/3523/3354
f 4092/3524/3355 4093/3523/3354 4096/3527/3358 4095/3528/3359
f 4093/3523/3354 4094/3526/3357 4097/3529/3360 4096/3527/3358
f 68/3517/3348 1650/3530/3361 4089/3521/3352 1647/3518/3349
f 1650/3530/3361 1651/3531/3362 4090/3522/3353 4089/3521/3352
f 1651/3531/3362 1652/3532/3363 4091/3525/3356 4090/3522/3353
f 1652/3532/3363 65/3478/3309 1631/3480/3311 4091/3525/3356
f 4091/3525/3356 1631/3480/3311 1630/3488/3319 4094/3526/3357
f 4094/3526/3357 1630/3488/3319 1629/3487/3318 4097/3529/3360
f 4097/3529/3360 1629/3487/3318 61/3414/3245 1628/3468/3299
f 4096/3527/3358 4097/3529/3360 1628/3468/3299 1627/3467/3298
f 4095/3528/3359 4096/3527/3358 1627/3467/3298 1626/3466/3297
f 1649/3520/3351 4095/3528/3359 1626/3466/3297 64/3453/3284
f 1648/3519/3350 4092/3524/3355 4095/3528/3359 1649/3520/3351
f 1647/3518/3349 4089/3521/3352 4092/3524/3355 1648/3519/3350
f 4098/3533/3364 4099/3534/3365 4102/3535/3366 4101/3536/3367
f 4099/3534/3365 4100/3537/3368 4103/3538/3369 4102/3535/3366
f 4101/3536/3367 4102/3535/3366 4105/3539/3370 4104/3540/3371
f 4102/3535/3366 4103/3538/3369 4106/3541/3372 4105/3539/3370
f 69/963/923 950/961/921 4098/3533/3364 1655/3542/3373
f 950/961/921 949/960/920 4099/3534/3365 4098/3533/3364
f 949/960/920 948/959/919 4100/3537/3368 4099/3534/3365
f 948/959/919 70/958/918 1656/3543/3374 4100/3537/3368
f 4100/3537/3368 1656/3543/3374 1657/3544/3375 4103/3538/3369
f 4103/3538/3369 1657/3544/3375 1658/3545/3376 4106/3541/3372
f 4106/3541/3372 1658/3545/3376 66/3483/3314 1634/3482/3313
f 4105/3539/3370 4106/3541/3372 1634/3482/3313 1633/3481/3312
f 4104/3540/3371 4105/3539/3370 1633/3481/3312 1632/3479/3310
f 1653/3546/3377 4104/3540/3371 1632/3479/3310 65/3478/3309
f 1654/3547/3378 4101/3536/3367 4104/3540/3371 1653/3546/3377
f 1655/3542/3373 4098/3533/3364 4101/3536/3367 1654/3547/3378
f 4107/3548/3379 4108/3549/3380 4111/3550/3381 4110/3551/3382
f 4108/3549/3380 4109/3552/3383 4112/3553/3384 4111/3550/3381
f 4110/3551/3382 4111/3550/3381 4114/3554/3385 4113/3555/3386
f 4111/3550/3381 4112/3553/3384 4115/3556/3387 4114/3554/3385
f 70/958/918 947/957/917 4107/3548/3379 1656/3543/3374
f 947/957/917 946/956/916 4108/3549/3380 4107/3548/3379
f 946/956/916 945/955/915 4109/3552/3383 4108/3549/3380
f 945/955/915 71/954/914 1659/3557/3388 4109/3552/3383
f 4109/3552/3383 1659/3557/3388 1660/3558/3389 4112/3553/3384
f 4112/3553/3384 1660/3558/3389 1661/3559/3390 4115/3556/3387
f 4115/3556/3387 1661/3559/3390 67/3501/3332 1640/3500/3331
f 4114/3554/3385 4115/3556/3387 1640/3500/3331 1639/3499/3330
f 4113/3555/3386 4114/3554/3385 1639/3499/3330 1638/3498/3329
f 1658/3545/3376 4113/3555/3386 1638/3498/3329 66/3483/3314
f 1657/3544/3375 4110/3551/3382 4113/3555/3386 1658/3545/3376
f 1656/3543/3374 4107/3548/3379 4110/3551/3382 1657/3544/3375
f 4116/3560/3391 4117/3561/3392 4120/3562/3393 4119/3563/3394
f 4117/3561/3392 4118/3564/3395 4121/3565/3396 4120/3562/3393
f 4119/3563/3394 4120/3562/3393 4123/3566/3397 4122/3567/3398
f 4120/3562/3393 4121/3565/3396 4124/3568/3399 4123/3566/3397
f 71/954/914 944/953/913 4116/3560/3391 1659/3557/3388
f 944/953/913 943/952/912 4117/3561/3392 4116/3560/3391
f 943/952/912 942/950/910 4118/3564/3395 4117/3561/3392
f 942/950/910 72/949/909 1662/3569/3400 4118/3564/3395
f 4118/3564/3395 1662/3569/3400 1663/3570/3401 4121/3565/3396
f 4121/3565/3396 1663/3570/3401 1664/3571/3402 4124/3568/3399
f 4124/3568/3399 1664/3571/3402 68/3517/3348 1646/3516/3347
f 4123/3566/3397 4124/3568/3399 1646/3516/3347 1645/3515/3346
f 4122/3567/3398 4123/3566/3397 1645/3515/3346 1644/3514/3345
f 1661/3559/3390 4122/3567/3398 1644/3514/3345 67/3501/3332
f 1660/3558/3389 4119/3563/3394 4122/3567/3398 1661/3559/3390
f 1659/3557/3388 4116/3560/3391 4119/3563/3394 1660/3558/3389
f 4125/3572/3403 4126/3573/3404 4129/3574/3405 4128/3575/3406
f 4126/3573/3404 4127/3576/3407 4130/3577/3408 4129/3574/3405
f 4128/3575/3406 4129/3574/3405 4132/3578/3409 4131/3579/3410
f 4129/3574/3405 4130/3577/3408 4133/3580/3411 4132/3578/3409
f 72/949/909 941/951/911 4125/3572/3403 1662/3569/3400
f 941/951/911 940/964/924 4126/3573/3404 4125/3572/3403
f 940/964/924 939/962/922 4127/3576/3407 4126/3573/3404
f 939/962/922 69/963/923 1655/3542/3373 4127/3576/3407
f 4127/3576/3407 1655/3542/3373 1654/3547/3378 4130/3577/3408
f 4130/3577/3408 1654/3547/3378 1653/3546/3377 4133/3580/3411
f 4133/3580/3411 1653/3546/3377 65/3478/3309 1652/3532/3363
f 4132/3578/3409 4133/3580/3411 1652/3532/3363 1651/3531/3362
f 4131/3579/3410 4132/3578/3409 1651/3531/3362 1650/3530/3361
f 1664/3571/3402 4131/3579/3410 1650/3530/3361 68/3517/3348
f 1663/3570/3401 4128/3575/3406 4131/3579/3410 1664/3571/3402
f 1662/3569/3400 4125/3572/3403 4128/3575/3406 1663/3570/3401
f 4134/3581/3412 4135/3582/3413 4138/3583/3414 4137/3584/3415
f 4135/3582/3413 4136/3585/3416 4139/3586/3417 4138/3583/3414
f 4137/3584/3415 4138/3583/3414 4141/3587/3418 4140/3588/3419
f 4138/3583/3414 4139/3586/3417 4142/3589/3420 4141/3587/3418
f 195/3590/3421 1668/3591/3422 4134/3581/3412 1667/3592/3423
f 1668/3591/3422 1669/3593/3424 4135/3582/3413 4134/3581/3412
f 1669/3593/3424 1670/3594/3425 4136/3585/3416 4135/3582/3413
f 1670/3594/3425 196/3595/3426 1671/3596/3427 4136/3585/3416
f 4136/3585/3416 1671/3596/3427 1672/3597/3428 4139/3586/3417
f 4139/3586/3417 1672/3597/3428 1673/3598/3429 4142/3589/3420
f 4142/3589/3420 1673/3598/3429 74/1309/1269 356/1833/1783
f 4141/3587/3418 4142/3589/3420 356/1833/1783 355/1832/1782
f 4140/3588/3419 4141/3587/3418 355/1832/1782 354/1831/1781
f 1665/3599/3430 4140/3588/3419 354/1831/1781 73/1362/1319
f 1666/3600/3431 4137/3584/3415 4140/3588/3419 1665/3599/3430
f 1667/3592/3423 4134/3581/3412 4137/3584/3415 1666/3600/3431
f 4143/3601/3432 4144/3602/3433 4147/3603/3434 4146/3604/3435
f 4144/3602/3433 4145/3605/3436 4148/3606/3437 4147/3603/3434
f 4146/3604/3435 4147/3603/3434 4150/3607/3438 4149/3608/3439
f 4147/3603/3434 4148/3606/3437 4151/3609/3440 4150/3607/3438
f 196/3595/3426 1674/3610/3441 4143/3601/3432 1671/3596/3427
f 1674/3610/3441 1675/3611/3442 4144/3602/3433 4143/3601/3432
f 1675/3611/3442 1676/3612/3443 4145/3605/3436 4144/3602/3433
f 1676/3612/3443 197/3613/3444 1677/3614/3445 4145/3605/3436
f 4145/3605/3436 1677/3614/3445 1678/3615/3446 4148/3606/3437
f 4148/3606/3437 1678/3615/3446 1679/3616/3447 4151/3609/3440
f 4151/3609/3440 1679/3616/3447 103/764/764 320/1312/1272
f 4150/3607/3438 4151/3609/3440 320/1312/1272 319/1311/1271
f 4149/3608/3439 4150/3607/3438 319/1311/1271 318/1310/1270
f 1673/3598/3429 4149/3608/3439 318/1310/1270 74/1309/1269
f 1672/3597/3428 4146/3604/3435 4149/3608/3439 1673/3598/3429
f 1671/3596/3427 4143/3601/3432 4146/3604/3435 1672/3597/3428
f 4152/3617/3448 4153/3618/3449 4156/3619/3450 4155/3620/3451
f 4153/3618/3449 4154/3621/3452 4157/3622/3453 4156/3619/3450
f 4155/3620/3451 4156/3619/3450 4159/3623/3454 4158/3624/3455
f 4156/3619/3450 4157/3622/3453 4160/3625/3456 4159/3623/3454
f 197/3613/3444 1680/3626/3457 4152/3617/3448 1677/3614/3445
f 1680/3626/3457 1681/3627/3458 4153/3618/3449 4152/3617/3448
f 1681/3627/3458 1682/3628/3459 4154/3621/3452 4153/3618/3449
f 1682/3628/3459 198/3629/3460 1683/3630/3461 4154/3621/3452
f 4154/3621/3452 1683/3630/3461 1684/3631/3462 4157/3622/3453
f 4157/3622/3453 1684/3631/3462 1685/3632/3463 4160/3625/3456
f 4160/3625/3456 1685/3632/3463 75/2141/2076 365/2139/2074
f 4159/3623/3454 4160/3625/3456 365/2139/2074 364/2138/2073
f 4158/3624/3455 4159/3623/3454 364/2138/2073 363/2137/2072
f 1679/3616/3447 4158/3624/3455 363/2137/2072 103/764/764
f 1678/3615/3446 4155/3620/3451 4158/3624/3455 1679/3616/3447
f 1677/3614/3445 4152/3617/3448 4155/3620/3451 1678/3615/3446
f 4161/3633/3464 4162/3634/3465 4165/3635/3466 4164/3636/3467
f 4162/3634/3465 4163/3637/3468 4166/3638/3469 4165/3635/3466
f 4164/3636/3467 4165/3635/3466 4168/3639/3470 4167/3640/3471
f 4165/3635/3466 4166/3638/3469 4169/3641/3472 4168/3639/3470
f 198/3629/3460 1686/3642/3473 4161/3633/3464 1683/3630/3461
f 1686/3642/3473 1687/3643/3474 4162/3634/3465 4161/3633/3464
f 1687/3643/3474 1688/3644/3475 4163/3637/3468 4162/3634/3465
f 1688/3644/3475 195/3590/3421 1667/3592/3423 4163/3637/3468
f 4163/3637/3468 1667/3592/3423 1666/3600/3431 4166/3638/3469
f 4166/3638/3469 1666/3600/3431 1665/3599/3430 4169/3641/3472
f 4169/3641/3472 1665/3599/3430 73/1362/1319 375/2136/2071
f 4168/3639/3470 4169/3641/3472 375/2136/2071 376/2142/2077
f 4167/3640/3471 4168/3639/3470 376/2142/2077 377/2140/2075
f 1685/3632/3463 4167/3640/3471 377/2140/2075 75/2141/2076
f 1684/3631/3462 4164/3636/3467 4167/3640/3471 1685/3632/3463
f 1683/3630/3461 4161/3633/3464 4164/3636/3467 1684/3631/3462
f 4170/3645/3476 4171/3646/3477 4174/3647/3478 4173/3648/3479
f 4171/3646/3477 4172/3649/3480 4175/3650/3481 4174/3647/3478
f 4173/3648/3479 4174/3647/3478 4177/3651/3482 4176/3652/3483
f 4174/3647/3478 4175/3650/3481 4178/3653/3484 4177/3651/3482
f 199/3654/3485 1692/3655/3486 4170/3645/3476 1691/3656/3487
f 1692/3655/3486 1693/3657/3488 4171/3646/3477 4170/3645/3476
f 1693/3657/3488 1694/3658/3489 4172/3649/3480 4171/3646/3477
f 1694/3658/3489 200/3659/3490 1695/3660/3491 4172/3649/3480
f 4172/3649/3480 1695/3660/3491 1696/3661/3492 4175/3650/3481
f 4175/3650/3481 1696/3661/3492 1697/3662/3493 4178/3653/3484
f 4178/3653/3484 1697/3662/3493 196/3595/3426 1670/3594/3425
f 4177/3651/3482 4178/3653/3484 1670/3594/3425 1669/3593/3424
f 4176/3652/3483 4177/3651/3482 1669/3593/3424 1668/3591/3422
f 1689/3663/3494 4176/3652/3483 1668/3591/3422 195/3590/3421
f 1690/3664/3495 4173/3648/3479 4176/3652/3483 1689/3663/3494
f 1691/3656/3487 4170/3645/3476 4173/3648/3479 1690/3664/3495
f 4179/3665/3496 4180/3666/3497 4183/3667/3498 4182/3668/3499
f 4180/3666/3497 4181/3669/3500 4184/3670/3501 4183/3667/3498
f 4182/3668/3499 4183/3667/3498 4186/3671/3502 4185/3672/3503
f 4183/3667/3498 4184/3670/3501 4187/3673/3504 4186/3671/3502
f 200/3659/3490 1698/3674/3505 4179/3665/3496 1695/3660/3491
f 1698/3674/3505 1699/3675/3506 4180/3666/3497 4179/3665/3496
f 1699/3675/3506 1700/3676/3507 4181/3669/3500 4180/3666/3497
f 1700/3676/3507 201/3677/3508 1701/3678/3509 4181/3669/3500
f 4181/3669/3500 1701/3678/3509 1702/3679/3510 4184/3670/3501
f 4184/3670/3501 1702/3679/3510 1703/3680/3511 4187/3673/3504
f 4187/3673/3504 1703/3680/3511 197/3613/3444 1676/3612/3443
f 4186/3671/3502 4187/3673/3504 1676/3612/3443 1675/3611/3442
f 4185/3672/3503 4186/3671/3502 1675/3611/3442 1674/3610/3441
f 1697/3662/3493 4185/3672/3503 1674/3610/3441 196/3595/3426
f 1696/3661/3492 4182/3668/3499 4185/3672/3503 1697/3662/3493
f 1695/3660/3491 4179/3665/3496 4182/3668/3499 1696/3661/3492
f 4188/3681/3512 4189/3682/3513 4192/3683/3514 4191/3684/3515
f 4189/3682/3513 4190/3685/3516 4193/3686/3517 4192/3683/3514
f 4191/3684/3515 4192/3683/3514 4195/3687/3518 4194/3688/3519
f 4192/3683/3514 4193/3686/3517 4196/3689/3520 4195/3687/3518
f 201/3677/3508 1704/3690/3521 4188/3681/3512 1701/3678/3509
f 1704/3690/3521 1705/3691/3522 4189/3682/3513 4188/3681/3512
f 1705/3691/3522 1706/3692/3523 4190/3685/3516 4189/3682/3513
f 1706/3692/3523 202/3693/3524 1707/3694/3525 4190/3685/3516
f 4190/3685/3516 1707/3694/3525 1708/3695/3526 4193/3686/3517
f 4193/3686/3517 1708/3695/3526 1709/3696/3527 4196/3689/3520
f 4196/3689/3520 1709/3696/3527 198/3629/3460 1682/3628/3459
f 4195/3687/3518 4196/3689/3520 1682/3628/3459 1681/3627/3458
f 4194/3688/3519 4195/3687/3518 1681/3627/3458 1680/3626/3457
f 1703/3680/3511 4194/3688/3519 1680/3626/3457 197/3613/3444
f 1702/3679/3510 4191/3684/3515 4194/3688/3519 1703/3680/3511
f 1701/3678/3509 4188/3681/3512 4191/3684/3515 1702/3679/3510
f 4197/3697/3528 4198/3698/3529 4201/3699/3530 4200/3700/3531
f 4198/3698/3529 4199/3701/3532 4202/3702/3533 4201/3699/3530
f 4200/3700/3531 4201/3699/3530 4204/3703/3534 4203/3704/3535
f 4201/3699/3530 4202/3702/3533 4205/3705/3536 4204/3703/3534
f 202/3693/3524 1710/3706/3537 4197/3697/3528 1707/3694/3525
f 1710/3706/3537 1711/3707/3538 4198/3698/3529 4197/3697/3528
f 1711/3707/3538 1712/3708/3539 4199/3701/3532 4198/3698/3529
f 1712/3708/3539 199/3654/3485 1691/3656/3487 4199/3701/3532
f 4199/3701/3532 1691/3656/3487 1690/3664/3495 4202/3702/3533
f 4202/3702/3533 1690/3664/3495 1689/3663/3494 4205/3705/3536
f 4205/3705/3536 1689/3663/3494 195/3590/3421 1688/3644/3475
f 4204/3703/3534 4205/3705/3536 1688/3644/3475 1687/3643/3474
f 4203/3704/3535 4204/3703/3534 1687/3643/3474 1686/3642/3473
f 1709/3696/3527 4203/3704/3535 1686/3642/3473 198/3629/3460
f 1708/3695/3526 4200/3700/3531 4203/3704/3535 1709/3696/3527
f 1707/3694/3525 4197/3697/3528 4200/3700/3531 1708/3695/3526
f 4206/3709/3540 4207/3710/3541 4210/3711/3542 4209/3712/3543
f 4207/3710/3541 4208/3713/3544 4211/3714/3544 4210/3711/3542
f 4209/3712/3543 4210/3711/3542 4213/3715/3542 4212/3716/3543
f 4210/3711/3542 4211/3714/3544 4214/3717/3544 4213/3715/3542
f 203/3718/3545 1716/3719/3546 4206/3709/3540 1715/3720/3547
f 1716/3719/3546 1717/3721/3548 4207/3710/3541 4206/3709/3540
f 1717/3721/3548 1718/3722/3549 4208/3713/3544 4207/3710/3541
f 1718/3722/3549 204/3723/3550 1719/3724/3551 4208/3713/3544
f 4208/3713/3544 1719/3724/3551 1720/3725/3552 4211/3714/3544
f 4211/3714/3544 1720/3725/3552 1721/3726/3552 4214/3717/3544
f 4214/3717/3544 1721/3726/3552 200/3659/3490 1694/3658/3489
f 4213/3715/3542 4214/3717/3544 1694/3658/3489 1693/3657/3488
f 4212/3716/3543 4213/3715/3542 1693/3657/3488 1692/3655/3486
f 1713/3727/3553 4212/3716/3543 1692/3655/3486 199/3654/3485
f 1714/3728/3553 4209/3712/3543 4212/3716/3543 1713/3727/3553
f 1715/3720/3547 4206/3709/3540 4209/3712/3543 1714/3728/3553
f 4215/3729/3554 4216/3730/3555 4219/3731/3556 4218/3732/3554
f 4216/3730/3555 4217/3733/3557 4220/3734/3557 4219/3731/3556
f 4218/3732/3554 4219/3731/3556 4222/3735/3556 4221/3736/3554
f 4219/3731/3556 4220/3734/3557 4223/3737/3557 4222/3735/3556
f 204/3723/3550 1722/3738/3558 4215/3729/3554 1719/3724/3551
f 1722/3738/3558 1723/3739/3555 4216/3730/3555 4215/3729/3554
f 1723/3739/3555 1724/3740/3557 4217/3733/3557 4216/3730/3555
f 1724/3740/3557 205/3741/3559 1725/3742/3560 4217/3733/3557
f 4217/3733/3557 1725/3742/3560 1726/3743/3559 4220/3734/3557
f 4220/3734/3557 1726/3743/3559 1727/3744/3559 4223/3737/3557
f 4223/3737/3557 1727/3744/3559 201/3677/3508 1700/3676/3507
f 4222/3735/3556 4223/3737/3557 1700/3676/3507 1699/3675/3506
f 4221/3736/3554 4222/3735/3556 1699/3675/3506 1698/3674/3505
f 1721/3726/3552 4221/3736/3554 1698/3674/3505 200/3659/3490
f 1720/3725/3552 4218/3732/3554 4221/3736/3554 1721/3726/3552
f 1719/3724/3551 4215/3729/3554 4218/3732/3554 1720/3725/3552
f 4224/3745/3561 4225/3746/3562 4228/3747/3563 4227/3748/3561
f 4225/3746/3562 4226/3749/3564 4229/3750/3564 4228/3747/3563
f 4227/3748/3561 4228/3747/3563 4231/3751/3563 4230/3752/3565
f 4228/3747/3563 4229/3750/3564 4232/3753/3566 4231/3751/3563
f 205/3741/3559 1728/3754/3561 4224/3745/3561 1725/3742/3560
f 1728/3754/3561 1729/3755/3563 4225/3746/3562 4224/3745/3561
f 1729/3755/3563 1730/3756/3567 4226/3749/3564 4225/3746/3562
f 1730/3756/3567 206/3757/3568 1731/3758/3569 4226/3749/3564
f 4226/3749/3564 1731/3758/3569 1732/3759/3569 4229/3750/3564
f 4229/3750/3564 1732/3759/3569 1733/3760/3569 4232/3753/3566
f 4232/3753/3566 1733/3760/3569 202/3693/3524 1706/3692/3523
f 4231/3751/3563 4232/3753/3566 1706/3692/3523 1705/3691/3522
f 4230/3752/3565 4231/3751/3563 1705/3691/3522 1704/3690/3521
f 1727/3744/3559 4230/3752/3565 1704/3690/3521 201/3677/3508
f 1726/3743/3559 4227/3748/3561 4230/3752/3565 1727/3744/3559
f 1725/3742/3560 4224/3745/3561 4227/3748/3561 1726/3743/3559
f 4233/3761/3570 4234/3762/3571 4237/3763/3572 4236/3764/3573
f 4234/3762/3571 4235/3765/3574 4238/3766/3575 4237/3763/3572
f 4236/3764/3573 4237/3763/3572 4240/3767/3572 4239/3768/3573
f 4237/3763/3572 4238/3766/3575 4241/3769/3575 4240/3767/3572
f 206/3757/3568 1734/3770/3573 4233/3761/3570 1731/3758/3569
f 1734/3770/3573 1735/3771/3576 4234/3762/3571 4233/3761/3570
f 1735/3771/3576 1736/3772/3539 4235/3765/3574 4234/3762/3571
f 1736/3772/3539 203/3718/3545 1715/3720/3547 4235/3765/3574
f 4235/3765/3574 1715/3720/3547 1714/3728/3553 4238/3766/3575
f 4238/3766/3575 1714/3728/3553 1713/3727/3553 4241/3769/3575
f 4241/3769/3575 1713/3727/3553 199/3654/3485 1712/3708/3539
f 4240/3767/3572 4241/3769/3575 1712/3708/3539 1711/3707/3538
f 4239/3768/3573 4240/3767/3572 1711/3707/3538 1710/3706/3537
f 1733/3760/3569 4239/3768/3573 1710/3706/3537 202/3693/3524
f 1732/3759/3569 4236/3764/3573 4239/3768/3573 1733/3760/3569
f 1731/3758/3569 4233/3761/3570 4236/3764/3573 1732/3759/3569
f 4242/3773/3577 4243/3774/3578 4246/3775/3579 4245/3776/3580
f 4243/3774/3578 4244/3777/3581 4247/3778/3582 4246/3775/3579
f 4245/3776/3580 4246/3775/3579 4249/3779/3583 4248/3780/3584
f 4246/3775/3579 4247/3778/3582 4250/3781/3585 4249/3779/3583
f 76/3782/3586 1740/3783/3587 4242/3773/3577 1739/3784/3588
f 1740/3783/3587 1741/3785/3589 4243/3774/3578 4242/3773/3577
f 1741/3785/3589 1742/3786/3590 4244/3777/3581 4243/3774/3578
f 1742/3786/3590 77/3787/3591 1743/3788/3592 4244/3777/3581
f 4244/3777/3581 1743/3788/3592 1744/3789/3593 4247/3778/3582
f 4247/3778/3582 1744/3789/3593 1745/3790/3594 4250/3781/3585
f 4250/3781/3585 1745/3790/3594 204/3723/3550 1718/3722/3549
f 4249/3779/3583 4250/3781/3585 1718/3722/3549 1717/3721/3548
f 4248/3780/3584 4249/3779/3583 1717/3721/3548 1716/3719/3546
f 1737/3791/3595 4248/3780/3584 1716/3719/3546 203/3718/3545
f 1738/3792/3596 4245/3776/3580 4248/3780/3584 1737/3791/3595
f 1739/3784/3588 4242/3773/3577 4245/3776/3580 1738/3792/3596
f 4251/3793/3597 4252/3794/3598 4255/3795/3599 4254/3796/3600
f 4252/3794/3598 4253/3797/3601 4256/3798/3602 4255/3795/3599
f 4254/3796/3600 4255/3795/3599 4258/3799/3603 4257/3800/3604
f 4255/3795/3599 4256/3798/3602 4259/3801/3605 4258/3799/3603
f 77/3787/3591 1746/3802/3606 4251/3793/3597 1743/3788/3592
f 1746/3802/3606 1747/3803/3607 4252/3794/3598 4251/3793/3597
f 1747/3803/3607 1748/3804/3608 4253/3797/3601 4252/3794/3598
f 1748/3804/3608 78/3805/3609 1749/3806/3610 4253/3797/3601
f 4253/3797/3601 1749/3806/3610 1750/3807/3611 4256/3798/3602
f 4256/3798/3602 1750/3807/3611 1751/3808/3612 4259/3801/3605
f 4259/3801/3605 1751/3808/3612 205/3741/3559 1724/3740/3557
f 4258/3799/3603 4259/3801/3605 1724/3740/3557 1723/3739/3555
f 4257/3800/3604 4258/3799/3603 1723/3739/3555 1722/3738/3558
f 1745/3790/3594 4257/3800/3604 1722/3738/3558 204/3723/3550
f 1744/3789/3593 4254/3796/3600 4257/3800/3604 1745/3790/3594
f 1743/3788/3592 4251/3793/3597 4254/3796/3600 1744/3789/3593
f 4260/3809/3613 4261/3810/3614 4264/3811/3615 4263/3812/3616
f 4261/3810/3614 4262/3813/3617 4265/3814/3618 4264/3811/3615
f 4263/3812/3616 4264/3811/3615 4267/3815/3619 4266/3816/3620
f 4264/3811/3615 4265/3814/3618 4268/3817/3566 4267/3815/3619
f 78/3805/3609 1752/3818/3621 4260/3809/3613 1749/3806/3610
f 1752/3818/3621 1753/3819/3622 4261/3810/3614 4260/3809/3613
f 1753/3819/3622 1754/3820/3623 4262/3813/3617 4261/3810/3614
f 1754/3820/3623 79/3821/3624 1755/3822/3625 4262/3813/3617
f 4262/3813/3617 1755/3822/3625 1756/3823/3626 4265/3814/3618
f 4265/3814/3618 1756/3823/3626 1757/3824/3627 4268/3817/3566
f 4268/3817/3566 1757/3824/3627 206/3757/3568 1730/3756/3567
f 4267/3815/3619 4268/3817/3566 1730/3756/3567 1729/3755/3563
f 4266/3816/3620 4267/3815/3619 1729/3755/3563 1728/3754/3561
f 1751/3808/3612 4266/3816/3620 1728/3754/3561 205/3741/3559
f 1750/3807/3611 4263/3812/3616 4266/3816/3620 1751/3808/3612
f 1749/3806/3610 4260/3809/3613 4263/3812/3616 1750/3807/3611
f 4269/3825/3628 4270/3826/3629 4273/3827/3630 4272/3828/3631
f 4270/3826/3629 4271/3829/3632 4274/3830/3633 4273/3827/3630
f 4272/3828/3631 4273/3827/3630 4276/3831/3634 4275/3832/3635
f 4273/3827/3630 4274/3830/3633 4277/3833/3636 4276/3831/3634
f 79/3821/3624 1758/3834/3637 4269/3825/3628 1755/3822/3625
f 1758/3834/3637 1759/3835/3638 4270/3826/3629 4269/3825/3628
f 1759/3835/3638 1760/3836/3639 4271/3829/3632 4270/3826/3629
f 1760/3836/3639 76/3782/3586 1739/3784/3588 4271/3829/3632
f 4271/3829/3632 1739/3784/3588 1738/3792/3596 4274/3830/3633
f 4274/3830/3633 1738/3792/3596 1737/3791/3595 4277/3833/3636
f 4277/3833/3636 1737/3791/3595 203/3718/3545 1736/3772/3539
f 4276/3831/3634 4277/3833/3636 1736/3772/3539 1735/3771/3576
f 4275/3832/3635 4276/3831/3634 1735/3771/3576 1734/3770/3573
f 1757/3824/3627 4275/3832/3635 1734/3770/3573 206/3757/3568
f 1756/3823/3626 4272/3828/3631 4275/3832/3635 1757/3824/3627
f 1755/3822/3625 4269/3825/3628 4272/3828/3631 1756/3823/3626
f 4278/3837/3640 4279/3838/3641 4282/3839/3642 4281/3840/3643
f 4279/3838/3641 4280/3841/3644 4283/3842/3645 4282/3839/3642
f 4281/3840/3643 4282/3839/3642 4285/3843/3646 4284/3844/3647
f 4282/3839/3642 4283/3842/3645 4286/3845/3648 4285/3843/3646
f 207/3846/3649 1764/3847/3650 4278/3837/3640 1763/3848/3651
f 1764/3847/3650 1765/3849/3652 4279/3838/3641 4278/3837/3640
f 1765/3849/3652 1766/3850/3653 4280/3841/3644 4279/3838/3641
f 1766/3850/3653 208/3851/3654 1767/3852/3655 4280/3841/3644
f 4280/3841/3644 1767/3852/3655 1768/3853/3656 4283/3842/3645
f 4283/3842/3645 1768/3853/3656 1769/3854/3657 4286/3845/3648
f 4286/3845/3648 1769/3854/3657 77/3787/3591 1742/3786/3590
f 4285/3843/3646 4286/3845/3648 1742/3786/3590 1741/3785/3589
f 4284/3844/3647 4285/3843/3646 1741/3785/3589 1740/3783/3587
f 1761/3855/3658 4284/3844/3647 1740/3783/3587 76/3782/3586
f 1762/3856/3659 4281/3840/3643 4284/3844/3647 1761/3855/3658
f 1763/3848/3651 4278/3837/3640 4281/3840/3643 1762/3856/3659
f 4287/3857/3660 4288/3858/3661 4291/3859/3662 4290/3860/3663
f 4288/3858/3661 4289/3861/3664 4292/3862/3665 4291/3859/3662
f 4290/3860/3663 4291/3859/3662 4294/3863/3666 4293/3864/3667
f 4291/3859/3662 4292/3862/3665 4295/3865/3668 4294/3863/3666
f 208/3851/3654 1770/3866/3669 4287/3857/3660 1767/3852/3655
f 1770/3866/3669 1771/3867/3670 4288/3858/3661 4287/3857/3660
f 1771/3867/3670 1772/3868/3671 4289/3861/3664 4288/3858/3661
f 1772/3868/3671 209/3869/3672 1773/3870/3673 4289/3861/3664
f 4289/3861/3664 1773/3870/3673 1774/3871/3674 4292/3862/3665
f 4292/3862/3665 1774/3871/3674 1775/3872/3675 4295/3865/3668
f 4295/3865/3668 1775/3872/3675 78/3805/3609 1748/3804/3608
f 4294/3863/3666 4295/3865/3668 1748/3804/3608 1747/3803/3607
f 4293/3864/3667 4294/3863/3666 1747/3803/3607 1746/3802/3606
f 1769/3854/3657 4293/3864/3667 1746/3802/3606 77/3787/3591
f 1768/3853/3656 4290/3860/3663 4293/3864/3667 1769/3854/3657
f 1767/3852/3655 4287/3857/3660 4290/3860/3663 1768/3853/3656
f 4296/3873/3676 4297/3874/3677 4300/3875/3678 4299/3876/3679
f 4297/3874/3677 4298/3877/3680 4301/3878/3681 4300/3875/3678
f 4299/3876/3679 4300/3875/3678 4303/3879/3682 4302/3880/3683
f 4300/3875/3678 4301/3878/3681 4304/3881/3684 4303/3879/3682
f 209/3869/3672 1776/3882/3685 4296/3873/3676 1773/3870/3673
f 1776/3882/3685 1777/3883/3686 4297/3874/3677 4296/3873/3676
f 1777/3883/3686 1778/3884/3687 4298/3877/3680 4297/3874/3677
f 1778/3884/3687 210/3885/3688 1779/3886/3689 4298/3877/3680
f 4298/3877/3680 1779/3886/3689 1780/3887/3690 4301/3878/3681
f 4301/3878/3681 1780/3887/3690 1781/3888/3691 4304/3881/3684
f 4304/3881/3684 1781/3888/3691 79/3821/3624 1754/3820/3623
f 4303/3879/3682 4304/3881/3684 1754/3820/3623 1753/3819/3622
f 4302/3880/3683 4303/3879/3682 1753/3819/3622 1752/3818/3621
f 1775/3872/3675 4302/3880/3683 1752/3818/3621 78/3805/3609
f 1774/3871/3674 4299/3876/3679 4302/3880/3683 1775/3872/3675
f 1773/3870/3673 4296/3873/3676 4299/3876/3679 1774/3871/3674
f 4305/3889/3692 4306/3890/3693 4309/3891/3694 4308/3892/3695
f 4306/3890/3693 4307/3893/3696 4310/3894/3697 4309/3891/3694
f 4308/3892/3695 4309/3891/3694 4312/3895/3698 4311/3896/3699
f 4309/3891/3694 4310/3894/3697 4313/3897/3700 4312/3895/3698
f 210/3885/3688 1782/3898/3701 4305/3889/3692 1779/3886/3689
f 1782/3898/3701 1783/3899/3702 4306/3890/3693 4305/3889/3692
f 1783/3899/3702 1784/3900/3703 4307/3893/3696 4306/3890/3693
f 1784/3900/3703 207/3846/3649 1763/3848/3651 4307/3893/3696
f 4307/3893/3696 1763/3848/3651 1762/3856/3659 4310/3894/3697
f 4310/3894/3697 1762/3856/3659 1761/3855/3658 4313/3897/3700
f 4313/3897/3700 1761/3855/3658 76/3782/3586 1760/3836/3639
f 4312/3895/3698 4313/3897/3700 1760/3836/3639 1759/3835/3638
f 4311/3896/3699 4312/3895/3698 1759/3835/3638 1758/3834/3637
f 1781/3888/3691 4311/3896/3699 1758/3834/3637 79/3821/3624
f 1780/3887/3690 4308/3892/3695 4311/3896/3699 1781/3888/3691
f 1779/3886/3689 4305/3889/3692 4308/3892/3695 1780/3887/3690
f 4314/3901/3704 4315/3902/3705 4318/3903/3706 4317/3904/3704
f 4315/3902/3705 4316/3905/3707 4319/3906/3707 4318/3903/3706
f 4317/3904/3704 4318/3903/3706 4321/3907/3706 4320/3908/3704
f 4318/3903/3706 4319/3906/3707 4322/3909/3707 4321/3907/3706
f 211/3910/3708 1788/3911/3704 4314/3901/3704 1787/3912/3708
f 1788/3911/3704 1789/3913/3705 4315/3902/3705 4314/3901/3704
f 1789/3913/3705 1790/3914/3707 4316/3905/3707 4315/3902/3705
f 1790/3914/3707 212/3915/3709 1791/3916/3709 4316/3905/3707
f 4316/3905/3707 1791/3916/3709 1792/3917/3709 4319/3906/3707
f 4319/3906/3707 1792/3917/3709 1793/3918/3709 4322/3909/3707
f 4322/3909/3707 1793/3918/3709 208/3851/3654 1766/3850/3653
f 4321/3907/3706 4322/3909/3707 1766/3850/3653 1765/3849/3652
f 4320/3908/3704 4321/3907/3706 1765/3849/3652 1764/3847/3650
f 1785/3919/3708 4320/3908/3704 1764/3847/3650 207/3846/3649
f 1786/3920/3708 4317/3904/3704 4320/3908/3704 1785/3919/3708
f 1787/3912/3708 4314/3901/3704 4317/3904/3704 1786/3920/3708
f 4323/3921/3710 4324/3922/3711 4327/3923/3711 4326/3924/3710
f 4324/3922/3711 4325/3925/3712 4328/3926/3712 4327/3923/3711
f 4326/3924/3710 4327/3923/3711 4330/3927/3713 4329/3928/3710
f 4327/3923/3711 4328/3926/3712 4331/3929/3712 4330/3927/3713
f 212/3915/3709 1794/3930/3710 4323/3921/3710 1791/3916/3709
f 1794/3930/3710 1795/3931/3711 4324/3922/3711 4323/3921/3710
f 1795/3931/3711 1796/3932/3712 4325/3925/3712 4324/3922/3711
f 1796/3932/3712 213/3933/3714 1797/3934/3714 4325/3925/3712
f 4325/3925/3712 1797/3934/3714 1798/3935/3714 4328/3926/3712
f 4328/3926/3712 1798/3935/3714 1799/3936/3714 4331/3929/3712
f 4331/3929/3712 1799/3936/3714 209/3869/3672 1772/3868/3671
f 4330/3927/3713 4331/3929/3712 1772/3868/3671 1771/3867/3670
f 4329/3928/3710 4330/3927/3713 1771/3867/3670 1770/3866/3669
f 1793/3918/3709 4329/3928/3710 1770/3866/3669 208/3851/3654
f 1792/3917/3709 4326/3924/3710 4329/3928/3710 1793/3918/3709
f 1791/3916/3709 4323/3921/3710 4326/3924/3710 1792/3917/3709
f 4332/3937/3715 4333/3938/3716 4336/3939/3717 4335/3940/3715
f 4333/3938/3716 4334/3941/3718 4337/3942/3718 4336/3939/3717
f 4335/3940/3715 4336/3939/3717 4339/3943/3717 4338/3944/3715
f 4336/3939/3717 4337/3942/3718 4340/3945/3718 4339/3943/3717
f 213/3933/3714 1800/3946/3715 4332/3937/3715 1797/3934/3714
f 1800/3946/3715 1801/3947/3716 4333/3938/3716 4332/3937/3715
f 1801/3947/3716 1802/3948/3719 4334/3941/3718 4333/3938/3716
f 1802/3948/3719 214/3949/3720 1803/3950/3720 4334/3941/3718
f 4334/3941/3718 1803/3950/3720 1804/3951/3720 4337/3942/3718
f 4337/3942/3718 1804/3951/3720 1805/3952/3720 4340/3945/3718
f 4340/3945/3718 1805/3952/3720 210/3885/3688 1778/3884/3687
f 4339/3943/3717 4340/3945/3718 1778/3884/3687 1777/3883/3686
f 4338/3944/3715 4339/3943/3717 1777/3883/3686 1776/3882/3685
f 1799/3936/3714 4338/3944/3715 1776/3882/3685 209/3869/3672
f 1798/3935/3714 4335/3940/3715 4338/3944/3715 1799/3936/3714
f 1797/3934/3714 4332/3937/3715 4335/3940/3715 1798/3935/3714
f 4341/3953/3721 4342/3954/3722 4345/3955/3722 4344/3956/3721
f 4342/3954/3722 4343/3957/3723 4346/3958/3723 4345/3955/3722
f 4344/3956/3721 4345/3955/3722 4348/3959/3722 4347/3960/3721
f 4345/3955/3722 4346/3958/3723 4349/3961/3723 4348/3959/3722
f 214/3949/3720 1806/3962/3721 4341/3953/3721 1803/3950/3720
f 1806/3962/3721 1807/3963/3722 4342/3954/3722 4341/3953/3721
f 1807/3963/3722 1808/3964/3723 4343/3957/3723 4342/3954/3722
f 1808/3964/3723 211/3910/3708 1787/3912/3708 4343/3957/3723
f 4343/3957/3723 1787/3912/3708 1786/3920/3708 4346/3958/3723
f 4346/3958/3723 1786/3920/3708 1785/3919/3708 4349/3961/3723
f 4349/3961/3723 1785/3919/3708 207/3846/3649 1784/3900/3703
f 4348/3959/3722 4349/3961/3723 1784/3900/3703 1783/3899/3702
f 4347/3960/3721 4348/3959/3722 1783/3899/3702 1782/3898/3701
f 1805/3952/3720 4347/3960/3721 1782/3898/3701 210/3885/3688
f 1804/3951/3720 4344/3956/3721 4347/3960/3721 1805/3952/3720
f 1803/3950/3720 4341/3953/3721 4344/3956/3721 1804/3951/3720
f 4350/3965/3704 4351/3966/3705 4354/3967/3705 4353/3968/3704
f 4351/3966/3705 4352/3969/3707 4355/3970/3707 4354/3967/3705
f 4353/3968/3704 4354/3967/3705 4357/3971/3705 4356/3972/3704
f 4354/3967/3705 4355/3970/3707 4358/3973/3707 4357/3971/3705
f 215/3974/3708 1812/3975/3704 4350/3965/3704 1811/3976/3708
f 1812/3975/3704 1813/3977/3705 4351/3966/3705 4350/3965/3704
f 1813/3977/3705 1814/3978/3707 4352/3969/3707 4351/3966/3705
f 1814/3978/3707 216/3979/3709 1815/3980/3709 4352/3969/3707
f 4352/3969/3707 1815/3980/3709 1816/3981/3709 4355/3970/3707
f 4355/3970/3707 1816/3981/3709 1817/3982/3709 4358/3973/3707
f 4358/3973/3707 1817/3982/3709 212/3915/3709 1790/3914/3707
f 4357/3971/3705 4358/3973/3707 1790/3914/3707 1789/3913/3705
f 4356/3972/3704 4357/3971/3705 1789/3913/3705 1788/3911/3704
f 1809/3983/3708 4356/3972/3704 1788/3911/3704 211/3910/3708
f 1810/3984/3708 4353/3968/3704 4356/3972/3704 1809/3983/3708
f 1811/3976/3708 4350/3965/3704 4353/3968/3704 1810/3984/3708
f 4359/3985/3710 4360/3986/3711 4363/3987/3711 4362/3988/3710
f 4360/3986/3711 4361/3989/3712 4364/3990/3712 4363/3987/3711
f 4362/3988/3710 4363/3987/3711 4366/3991/3711 4365/3992/3710
f 4363/3987/3711 4364/3990/3712 4367/3993/3712 4366/3991/3711
f 216/3979/3709 1818/3994/3710 4359/3985/3710 1815/3980/3709
f 1818/3994/3710 1819/3995/3711 4360/3986/3711 4359/3985/3710
f 1819/3995/3711 1820/3996/3712 4361/3989/3712 4360/3986/3711
f 1820/3996/3712 217/3997/3714 1821/3998/3714 4361/3989/3712
f 4361/3989/3712 1821/3998/3714 1822/3999/3714 4364/3990/3712
f 4364/3990/3712 1822/3999/3714 1823/4000/3714 4367/3993/3712
f 4367/3993/3712 1823/4000/3714 213/3933/3714 1796/3932/3712
f 4366/3991/3711 4367/3993/3712 1796/3932/3712 1795/3931/3711
f 4365/3992/3710 4366/3991/3711 1795/3931/3711 1794/3930/3710
f 1817/3982/3709 4365/3992/3710 1794/3930/3710 212/3915/3709
f 1816/3981/3709 4362/3988/3710 4365/3992/3710 1817/3982/3709
f 1815/3980/3709 4359/3985/3710 4362/3988/3710 1816/3981/3709
f 4368/4001/3715 4369/4002/3716 4372/4003/3716 4371/4004/3715
f 4369/4002/3716 4370/4005/3719 4373/4006/3719 4372/4003/3716
f 4371/4004/3715 4372/4003/3716 4375/4007/3716 4374/4008/3715
f 4372/4003/3716 4373/4006/3719 4376/4009/3719 4375/4007/3716
f 217/3997/3714 1824/4010/3715 4368/4001/3715 1821/3998/3714
f 1824/4010/3715 1825/4011/3716 4369/4002/3716 4368/4001/3715
f 1825/4011/3716 1826/4012/3719 4370/4005/3719 4369/4002/3716
f 1826/4012/3719 218/4013/3720 1827/4014/3720 4370/4005/3719
f 4370/4005/3719 1827/4014/3720 1828/4015/3720 4373/4006/3719
f 4373/4006/3719 1828/4015/3720 1829/4016/3720 4376/4009/3719
f 4376/4009/3719 1829/4016/3720 214/3949/3720 1802/3948/3719
f 4375/4007/3716 4376/4009/3719 1802/3948/3719 1801/3947/3716
f 4374/4008/3715 4375/4007/3716 1801/3947/3716 1800/3946/3715
f 1823/4000/3714 4374/4008/3715 1800/3946/3715 213/3933/3714
f 1822/3999/3714 4371/4004/3715 4374/4008/3715 1823/4000/3714
f 1821/3998/3714 4368/4001/3715 4371/4004/3715 1822/3999/3714
f 4377/4017/3721 4378/4018/3722 4381/4019/3722 4380/4020/3721
f 4378/4018/3722 4379/4021/3723 4382/4022/3723 4381/4019/3722
f 4380/4020/3721 4381/4019/3722 4384/4023/3722 4383/4024/3721
f 4381/4019/3722 4382/4022/3723 4385/4025/3723 4384/4023/3722
f 218/4013/3720 1830/4026/3721 4377/4017/3721 1827/4014/3720
f 1830/4026/3721 1831/4027/3722 4378/4018/3722 4377/4017/3721
f 1831/4027/3722 1832/4028/3723 4379/4021/3723 4378/4018/3722
f 1832/4028/3723 215/3974/3708 1811/3976/3708 4379/4021/3723
f 4379/4021/3723 1811/3976/3708 1810/3984/3708 4382/4022/3723
f 4382/4022/3723 1810/3984/3708 1809/3983/3708 4385/4025/3723
f 4385/4025/3723 1809/3983/3708 211/3910/3708 1808/3964/3723
f 4384/4023/3722 4385/4025/3723 1808/3964/3723 1807/3963/3722
f 4383/4024/3721 4384/4023/3722 1807/3963/3722 1806/3962/3721
f 1829/4016/3720 4383/4024/3721 1806/3962/3721 214/3949/3720
f 1828/4015/3720 4380/4020/3721 4383/4024/3721 1829/4016/3720
f 1827/4014/3720 4377/4017/3721 4380/4020/3721 1828/4015/3720
f 4386/4029/3704 4387/4030/3705 4390/4031/3705 4389/4032/3704
f 4387/4030/3705 4388/4033/3707 4391/4034/3707 4390/4031/3705
f 4389/4032/3704 4390/4031/3705 4393/4035/3705 4392/4036/3704
f 4390/4031/3705 4391/4034/3707 4394/4037/3707 4393/4035/3705
f 219/4038/3708 1836/4039/3704 4386/4029/3704 1835/4040/3708
f 1836/4039/3704 1837/4041/3705 4387/4030/3705 4386/4029/3704
f 1837/4041/3705 1838/4042/3707 4388/4033/3707 4387/4030/3705
f 1838/4042/3707 220/4043/3709 1839/4044/3709 4388/4033/3707
f 4388/4033/3707 1839/4044/3709 1840/4045/3709 4391/4034/3707
f 4391/4034/3707 1840/4045/3709 1841/4046/3709 4394/4037/3707
f 4394/4037/3707 1841/4046/3709 216/3979/3709 1814/3978/3707
f 4393/4035/3705 4394/4037/3707 1814/3978/3707 1813/3977/3705
f 4392/4036/3704 4393/4035/3705 1813/3977/3705 1812/3975/3704
f 1833/4047/3708 4392/4036/3704 1812/3975/3704 215/3974/3708
f 1834/4048/3708 4389/4032/3704 4392/4036/3704 1833/4047/3708
f 1835/4040/3708 4386/4029/3704 4389/4032/3704 1834/4048/3708
f 4395/4049/3710 4396/4050/3711 4399/4051/3711 4398/4052/3710
f 4396/4050/3711 4397/4053/3712 4400/4054/3712 4399/4051/3711
f 4398/4052/3710 4399/4051/3711 4402/4055/3711 4401/4056/3710
f 4399/4051/3711 4400/4054/3712 4403/4057/3712 4402/4055/3711
f 220/4043/3709 1842/4058/3710 4395/4049/3710 1839/4044/3709
f 1842/4058/3710 1843/4059/3711 4396/4050/3711 4395/4049/3710
f 1843/4059/3711 1844/4060/3712 4397/4053/3712 4396/4050/3711
f 1844/4060/3712 221/4061/3714 1845/4062/3714 4397/4053/3712
f 4397/4053/3712 1845/4062/3714 1846/4063/3714 4400/4054/3712
f 4400/4054/3712 1846/4063/3714 1847/4064/3714 4403/4057/3712
f 4403/4057/3712 1847/4064/3714 217/3997/3714 1820/3996/3712
f 4402/4055/3711 4403/4057/3712 1820/3996/3712 1819/3995/3711
f 4401/4056/3710 4402/4055/3711 1819/3995/3711 1818/3994/3710
f 1841/4046/3709 4401/4056/3710 1818/3994/3710 216/3979/3709
f 1840/4045/3709 4398/4052/3710 4401/4056/3710 1841/4046/3709
f 1839/4044/3709 4395/4049/3710 4398/4052/3710 1840/4045/3709
f 4404/4065/3715 4405/4066/3716 4408/4067/3716 4407/4068/3715
f 4405/4066/3716 4406/4069/3719 4409/4070/3719 4408/4067/3716
f 4407/4068/3715 4408/4067/3716 4411/4071/3716 4410/4072/3715
f 4408/4067/3716 4409/4070/3719 4412/4073/3719 4411/4071/3716
f 221/4061/3714 1848/4074/3715 4404/4065/3715 1845/4062/3714
f 1848/4074/3715 1849/4075/3716 4405/4066/3716 4404/4065/3715
f 1849/4075/3716 1850/4076/3719 4406/4069/3719 4405/4066/3716
f 1850/4076/3719 222/4077/3720 1851/4078/3720 4406/4069/3719
f 4406/4069/3719 1851/4078/3720 1852/4079/3720 4409/4070/3719
f 4409/4070/3719 1852/4079/3720 1853/4080/3720 4412/4073/3719
f 4412/4073/3719 1853/4080/3720 218/4013/3720 1826/4012/3719
f 4411/4071/3716 4412/4073/3719 1826/4012/3719 1825/4011/3716
f 4410/4072/3715 4411/4071/3716 1825/4011/3716 1824/4010/3715
f 1847/4064/3714 4410/4072/3715 1824/4010/3715 217/3997/3714
f 1846/4063/3714 4407/4068/3715 4410/4072/3715 1847/4064/3714
f 1845/4062/3714 4404/4065/3715 4407/4068/3715 1846/4063/3714
f 4413/4081/3721 4414/4082/3722 4417/4083/3722 4416/4084/3721
f 4414/4082/3722 4415/4085/3723 4418/4086/3723 4417/4083/3722
f 4416/4084/3721 4417/4083/3722 4420/4087/3722 4419/4088/3721
f 4417/4083/3722 4418/4086/3723 4421/4089/3723 4420/4087/3722
f 222/4077/3720 1854/4090/3721 4413/4081/3721 1851/4078/3720
f 1854/4090/3721 1855/4091/3722 4414/4082/3722 4413/4081/3721
f 1855/4091/3722 1856/4092/3723 4415/4085/3723 4414/4082/3722
f 1856/4092/3723 219/4038/3708 1835/4040/3708 4415/4085/3723
f 4415/4085/3723 1835/4040/3708 1834/4048/3708 4418/4086/3723
f 4418/4086/3723 1834/4048/3708 1833/4047/3708 4421/4089/3723
f 4421/4089/3723 1833/4047/3708 215/3974/3708 1832/4028/3723
f 4420/4087/3722 4421/4089/3723 1832/4028/3723 1831/4027/3722
f 4419/4088/3721 4420/4087/3722 1831/4027/3722 1830/4026/3721
f 1853/4080/3720 4419/4088/3721 1830/4026/3721 218/4013/3720
f 1852/4079/3720 4416/4084/3721 4419/4088/3721 1853/4080/3720
f 1851/4078/3720 4413/4081/3721 4416/4084/3721 1852/4079/3720
f 4422/4093/3704 4423/4094/3705 4426/4095/3705 4425/4096/3704
f 4423/4094/3705 4424/4097/3707 4427/4098/3707 4426/4095/3705
f 4425/4096/3704 4426/4095/3705 4429/4099/3705 4428/4100/3704
f 4426/4095/3705 4427/4098/3707 4430/4101/3707 4429/4099/3705
f 223/4102/3724 1860/4103/3725 4422/4093/3704 1859/4104/3708
f 1860/4103/3725 1861/4105/3726 4423/4094/3705 4422/4093/3704
f 1861/4105/3726 1862/4106/3727 4424/4097/3707 4423/4094/3705
f 1862/4106/3727 224/4107/3728 1863/4108/3709 4424/4097/3707
f 4424/4097/3707 1863/4108/3709 1864/4109/3709 4427/4098/3707
f 4427/4098/3707 1864/4109/3709 1865/4110/3709 4430/4101/3707
f 4430/4101/3707 1865/4110/3709 220/4043/3709 1838/4042/3707
f 4429/4099/3705 4430/4101/3707 1838/4042/3707 1837/4041/3705
f 4428/4100/3704 4429/4099/3705 1837/4041/3705 1836/4039/3704
f 1857/4111/3708 4428/4100/3704 1836/4039/3704 219/4038/3708
f 1858/4112/3708 4425/4096/3704 4428/4100/3704 1857/4111/3708
f 1859/4104/3708 4422/4093/3704 4425/4096/3704 1858/4112/3708
f 4431/4113/3710 4432/4114/3711 4435/4115/3711 4434/4116/3710
f 4432/4114/3711 4433/4117/3712 4436/4118/3712 4435/4115/3711
f 4434/4116/3710 4435/4115/3711 4438/4119/3711 4437/4120/3710
f 4435/4115/3711 4436/4118/3712 4439/4121/3712 4438/4119/3711
f 224/4107/3728 1866/4122/3729 4431/4113/3710 1863/4108/3709
f 1866/4122/3729 1867/4123/3730 4432/4114/3711 4431/4113/3710
f 1867/4123/3730 1868/4124/3731 4433/4117/3712 4432/4114/3711
f 1868/4124/3731 225/4125/3732 1869/4126/3714 4433/4117/3712
f 4433/4117/3712 1869/4126/3714 1870/4127/3714 4436/4118/3712
f 4436/4118/3712 1870/4127/3714 1871/4128/3714 4439/4121/3712
f 4439/4121/3712 1871/4128/3714 221/4061/3714 1844/4060/3712
f 4438/4119/3711 4439/4121/3712 1844/4060/3712 1843/4059/3711
f 4437/4120/3710 4438/4119/3711 1843/4059/3711 1842/4058/3710
f 1865/4110/3709 4437/4120/3710 1842/4058/3710 220/4043/3709
f 1864/4109/3709 4434/4116/3710 4437/4120/3710 1865/4110/3709
f 1863/4108/3709 4431/4113/3710 4434/4116/3710 1864/4109/3709
f 4440/4129/3715 4441/4130/3716 4444/4131/3716 4443/4132/3715
f 4441/4130/3716 4442/4133/3719 4445/4134/3719 4444/4131/3716
f 4443/4132/3715 4444/4131/3716 4447/4135/3716 4446/4136/3715
f 4444/4131/3716 4445/4134/3719 4448/4137/3719 4447/4135/3716
f 225/4125/3732 1872/4138/3733 4440/4129/3715 1869/4126/3714
f 1872/4138/3733 1873/4139/3734 4441/4130/3716 4440/4129/3715
f 1873/4139/3734 1874/4140/3735 4442/4133/3719 4441/4130/3716
f 1874/4140/3735 226/4141/3736 1875/4142/3720 4442/4133/3719
f 4442/4133/3719 1875/4142/3720 1876/4143/3720 4445/4134/3719
f 4445/4134/3719 1876/4143/3720 1877/4144/3720 4448/4137/3719
f 4448/4137/3719 1877/4144/3720 222/4077/3720 1850/4076/3719
f 4447/4135/3716 4448/4137/3719 1850/4076/3719 1849/4075/3716
f 4446/4136/3715 4447/4135/3716 1849/4075/3716 1848/4074/3715
f 1871/4128/3714 4446/4136/3715 1848/4074/3715 221/4061/3714
f 1870/4127/3714 4443/4132/3715 4446/4136/3715 1871/4128/3714
f 1869/4126/3714 4440/4129/3715 4443/4132/3715 1870/4127/3714
f 4449/4145/3721 4450/4146/3722 4453/4147/3722 4452/4148/3721
f 4450/4146/3722 4451/4149/3723 4454/4150/3723 4453/4147/3722
f 4452/4148/3721 4453/4147/3722 4456/4151/3722 4455/4152/3721
f 4453/4147/3722 4454/4150/3723 4457/4153/3723 4456/4151/3722
f 226/4141/3736 1878/4154/3737 4449/4145/3721 1875/4142/3720
f 1878/4154/3737 1879/4155/3738 4450/4146/3722 4449/4145/3721
f 1879/4155/3738 1880/4156/3739 4451/4149/3723 4450/4146/3722
f 1880/4156/3739 223/4102/3724 1859/4104/3708 4451/4149/3723
f 4451/4149/3723 1859/4104/3708 1858/4112/3708 4454/4150/3723
f 4454/4150/3723 1858/4112/3708 1857/4111/3708 4457/4153/3723
f 4457/4153/3723 1857/4111/3708 219/4038/3708 1856/4092/3723
f 4456/4151/3722 4457/4153/3723 1856/4092/3723 1855/4091/3722
f 4455/4152/3721 4456/4151/3722 1855/4091/3722 1854/4090/3721
f 1877/4144/3720 4455/4152/3721 1854/4090/3721 222/4077/3720
f 1876/4143/3720 4452/4148/3721 4455/4152/3721 1877/4144/3720
f 1875/4142/3720 4449/4145/3721 4452/4148/3721 1876/4143/3720
f 4458/4157/3740 4459/4158/3741 4462/4159/3742 4461/4160/3743
f 4459/4158/3741 4460/4161/3744 4463/4162/3745 4462/4159/3742
f 4461/4160/3743 4462/4159/3742 4465/4163/3746 4464/4164/3747
f 4462/4159/3742 4463/4162/3745 4466/4165/3748 4465/4163/3746
f 227/1343/1302 684/1983/1933 4458/4157/3740 1883/4166/3749
f 684/1983/1933 685/1982/1932 4459/4158/3741 4458/4157/3740
f 685/1982/1932 686/1981/1931 4460/4161/3744 4459/4158/3741
f 686/1981/1931 228/1508/1462 1884/4167/3750 4460/4161/3744
f 4460/4161/3744 1884/4167/3750 1885/4168/3751 4463/4162/3745
f 4463/4162/3745 1885/4168/3751 1886/4169/3752 4466/4165/3748
f 4466/4165/3748 1886/4169/3752 224/4107/3728 1862/4106/3727
f 4465/4163/3746 4466/4165/3748 1862/4106/3727 1861/4105/3726
f 4464/4164/3747 4465/4163/3746 1861/4105/3726 1860/4103/3725
f 1881/4170/3753 4464/4164/3747 1860/4103/3725 223/4102/3724
f 1882/4171/3754 4461/4160/3743 4464/4164/3747 1881/4170/3753
f 1883/4166/3749 4458/4157/3740 4461/4160/3743 1882/4171/3754
f 4467/4172/3755 4468/4173/3756 4471/4174/3757 4470/4175/3758
f 4468/4173/3756 4469/4176/3759 4472/4177/3760 4471/4174/3757
f 4470/4175/3758 4471/4174/3757 4474/4178/3761 4473/4179/3762
f 4471/4174/3757 4472/4177/3760 4475/4180/3763 4474/4178/3761
f 228/1508/1462 690/2060/2008 4467/4172/3755 1884/4167/3750
f 690/2060/2008 691/2059/2007 4468/4173/3756 4467/4172/3755
f 691/2059/2007 692/2058/2006 4469/4176/3759 4468/4173/3756
f 692/2058/2006 229/1537/1491 1887/4181/3764 4469/4176/3759
f 4469/4176/3759 1887/4181/3764 1888/4182/3765 4472/4177/3760
f 4472/4177/3760 1888/4182/3765 1889/4183/3766 4475/4180/3763
f 4475/4180/3763 1889/4183/3766 225/4125/3732 1868/4124/3731
f 4474/4178/3761 4475/4180/3763 1868/4124/3731 1867/4123/3730
f 4473/4179/3762 4474/4178/3761 1867/4123/3730 1866/4122/3729
f 1886/4169/3752 4473/4179/3762 1866/4122/3729 224/4107/3728
f 1885/4168/3751 4470/4175/3758 4473/4179/3762 1886/4169/3752
f 1884/4167/3750 4467/4172/3755 4470/4175/3758 1885/4168/3751
f 4476/4184/3767 4477/4185/3768 4480/4186/3769 4479/4187/3770
f 4477/4185/3768 4478/4188/3771 4481/4189/3772 4480/4186/3769
f 4479/4187/3770 4480/4186/3769 4483/4190/3773 4482/4191/3774
f 4480/4186/3769 4481/4189/3772 4484/4192/3775 4483/4190/3773
f 229/1537/1491 693/2015/1964 4476/4184/3767 1887/4181/3764
f 693/2015/1964 694/2014/1963 4477/4185/3768 4476/4184/3767
f 694/2014/1963 695/2013/1962 4478/4188/3771 4477/4185/3768
f 695/2013/1962 230/1217/1177 1890/4193/3776 4478/4188/3771
f 4478/4188/3771 1890/4193/3776 1891/4194/3777 4481/4189/3772
f 4481/4189/3772 1891/4194/3777 1892/4195/3778 4484/4192/3775
f 4484/4192/3775 1892/4195/3778 226/4141/3736 1874/4140/3735
f 4483/4190/3773 4484/4192/3775 1874/4140/3735 1873/4139/3734
f 4482/4191/3774 4483/4190/3773 1873/4139/3734 1872/4138/3733
f 1889/4183/3766 4482/4191/3774 1872/4138/3733 225/4125/3732
f 1888/4182/3765 4479/4187/3770 4482/4191/3774 1889/4183/3766
f 1887/4181/3764 4476/4184/3767 4479/4187/3770 1888/4182/3765
f 4485/4196/3779 4486/4197/3780 4489/4198/3781 4488/4199/3782
f 4486/4197/3780 4487/4200/3783 4490/4201/3784 4489/4198/3781
f 4488/4199/3782 4489/4198/3781 4492/4202/3785 4491/4203/3786
f 4489/4198/3781 4490/4201/3784 4493/4204/3787 4492/4202/3785
f 230/1217/1177 677/2099/2047 4485/4196/3779 1890/4193/3776
f 677/2099/2047 676/2098/2046 4486/4197/3780 4485/4196/3779
f 676/2098/2046 675/2097/2045 4487/4200/3783 4486/4197/3780
f 675/2097/2045 227/1343/1302 1883/4166/3749 4487/4200/3783
f 4487/4200/3783 1883/4166/3749 1882/4171/3754 4490/4201/3784
f 4490/4201/3784 1882/4171/3754 1881/4170/3753 4493/4204/3787
f 4493/4204/3787 1881/4170/3753 223/4102/3724 1880/4156/3739
f 4492/4202/3785 4493/4204/3787 1880/4156/3739 1879/4155/3738
f 4491/4203/3786 4492/4202/3785 1879/4155/3738 1878/4154/3737
f 1892/4195/3778 4491/4203/3786 1878/4154/3737 226/4141/3736
f 1891/4194/3777 4488/4199/3782 4491/4203/3786 1892/4195/3778
f 1890/4193/3776 4485/4196/3779 4488/4199/3782 1891/4194/3777
f 4494/4205/3788 4495/4206/3789 4498/4207/3790 4497/4208/3791
f 4495/4206/3789 4496/4209/3792 4499/4210/3793 4498/4207/3790
f 4497/4208/3791 4498/4207/3790 4501/4211/3794 4500/4212/3795
f 4498/4207/3790 4499/4210/3793 4502/4213/3796 4501/4211/3794
f 84/913/863 962/911/861 4494/4205/3788 1895/4214/3797
f 962/911/861 961/910/860 4495/4206/3789 4494/4205/3788
f 961/910/860 960/909/859 4496/4209/3792 4495/4206/3789
f 960/909/859 85/908/890 1896/4215/3798 4496/4209/3792
f 4496/4209/3792 1896/4215/3798 1897/4216/3799 4499/4210/3793
f 4499/4210/3793 1897/4216/3799 1898/4217/3800 4502/4213/3796
f 4502/4213/3796 1898/4217/3800 232/1222/1182 666/2114/2061
f 4501/4211/3794 4502/4213/3796 666/2114/2061 667/2113/2060
f 4500/4212/3795 4501/4211/3794 667/2113/2060 668/2112/2059
f 1893/4218/3801 4500/4212/3795 668/2112/2059 231/1338/1297
f 1894/4219/3802 4497/4208/3791 4500/4212/3795 1893/4218/3801
f 1895/4214/3797 4494/4205/3788 4497/4208/3791 1894/4219/3802
f 4503/4220/3803 4504/4221/3804 4507/4222/3805 4506/4223/3806
f 4504/4221/3804 4505/4224/3807 4508/4225/3808 4507/4222/3805
f 4506/4223/3806 4507/4222/3805 4510/4226/3809 4509/4227/3810
f 4507/4222/3805 4508/4225/3808 4511/4228/3811 4510/4226/3809
f 85/908/890 959/907/857 4503/4220/3803 1896/4215/3798
f 959/907/857 958/906/856 4504/4221/3804 4503/4220/3803
f 958/906/856 957/905/855 4505/4224/3807 4504/4221/3804
f 957/905/855 86/904/854 1899/4229/3812 4505/4224/3807
f 4505/4224/3807 1899/4229/3812 1900/4230/3813 4508/4225/3808
f 4508/4225/3808 1900/4230/3813 1901/4231/3814 4511/4228/3811
f 4511/4228/3811 1901/4231/3814 233/1226/1186 665/1228/1188
f 4510/4226/3809 4511/4228/3811 665/1228/1188 664/1225/1185
f 4509/4227/3810 4510/4226/3809 664/1225/1185 663/1223/1183
f 1898/4217/3800 4509/4227/3810 663/1223/1183 232/1222/1182
f 1897/4216/3799 4506/4223/3806 4509/4227/3810 1898/4217/3800
f 1896/4215/3798 4503/4220/3803 4506/4223/3806 1897/4216/3799
f 4512/4232/3815 4513/4233/3816 4516/4234/3817 4515/4235/3818
f 4513/4233/3816 4514/4236/3819 4517/4237/3820 4516/4234/3817
f 4515/4235/3818 4516/4234/3817 4519/4238/3821 4518/4239/3822
f 4516/4234/3817 4517/4237/3820 4520/4240/3823 4519/4238/3821
f 86/904/854 956/903/853 4512/4232/3815 1899/4229/3812
f 956/903/853 955/902/852 4513/4233/3816 4512/4232/3815
f 955/902/852 954/900/850 4514/4236/3819 4513/4233/3816
f 954/900/850 87/899/849 1902/4241/3824 4514/4236/3819
f 4514/4236/3819 1902/4241/3824 1903/4242/3825 4517/4237/3820
f 4517/4237/3820 1903/4242/3825 1904/4243/3826 4520/4240/3823
f 4520/4240/3823 1904/4243/3826 234/1347/1252 659/2102/2049
f 4519/4238/3821 4520/4240/3823 659/2102/2049 658/2101/2034
f 4518/4239/3822 4519/4238/3821 658/2101/2034 657/2100/2048
f 1901/4231/3814 4518/4239/3822 657/2100/2048 233/1226/1186
f 1900/4230/3813 4515/4235/3818 4518/4239/3822 1901/4231/3814
f 1899/4229/3812 4512/4232/3815 4515/4235/3818 1900/4230/3813
f 4521/4244/3827 4522/4245/3828 4525/4246/3829 4524/4247/3830
f 4522/4245/3828 4523/4248/3831 4526/4249/3832 4525/4246/3829
f 4524/4247/3830 4525/4246/3829 4528/4250/3833 4527/4251/3834
f 4525/4246/3829 4526/4249/3832 4529/4252/3835 4528/4250/3833
f 87/899/849 953/901/851 4521/4244/3827 1902/4241/3824
f 953/901/851 952/914/864 4522/4245/3828 4521/4244/3827
f 952/914/864 951/912/862 4523/4248/3831 4522/4245/3828
f 951/912/862 84/913/863 1895/4214/3797 4523/4248/3831
f 4523/4248/3831 1895/4214/3797 1894/4219/3802 4526/4249/3832
f 4526/4249/3832 1894/4219/3802 1893/4218/3801 4529/4252/3835
f 4529/4252/3835 1893/4218/3801 231/1338/1297 669/1340/1299
f 4528/4250/3833 4529/4252/3835 669/1340/1299 670/1342/1301
f 4527/4251/3834 4528/4250/3833 670/1342/1301 671/1348/1305
f 1904/4243/3826 4527/4251/3834 671/1348/1305 234/1347/1252
f 1903/4242/3825 4524/4247/3830 4527/4251/3834 1904/4243/3826
f 1902/4241/3824 4521/4244/3827 4524/4247/3830 1903/4242/3825
f 4530/4253/3836 4531/4254/3837 4534/4255/3838 4533/4256/3839
f 4531/4254/3837 4532/4257/3840 4535/4258/3841 4534/4255/3838
f 4533/4256/3839 4534/4255/3838 4537/4259/3842 4536/4260/3843
f 4534/4255/3838 4535/4258/3841 4538/4261/3844 4537/4259/3842
f 235/4262/3845 1908/4263/3846 4530/4253/3836 1907/4264/3847
f 1908/4263/3846 1909/4265/3848 4531/4254/3837 4530/4253/3836
f 1909/4265/3848 1910/4266/3849 4532/4257/3840 4531/4254/3837
f 1910/4266/3849 236/4267/3850 1911/4268/3851 4532/4257/3840
f 4532/4257/3840 1911/4268/3851 1912/4269/3852 4535/4258/3841
f 4535/4258/3841 1912/4269/3852 1913/4270/3853 4538/4261/3844
f 4538/4261/3844 1913/4270/3853 89/1366/1323 348/1830/1780
f 4537/4259/3842 4538/4261/3844 348/1830/1780 349/1835/1785
f 4536/4260/3843 4537/4259/3842 349/1835/1785 350/1834/1784
f 1905/4271/3854 4536/4260/3843 350/1834/1784 88/1304/1264
f 1906/4272/3855 4533/4256/3839 4536/4260/3843 1905/4271/3854
f 1907/4264/3847 4530/4253/3836 4533/4256/3839 1906/4272/3855
f 4539/4273/3856 4540/4274/3857 4543/4275/3858 4542/4276/3859
f 4540/4274/3857 4541/4277/3860 4544/4278/3861 4543/4275/3858
f 4542/4276/3859 4543/4275/3858 4546/4279/3862 4545/4280/3863
f 4543/4275/3858 4544/4278/3861 4547/4281/3864 4546/4279/3862
f 236/4267/3850 1914/4282/3865 4539/4273/3856 1911/4268/3851
f 1914/4282/3865 1915/4283/3866 4540/4274/3857 4539/4273/3856
f 1915/4283/3866 1916/4284/3867 4541/4277/3860 4540/4274/3857
f 1916/4284/3867 237/4285/3868 1917/4286/3869 4541/4277/3860
f 4541/4277/3860 1917/4286/3869 1918/4287/3870 4544/4278/3861
f 4544/4278/3861 1918/4287/3870 1919/4288/3871 4547/4281/3864
f 4547/4281/3864 1919/4288/3871 90/2155/2090 347/2154/2089
f 4546/4279/3862 4547/4281/3864 347/2154/2089 346/2153/2088
f 4545/4280/3863 4546/4279/3862 346/2153/2088 345/2152/2087
f 1913/4270/3853 4545/4280/3863 345/2152/2087 89/1366/1323
f 1912/4269/3852 4542/4276/3859 4545/4280/3863 1913/4270/3853
f 1911/4268/3851 4539/4273/3856 4542/4276/3859 1912/4269/3852
f 4548/4289/3872 4549/4290/3873 4552/4291/3874 4551/4292/3875
f 4549/4290/3873 4550/4293/3876 4553/4294/3877 4552/4291/3874
f 4551/4292/3875 4552/4291/3874 4555/4295/3878 4554/4296/3879
f 4552/4291/3874 4553/4294/3877 4556/4297/3880 4555/4295/3878
f 237/4285/3868 1920/4298/3881 4548/4289/3872 1917/4286/3869
f 1920/4298/3881 1921/4299/3882 4549/4290/3873 4548/4289/3872
f 1921/4299/3882 1922/4300/3883 4550/4293/3876 4549/4290/3873
f 1922/4300/3883 238/4301/3884 1923/4302/3885 4550/4293/3876
f 4550/4293/3876 1923/4302/3885 1924/4303/3886 4553/4294/3877
f 4553/4294/3877 1924/4303/3886 1925/4304/3887 4556/4297/3880
f 4556/4297/3880 1925/4304/3887 104/823/823 312/2158/2093
f 4555/4295/3878 4556/4297/3880 312/2158/2093 313/2157/2092
f 4554/4296/3879 4555/4295/3878 313/2157/2092 314/2156/2091
f 1919/4288/3871 4554/4296/3879 314/2156/2091 90/2155/2090
f 1918/4287/3870 4551/4292/3875 4554/4296/3879 1919/4288/3871
f 1917/4286/3869 4548/4289/3872 4551/4292/3875 1918/4287/3870
f 4557/4305/3888 4558/4306/3889 4561/4307/3890 4560/4308/3891
f 4558/4306/3889 4559/4309/3892 4562/4310/3893 4561/4307/3890
f 4560/4308/3891 4561/4307/3890 4564/4311/3894 4563/4312/3895
f 4561/4307/3890 4562/4310/3893 4565/4313/3896 4564/4311/3894
f 238/4301/3884 1926/4314/3897 4557/4305/3888 1923/4302/3885
f 1926/4314/3897 1927/4315/3898 4558/4306/3889 4557/4305/3888
f 1927/4315/3898 1928/4316/3899 4559/4309/3892 4558/4306/3889
f 1928/4316/3899 235/4262/3845 1907/4264/3847 4559/4309/3892
f 4559/4309/3892 1907/4264/3847 1906/4272/3855 4562/4310/3893
f 4562/4310/3893 1906/4272/3855 1905/4271/3854 4565/4313/3896
f 4565/4313/3896 1905/4271/3854 88/1304/1264 309/1306/1266
f 4564/4311/3894 4565/4313/3896 309/1306/1266 310/1314/1274
f 4563/4312/3895 4564/4311/3894 310/1314/1274 311/1313/1273
f 1925/4304/3887 4563/4312/3895 311/1313/1273 104/823/823
f 1924/4303/3886 4560/4308/3891 4563/4312/3895 1925/4304/3887
f 1923/4302/3885 4557/4305/3888 4560/4308/3891 1924/4303/3886
f 4566/4317/3900 4567/4318/3901 4570/4319/3902 4569/4320/3903
f 4567/4318/3901 4568/4321/3904 4571/4322/3905 4570/4319/3902
f 4569/4320/3903 4570/4319/3902 4573/4323/3906 4572/4324/3907
f 4570/4319/3902 4571/4322/3905 4574/4325/3908 4573/4323/3906
f 239/4326/3909 1932/4327/3910 4566/4317/3900 1931/4328/3911
f 1932/4327/3910 1933/4329/3912 4567/4318/3901 4566/4317/3900
f 1933/4329/3912 1934/4330/3913 4568/4321/3904 4567/4318/3901
f 1934/4330/3913 240/4331/3914 1935/4332/3915 4568/4321/3904
f 4568/4321/3904 1935/4332/3915 1936/4333/3916 4571/4322/3905
f 4571/4322/3905 1936/4333/3916 1937/4334/3917 4574/4325/3908
f 4574/4325/3908 1937/4334/3917 236/4267/3850 1910/4266/3849
f 4573/4323/3906 4574/4325/3908 1910/4266/3849 1909/4265/3848
f 4572/4324/3907 4573/4323/3906 1909/4265/3848 1908/4263/3846
f 1929/4335/3918 4572/4324/3907 1908/4263/3846 235/4262/3845
f 1930/4336/3919 4569/4320/3903 4572/4324/3907 1929/4335/3918
f 1931/4328/3911 4566/4317/3900 4569/4320/3903 1930/4336/3919
f 4575/4337/3920 4576/4338/3921 4579/4339/3922 4578/4340/3923
f 4576/4338/3921 4577/4341/3924 4580/4342/3925 4579/4339/3922
f 4578/4340/3923 4579/4339/3922 4582/4343/3926 4581/4344/3927
f 4579/4339/3922 4580/4342/3925 4583/4345/3928 4582/4343/3926
f 240/4331/3914 1938/4346/3929 4575/4337/3920 1935/4332/3915
f 1938/4346/3929 1939/4347/3930 4576/4338/3921 4575/4337/3920
f 1939/4347/3930 1940/4348/3931 4577/4341/3924 4576/4338/3921
f 1940/4348/3931 241/4349/3932 1941/4350/3933 4577/4341/3924
f 4577/4341/3924 1941/4350/3933 1942/4351/3934 4580/4342/3925
f 4580/4342/3925 1942/4351/3934 1943/4352/3935 4583/4345/3928
f 4583/4345/3928 1943/4352/3935 237/4285/3868 1916/4284/3867
f 4582/4343/3926 4583/4345/3928 1916/4284/3867 1915/4283/3866
f 4581/4344/3927 4582/4343/3926 1915/4283/3866 1914/4282/3865
f 1937/4334/3917 4581/4344/3927 1914/4282/3865 236/4267/3850
f 1936/4333/3916 4578/4340/3923 4581/4344/3927 1937/4334/3917
f 1935/4332/3915 4575/4337/3920 4578/4340/3923 1936/4333/3916
f 4584/4353/3936 4585/4354/3937 4588/4355/3938 4587/4356/3939
f 4585/4354/3937 4586/4357/3940 4589/4358/3941 4588/4355/3938
f 4587/4356/3939 4588/4355/3938 4591/4359/3942 4590/4360/3943
f 4588/4355/3938 4589/4358/3941 4592/4361/3944 4591/4359/3942
f 241/4349/3932 1944/4362/3945 4584/4353/3936 1941/4350/3933
f 1944/4362/3945 1945/4363/3946 4585/4354/3937 4584/4353/3936
f 1945/4363/3946 1946/4364/3947 4586/4357/3940 4585/4354/3937
f 1946/4364/3947 242/4365/3948 1947/4366/3949 4586/4357/3940
f 4586/4357/3940 1947/4366/3949 1948/4367/3950 4589/4358/3941
f 4589/4358/3941 1948/4367/3950 1949/4368/3951 4592/4361/3944
f 4592/4361/3944 1949/4368/3951 238/4301/3884 1922/4300/3883
f 4591/4359/3942 4592/4361/3944 1922/4300/3883 1921/4299/3882
f 4590/4360/3943 4591/4359/3942 1921/4299/3882 1920/4298/3881
f 1943/4352/3935 4590/4360/3943 1920/4298/3881 237/4285/3868
f 1942/4351/3934 4587/4356/3939 4590/4360/3943 1943/4352/3935
f 1941/4350/3933 4584/4353/3936 4587/4356/3939 1942/4351/3934
f 4593/4369/3952 4594/4370/3953 4597/4371/3498 4596/4372/3954
f 4594/4370/3953 4595/4373/3955 4598/4374/3956 4597/4371/3498
f 4596/4372/3954 4597/4371/3498 4600/4375/3957 4599/4376/3958
f 4597/4371/3498 4598/4374/3956 4601/4377/3959 4600/4375/3957
f 242/4365/3948 1950/4378/3960 4593/4369/3952 1947/4366/3949
f 1950/4378/3960 1951/4379/3961 4594/4370/3953 4593/4369/3952
f 1951/4379/3961 1952/4380/3962 4595/4373/3955 4594/4370/3953
f 1952/4380/3962 239/4326/3909 1931/4328/3911 4595/4373/3955
f 4595/4373/3955 1931/4328/3911 1930/4336/3919 4598/4374/3956
f 4598/4374/3956 1930/4336/3919 1929/4335/3918 4601/4377/3959
f 4601/4377/3959 1929/4335/3918 235/4262/3845 1928/4316/3899
f 4600/4375/3957 4601/4377/3959 1928/4316/3899 1927/4315/3898
f 4599/4376/3958 4600/4375/3957 1927/4315/3898 1926/4314/3897
f 1949/4368/3951 4599/4376/3958 1926/4314/3897 238/4301/3884
f 1948/4367/3950 4596/4372/3954 4599/4376/3958 1949/4368/3951
f 1947/4366/3949 4593/4369/3952 4596/4372/3954 1948/4367/3950
f 4602/4381/3963 4603/4382/3964 4606/4383/3965 4605/4384/3963
f 4603/4382/3964 4604/4385/3966 4607/4386/3967 4606/4383/3965
f 4605/4384/3963 4606/4383/3965 4609/4387/3965 4608/4388/3963
f 4606/4383/3965 4607/4386/3967 4610/4389/3967 4609/4387/3965
f 243/4390/3968 1956/4391/3969 4602/4381/3963 1955/4392/3970
f 1956/4391/3969 1957/4393/3971 4603/4382/3964 4602/4381/3963
f 1957/4393/3971 1958/4394/3972 4604/4385/3966 4603/4382/3964
f 1958/4394/3972 244/4395/3973 1959/4396/3974 4604/4385/3966
f 4604/4385/3966 1959/4396/3974 1960/4397/3975 4607/4386/3967
f 4607/4386/3967 1960/4397/3975 1961/4398/3975 4610/4389/3967
f 4610/4389/3967 1961/4398/3975 240/4331/3914 1934/4330/3913
f 4609/4387/3965 4610/4389/3967 1934/4330/3913 1933/4329/3912
f 4608/4388/3963 4609/4387/3965 1933/4329/3912 1932/4327/3910
f 1953/4399/3976 4608/4388/3963 1932/4327/3910 239/4326/3909
f 1954/4400/3976 4605/4384/3963 4608/4388/3963 1953/4399/3976
f 1955/4392/3970 4602/4381/3963 4605/4384/3963 1954/4400/3976
f 4611/4401/3977 4612/4402/3978 4615/4403/3979 4614/4404/3980
f 4612/4402/3978 4613/4405/3981 4616/4406/3982 4615/4403/3979
f 4614/4404/3980 4615/4403/3979 4618/4407/3979 4617/4408/3980
f 4615/4403/3979 4616/4406/3982 4619/4409/3982 4618/4407/3979
f 244/4395/3973 1962/4410/3929 4611/4401/3977 1959/4396/3974
f 1962/4410/3929 1963/4411/3983 4612/4402/3978 4611/4401/3977
f 1963/4411/3983 1964/4412/3982 4613/4405/3981 4612/4402/3978
f 1964/4412/3982 245/4413/3984 1965/4414/3985 4613/4405/3981
f 4613/4405/3981 1965/4414/3985 1966/4415/3985 4616/4406/3982
f 4616/4406/3982 1966/4415/3985 1967/4416/3985 4619/4409/3982
f 4619/4409/3982 1967/4416/3985 241/4349/3932 1940/4348/3931
f 4618/4407/3979 4619/4409/3982 1940/4348/3931 1939/4347/3930
f 4617/4408/3980 4618/4407/3979 1939/4347/3930 1938/4346/3929
f 1961/4398/3975 4617/4408/3980 1938/4346/3929 240/4331/3914
f 1960/4397/3975 4614/4404/3980 4617/4408/3980 1961/4398/3975
f 1959/4396/3974 4611/4401/3977 4614/4404/3980 1960/4397/3975
f 4620/4417/3986 4621/4418/3987 4624/4419/3988 4623/4420/3986
f 4621/4418/3987 4622/4421/3989 4625/4422/3989 4624/4419/3988
f 4623/4420/3986 4624/4419/3988 4627/4423/3988 4626/4424/3990
f 4624/4419/3988 4625/4422/3989 4628/4425/3991 4627/4423/3988
f 245/4413/3984 1968/4426/3992 4620/4417/3986 1965/4414/3985
f 1968/4426/3992 1969/4427/3988 4621/4418/3987 4620/4417/3986
f 1969/4427/3988 1970/4428/3989 4622/4421/3989 4621/4418/3987
f 1970/4428/3989 246/4429/3993 1971/4430/3994 4622/4421/3989
f 4622/4421/3989 1971/4430/3994 1972/4431/3993 4625/4422/3989
f 4625/4422/3989 1972/4431/3993 1973/4432/3993 4628/4425/3991
f 4628/4425/3991 1973/4432/3993 242/4365/3948 1946/4364/3947
f 4627/4423/3988 4628/4425/3991 1946/4364/3947 1945/4363/3946
f 4626/4424/3990 4627/4423/3988 1945/4363/3946 1944/4362/3945
f 1967/4416/3985 4626/4424/3990 1944/4362/3945 241/4349/3932
f 1966/4415/3985 4623/4420/3986 4626/4424/3990 1967/4416/3985
f 1965/4414/3985 4620/4417/3986 4623/4420/3986 1966/4415/3985
f 4629/4433/3995 4630/4434/3996 4633/4435/3997 4632/4436/3995
f 4630/4434/3996 4631/4437/3998 4634/4438/3998 4633/4435/3997
f 4632/4436/3995 4633/4435/3997 4636/4439/3997 4635/4440/3995
f 4633/4435/3997 4634/4438/3998 4637/4441/3998 4636/4439/3997
f 246/4429/3993 1974/4442/3995 4629/4433/3995 1971/4430/3994
f 1974/4442/3995 1975/4443/3996 4630/4434/3996 4629/4433/3995
f 1975/4443/3996 1976/4444/3999 4631/4437/3998 4630/4434/3996
f 1976/4444/3999 243/4390/3968 1955/4392/3970 4631/4437/3998
f 4631/4437/3998 1955/4392/3970 1954/4400/3976 4634/4438/3998
f 4634/4438/3998 1954/4400/3976 1953/4399/3976 4637/4441/3998
f 4637/4441/3998 1953/4399/3976 239/4326/3909 1952/4380/3962
f 4636/4439/3997 4637/4441/3998 1952/4380/3962 1951/4379/3961
f 4635/4440/3995 4636/4439/3997 1951/4379/3961 1950/4378/3960
f 1973/4432/3993 4635/4440/3995 1950/4378/3960 242/4365/3948
f 1972/4431/3993 4632/4436/3995 4635/4440/3995 1973/4432/3993
f 1971/4430/3994 4629/4433/3995 4632/4436/3995 1972/4431/3993
f 4638/4445/4000 4639/4446/4001 4642/4447/4002 4641/4448/4003
f 4639/4446/4001 4640/4449/4004 4643/4450/4005 4642/4447/4002
f 4641/4448/4003 4642/4447/4002 4645/4451/4006 4644/4452/4007
f 4642/4447/4002 4643/4450/4005 4646/4453/4008 4645/4451/4006
f 91/4454/4009 1980/4455/4010 4638/4445/4000 1979/4456/4011
f 1980/4455/4010 1981/4457/4012 4639/4446/4001 4638/4445/4000
f 1981/4457/4012 1982/4458/4013 4640/4449/4004 4639/4446/4001
f 1982/4458/4013 92/4459/4014 1983/4460/4015 4640/4449/4004
f 4640/4449/4004 1983/4460/4015 1984/4461/4016 4643/4450/4005
f 4643/4450/4005 1984/4461/4016 1985/4462/4017 4646/4453/4008
f 4646/4453/4008 1985/4462/4017 244/4395/3973 1958/4394/3972
f 4645/4451/4006 4646/4453/4008 1958/4394/3972 1957/4393/3971
f 4644/4452/4007 4645/4451/4006 1957/4393/3971 1956/4391/3969
f 1977/4463/4018 4644/4452/4007 1956/4391/3969 243/4390/3968
f 1978/4464/4019 4641/4448/4003 4644/4452/4007 1977/4463/4018
f 1979/4456/4011 4638/4445/4000 4641/4448/4003 1978/4464/4019
f 4647/4465/4020 4648/4466/4021 4651/4467/4022 4650/4468/4023
f 4648/4466/4021 4649/4469/4024 4652/4470/4025 4651/4467/4022
f 4650/4468/4023 4651/4467/4022 4654/4471/4026 4653/4472/4027
f 4651/4467/4022 4652/4470/4025 4655/4473/4028 4654/4471/4026
f 92/4459/4014 1986/4474/4029 4647/4465/4020 1983/4460/4015
f 1986/4474/4029 1987/4475/4030 4648/4466/4021 4647/4465/4020
f 1987/4475/4030 1988/4476/4031 4649/4469/4024 4648/4466/4021
f 1988/4476/4031 93/4477/4032 1989/4478/4033 4649/4469/4024
f 4649/4469/4024 1989/4478/4033 1990/4479/4034 4652/4470/4025
f 4652/4470/4025 1990/4479/4034 1991/4480/4035 4655/4473/4028
f 4655/4473/4028 1991/4480/4035 245/4413/3984 1964/4412/3982
f 4654/4471/4026 4655/4473/4028 1964/4412/3982 1963/4411/3983
f 4653/4472/4027 4654/4471/4026 1963/4411/3983 1962/4410/3929
f 1985/4462/4017 4653/4472/4027 1962/4410/3929 244/4395/3973
f 1984/4461/4016 4650/4468/4023 4653/4472/4027 1985/4462/4017
f 1983/4460/4015 4647/4465/4020 4650/4468/4023 1984/4461/4016
f 4656/4481/4036 4657/4482/4037 4660/4483/4038 4659/4484/4039
f 4657/4482/4037 4658/4485/4040 4661/4486/4041 4660/4483/4038
f 4659/4484/4039 4660/4483/4038 4663/4487/4042 4662/4488/3990
f 4660/4483/4038 4661/4486/4041 4664/4489/4043 4663/4487/4042
f 93/4477/4032 1992/4490/4044 4656/4481/4036 1989/4478/4033
f 1992/4490/4044 1993/4491/4045 4657/4482/4037 4656/4481/4036
f 1993/4491/4045 1994/4492/4046 4658/4485/4040 4657/4482/4037
f 1994/4492/4046 94/4493/4047 1995/4494/4048 4658/4485/4040
f 4658/4485/4040 1995/4494/4048 1996/4495/4049 4661/4486/4041
f 4661/4486/4041 1996/4495/4049 1997/4496/4050 4664/4489/4043
f 4664/4489/4043 1997/4496/4050 246/4429/3993 1970/4428/3989
f 4663/4487/4042 4664/4489/4043 1970/4428/3989 1969/4427/3988
f 4662/4488/3990 4663/4487/4042 1969/4427/3988 1968/4426/3992
f 1991/4480/4035 4662/4488/3990 1968/4426/3992 245/4413/3984
f 1990/4479/4034 4659/4484/4039 4662/4488/3990 1991/4480/4035
f 1989/4478/4033 4656/4481/4036 4659/4484/4039 1990/4479/4034
f 4665/4497/4051 4666/4498/4052 4669/4499/4053 4668/4500/4054
f 4666/4498/4052 4667/4501/4055 4670/4502/4056 4669/4499/4053
f 4668/4500/4054 4669/4499/4053 4672/4503/4057 4671/4504/4058
f 4669/4499/4053 4670/4502/4056 4673/4505/4059 4672/4503/4057
f 94/4493/4047 1998/4506/4060 4665/4497/4051 1995/4494/4048
f 1998/4506/4060 1999/4507/4061 4666/4498/4052 4665/4497/4051
f 1999/4507/4061 2000/4508/4062 4667/4501/4055 4666/4498/4052
f 2000/4508/4062 91/4454/4009 1979/4456/4011 4667/4501/4055
f 4667/4501/4055 1979/4456/4011 1978/4464/4019 4670/4502/4056
f 4670/4502/4056 1978/4464/4019 1977/4463/4018 4673/4505/4059
f 4673/4505/4059 1977/4463/4018 243/4390/3968 1976/4444/3999
f 4672/4503/4057 4673/4505/4059 1976/4444/3999 1975/4443/3996
f 4671/4504/4058 4672/4503/4057 1975/4443/3996 1974/4442/3995
f 1997/4496/4050 4671/4504/4058 1974/4442/3995 246/4429/3993
f 1996/4495/4049 4668/4500/4054 4671/4504/4058 1997/4496/4050
f 1995/4494/4048 4665/4497/4051 4668/4500/4054 1996/4495/4049
f 4674/4509/4063 4675/4510/4064 4678/4511/4065 4677/4512/4066
f 4675/4510/4064 4676/4513/4067 4679/4514/4068 4678/4511/4065
f 4677/4512/4066 4678/4511/4065 4681/4515/4069 4680/4516/4070
f 4678/4511/4065 4679/4514/4068 4682/4517/4071 4681/4515/4069
f 247/4518/4072 2004/4519/4073 4674/4509/4063 2003/4520/4074
f 2004/4519/4073 2005/4521/4075 4675/4510/4064 4674/4509/4063
f 2005/4521/4075 2006/4522/4076 4676/4513/4067 4675/4510/4064
f 2006/4522/4076 248/4523/4077 2007/4524/4078 4676/4513/4067
f 4676/4513/4067 2007/4524/4078 2008/4525/4079 4679/4514/4068
f 4679/4514/4068 2008/4525/4079 2009/4526/4080 4682/4517/4071
f 4682/4517/4071 2009/4526/4080 92/4459/4014 1982/4458/4013
f 4681/4515/4069 4682/4517/4071 1982/4458/4013 1981/4457/4012
f 4680/4516/4070 4681/4515/4069 1981/4457/4012 1980/4455/4010
f 2001/4527/4081 4680/4516/4070 1980/4455/4010 91/4454/4009
f 2002/4528/4082 4677/4512/4066 4680/4516/4070 2001/4527/4081
f 2003/4520/4074 4674/4509/4063 4677/4512/4066 2002/4528/4082
f 4683/4529/4083 4684/4530/3693 4687/4531/4084 4686/4532/4085
f 4684/4530/3693 4685/4533/4086 4688/4534/4087 4687/4531/4084
f 4686/4532/4085 4687/4531/4084 4690/4535/4088 4689/4536/4089
f 4687/4531/4084 4688/4534/4087 4691/4537/4090 4690/4535/4088
f 248/4523/4077 2010/4538/4091 4683/4529/4083 2007/4524/4078
f 2010/4538/4091 2011/4539/4092 4684/4530/3693 4683/4529/4083
f 2011/4539/4092 2012/4540/4093 4685/4533/4086 4684/4530/3693
f 2012/4540/4093 249/4541/4094 2013/4542/4095 4685/4533/4086
f 4685/4533/4086 2013/4542/4095 2014/4543/4096 4688/4534/4087
f 4688/4534/4087 2014/4543/4096 2015/4544/4097 4691/4537/4090
f 4691/4537/4090 2015/4544/4097 93/4477/4032 1988/4476/4031
f 4690/4535/4088 4691/4537/4090 1988/4476/4031 1987/4475/4030
f 4689/4536/4089 4690/4535/4088 1987/4475/4030 1986/4474/4029
f 2009/4526/4080 4689/4536/4089 1986/4474/4029 92/4459/4014
f 2008/4525/4079 4686/4532/4085 4689/4536/4089 2009/4526/4080
f 2007/4524/4078 4683/4529/4083 4686/4532/4085 2008/4525/4079
f 4692/4545/4098 4693/4546/4099 4696/4547/4100 4695/4548/4101
f 4693/4546/4099 4694/4549/4102 4697/4550/4103 4696/4547/4100
f 4695/4548/4101 4696/4547/4100 4699/4551/4104 4698/4552/4105
f 4696/4547/4100 4697/4550/4103 4700/4553/4106 4699/4551/4104
f 249/4541/4094 2016/4554/4107 4692/4545/4098 2013/4542/4095
f 2016/4554/4107 2017/4555/4108 4693/4546/4099 4692/4545/4098
f 2017/4555/4108 2018/4556/4109 4694/4549/4102 4693/4546/4099
f 2018/4556/4109 250/4557/4110 2019/4558/4111 4694/4549/4102
f 4694/4549/4102 2019/4558/4111 2020/4559/4112 4697/4550/4103
f 4697/4550/4103 2020/4559/4112 2021/4560/4113 4700/4553/4106
f 4700/4553/4106 2021/4560/4113 94/4493/4047 1994/4492/4046
f 4699/4551/4104 4700/4553/4106 1994/4492/4046 1993/4491/4045
f 4698/4552/4105 4699/4551/4104 1993/4491/4045 1992/4490/4044
f 2015/4544/4097 4698/4552/4105 1992/4490/4044 93/4477/4032
f 2014/4543/4096 4695/4548/4101 4698/4552/4105 2015/4544/4097
f 2013/4542/4095 4692/4545/4098 4695/4548/4101 2014/4543/4096
f 4701/4561/4114 4702/4562/4115 4705/4563/4116 4704/4564/4117
f 4702/4562/4115 4703/4565/4118 4706/4566/4119 4705/4563/4116
f 4704/4564/4117 4705/4563/4116 4708/4567/4120 4707/4568/4121
f 4705/4563/4116 4706/4566/4119 4709/4569/4122 4708/4567/4120
f 250/4557/4110 2022/4570/4123 4701/4561/4114 2019/4558/4111
f 2022/4570/4123 2023/4571/4124 4702/4562/4115 4701/4561/4114
f 2023/4571/4124 2024/4572/4125 4703/4565/4118 4702/4562/4115
f 2024/4572/4125 247/4518/4072 2003/4520/4074 4703/4565/4118
f 4703/4565/4118 2003/4520/4074 2002/4528/4082 4706/4566/4119
f 4706/4566/4119 2002/4528/4082 2001/4527/4081 4709/4569/4122
f 4709/4569/4122 2001/4527/4081 91/4454/4009 2000/4508/4062
f 4708/4567/4120 4709/4569/4122 2000/4508/4062 1999/4507/4061
f 4707/4568/4121 4708/4567/4120 1999/4507/4061 1998/4506/4060
f 2021/4560/4113 4707/4568/4121 1998/4506/4060 94/4493/4047
f 2020/4559/4112 4704/4564/4117 4707/4568/4121 2021/4560/4113
f 2019/4558/4111 4701/4561/4114 4704/4564/4117 2020/4559/4112
f 4710/4573/4126 4711/4574/4127 4714/4575/4128 4713/4576/4126
f 4711/4574/4127 4712/4577/4129 4715/4578/4129 4714/4575/4128
f 4713/4576/4126 4714/4575/4128 4717/4579/4128 4716/4580/4126
f 4714/4575/4128 4715/4578/4129 4718/4581/4129 4717/4579/4128
f 251/4582/4130 2028/4583/4126 4710/4573/4126 2027/4584/4130
f 2028/4583/4126 2029/4585/4127 4711/4574/4127 4710/4573/4126
f 2029/4585/4127 2030/4586/4129 4712/4577/4129 4711/4574/4127
f 2030/4586/4129 252/4587/4131 2031/4588/4131 4712/4577/4129
f 4712/4577/4129 2031/4588/4131 2032/4589/4131 4715/4578/4129
f 4715/4578/4129 2032/4589/4131 2033/4590/4131 4718/4581/4129
f 4718/4581/4129 2033/4590/4131 248/4523/4077 2006/4522/4076
f 4717/4579/4128 4718/4581/4129 2006/4522/4076 2005/4521/4075
f 4716/4580/4126 4717/4579/4128 2005/4521/4075 2004/4519/4073
f 2025/4591/4130 4716/4580/4126 2004/4519/4073 247/4518/4072
f 2026/4592/4130 4713/4576/4126 4716/4580/4126 2025/4591/4130
f 2027/4584/4130 4710/4573/4126 4713/4576/4126 2026/4592/4130
f 4719/4593/4132 4720/4594/4133 4723/4595/4133 4722/4596/4132
f 4720/4594/4133 4721/4597/4134 4724/4598/4134 4723/4595/4133
f 4722/4596/4132 4723/4595/4133 4726/4599/4133 4725/4600/4132
f 4723/4595/4133 4724/4598/4134 4727/4601/4134 4726/4599/4133
f 252/4587/4131 2034/4602/4132 4719/4593/4132 2031/4588/4131
f 2034/4602/4132 2035/4603/4133 4720/4594/4133 4719/4593/4132
f 2035/4603/4133 2036/4604/4134 4721/4597/4134 4720/4594/4133
f 2036/4604/4134 253/4605/4135 2037/4606/4135 4721/4597/4134
f 4721/4597/4134 2037/4606/4135 2038/4607/4135 4724/4598/4134
f 4724/4598/4134 2038/4607/4135 2039/4608/4135 4727/4601/4134
f 4727/4601/4134 2039/4608/4135 249/4541/4094 2012/4540/4093
f 4726/4599/4133 4727/4601/4134 2012/4540/4093 2011/4539/4092
f 4725/4600/4132 4726/4599/4133 2011/4539/4092 2010/4538/4091
f 2033/4590/4131 4725/4600/4132 2010/4538/4091 248/4523/4077
f 2032/4589/4131 4722/4596/4132 4725/4600/4132 2033/4590/4131
f 2031/4588/4131 4719/4593/4132 4722/4596/4132 2032/4589/4131
f 4728/4609/4136 4729/4610/4137 4732/4611/4138 4731/4612/4136
f 4729/4610/4137 4730/4613/4139 4733/4614/4139 4732/4611/4138
f 4731/4612/4136 4732/4611/4138 4735/4615/4138 4734/4616/4136
f 4732/4611/4138 4733/4614/4139 4736/4617/4139 4735/4615/4138
f 253/4605/4135 2040/4618/4140 4728/4609/4136 2037/4606/4135
f 2040/4618/4140 2041/4619/4137 4729/4610/4137 4728/4609/4136
f 2041/4619/4137 2042/4620/4139 4730/4613/4139 4729/4610/4137
f 2042/4620/4139 254/4621/4141 2043/4622/4141 4730/4613/4139
f 4730/4613/4139 2043/4622/4141 2044/4623/4141 4733/4614/4139
f 4733/4614/4139 2044/4623/4141 2045/4624/4141 4736/4617/4139
f 4736/4617/4139 2045/4624/4141 250/4557/4110 2018/4556/4109
f 4735/4615/4138 4736/4617/4139 2018/4556/4109 2017/4555/4108
f 4734/4616/4136 4735/4615/4138 2017/4555/4108 2016/4554/4107
f 2039/4608/4135 4734/4616/4136 2016/4554/4107 249/4541/4094
f 2038/4607/4135 4731/4612/4136 4734/4616/4136 2039/4608/4135
f 2037/4606/4135 4728/4609/4136 4731/4612/4136 2038/4607/4135
f 4737/4625/4142 4738/4626/4143 4741/4627/4143 4740/4628/4142
f 4738/4626/4143 4739/4629/4144 4742/4630/4144 4741/4627/4143
f 4740/4628/4142 4741/4627/4143 4744/4631/4145 4743/4632/4142
f 4741/4627/4143 4742/4630/4144 4745/4633/4144 4744/4631/4145
f 254/4621/4141 2046/4634/4142 4737/4625/4142 2043/4622/4141
f 2046/4634/4142 2047/4635/4143 4738/4626/4143 4737/4625/4142
f 2047/4635/4143 2048/4636/4144 4739/4629/4144 4738/4626/4143
f 2048/4636/4144 251/4582/4130 2027/4584/4130 4739/4629/4144
f 4739/4629/4144 2027/4584/4130 2026/4592/4130 4742/4630/4144
f 4742/4630/4144 2026/4592/4130 2025/4591/4130 4745/4633/4144
f 4745/4633/4144 2025/4591/4130 247/4518/4072 2024/4572/4125
f 4744/4631/4145 4745/4633/4144 2024/4572/4125 2023/4571/4124
f 4743/4632/4142 4744/4631/4145 2023/4571/4124 2022/4570/4123
f 2045/4624/4141 4743/4632/4142 2022/4570/4123 250/4557/4110
f 2044/4623/4141 4740/4628/4142 4743/4632/4142 2045/4624/4141
f 2043/4622/4141 4737/4625/4142 4740/4628/4142 2044/4623/4141
f 4746/4637/4126 4747/4638/4127 4750/4639/4127 4749/4640/4126
f 4747/4638/4127 4748/4641/4129 4751/4642/4129 4750/4639/4127
f 4749/4640/4126 4750/4639/4127 4753/4643/4127 4752/4644/4126
f 4750/4639/4127 4751/4642/4129 4754/4645/4129 4753/4643/4127
f 255/4646/4130 2052/4647/4126 4746/4637/4126 2051/4648/4130
f 2052/4647/4126 2053/4649/4127 4747/4638/4127 4746/4637/4126
f 2053/4649/4127 2054/4650/4129 4748/4641/4129 4747/4638/4127
f 2054/4650/4129 256/4651/4131 2055/4652/4131 4748/4641/4129
f 4748/4641/4129 2055/4652/4131 2056/4653/4131 4751/4642/4129
f 4751/4642/4129 2056/4653/4131 2057/4654/4131 4754/4645/4129
f 4754/4645/4129 2057/4654/4131 252/4587/4131 2030/4586/4129
f 4753/4643/4127 4754/4645/4129 2030/4586/4129 2029/4585/4127
f 4752/4644/4126 4753/4643/4127 2029/4585/4127 2028/4583/4126
f 2049/4655/4130 4752/4644/4126 2028/4583/4126 251/4582/4130
f 2050/4656/4130 4749/4640/4126 4752/4644/4126 2049/4655/4130
f 2051/4648/4130 4746/4637/4126 4749/4640/4126 2050/4656/4130
f 4755/4657/4132 4756/4658/4133 4759/4659/4133 4758/4660/4132
f 4756/4658/4133 4757/4661/4134 4760/4662/4134 4759/4659/4133
f 4758/4660/4132 4759/4659/4133 4762/4663/4133 4761/4664/4132
f 4759/4659/4133 4760/4662/4134 4763/4665/4134 4762/4663/4133
f 256/4651/4131 2058/4666/4132 4755/4657/4132 2055/4652/4131
f 2058/4666/4132 2059/4667/4133 4756/4658/4133 4755/4657/4132
f 2059/4667/4133 2060/4668/4134 4757/4661/4134 4756/4658/4133
f 2060/4668/4134 257/4669/4135 2061/4670/4135 4757/4661/4134
f 4757/4661/4134 2061/4670/4135 2062/4671/4135 4760/4662/4134
f 4760/4662/4134 2062/4671/4135 2063/4672/4135 4763/4665/4134
f 4763/4665/4134 2063/4672/4135 253/4605/4135 2036/4604/4134
f 4762/4663/4133 4763/4665/4134 2036/4604/4134 2035/4603/4133
f 4761/4664/4132 4762/4663/4133 2035/4603/4133 2034/4602/4132
f 2057/4654/4131 4761/4664/4132 2034/4602/4132 252/4587/4131
f 2056/4653/4131 4758/4660/4132 4761/4664/4132 2057/4654/4131
f 2055/4652/4131 4755/4657/4132 4758/4660/4132 2056/4653/4131
f 4764/4673/4140 4765/4674/4137 4768/4675/4137 4767/4676/4140
f 4765/4674/4137 4766/4677/4139 4769/4678/4139 4768/4675/4137
f 4767/4676/4140 4768/4675/4137 4771/4679/4137 4770/4680/4140
f 4768/4675/4137 4769/4678/4139 4772/4681/4139 4771/4679/4137
f 257/4669/4135 2064/4682/4140 4764/4673/4140 2061/4670/4135
f 2064/4682/4140 2065/4683/4137 4765/4674/4137 4764/4673/4140
f 2065/4683/4137 2066/4684/4139 4766/4677/4139 4765/4674/4137
f 2066/4684/4139 258/4685/4141 2067/4686/4141 4766/4677/4139
f 4766/4677/4139 2067/4686/4141 2068/4687/4141 4769/4678/4139
f 4769/4678/4139 2068/4687/4141 2069/4688/4141 4772/4681/4139
f 4772/4681/4139 2069/4688/4141 254/4621/4141 2042/4620/4139
f 4771/4679/4137 4772/4681/4139 2042/4620/4139 2041/4619/4137
f 4770/4680/4140 4771/4679/4137 2041/4619/4137 2040/4618/4140
f 2063/4672/4135 4770/4680/4140 2040/4618/4140 253/4605/4135
f 2062/4671/4135 4767/4676/4140 4770/4680/4140 2063/4672/4135
f 2061/4670/4135 4764/4673/4140 4767/4676/4140 2062/4671/4135
f 4773/4689/4142 4774/4690/4143 4777/4691/4143 4776/4692/4142
f 4774/4690/4143 4775/4693/4144 4778/4694/4144 4777/4691/4143
f 4776/4692/4142 4777/4691/4143 4780/4695/4143 4779/4696/4142
f 4777/4691/4143 4778/4694/4144 4781/4697/4144 4780/4695/4143
f 258/4685/4141 2070/4698/4142 4773/4689/4142 2067/4686/4141
f 2070/4698/4142 2071/4699/4143 4774/4690/4143 4773/4689/4142
f 2071/4699/4143 2072/4700/4144 4775/4693/4144 4774/4690/4143
f 2072/4700/4144 255/4646/4130 2051/4648/4130 4775/4693/4144
f 4775/4693/4144 2051/4648/4130 2050/4656/4130 4778/4694/4144
f 4778/4694/4144 2050/4656/4130 2049/4655/4130 4781/4697/4144
f 4781/4697/4144 2049/4655/4130 251/4582/4130 2048/4636/4144
f 4780/4695/4143 4781/4697/4144 2048/4636/4144 2047/4635/4143
f 4779/4696/4142 4780/4695/4143 2047/4635/4143 2046/4634/4142
f 2069/4688/4141 4779/4696/4142 2046/4634/4142 254/4621/4141
f 2068/4687/4141 4776/4692/4142 4779/4696/4142 2069/4688/4141
f 2067/4686/4141 4773/4689/4142 4776/4692/4142 2068/4687/4141
f 4782/4701/4126 4783/4702/4127 4786/4703/4127 4785/4704/4126
f 4783/4702/4127 4784/4705/4129 4787/4706/4129 4786/4703/4127
f 4785/4704/4126 4786/4703/4127 4789/4707/4127 4788/4708/4126
f 4786/4703/4127 4787/4706/4129 4790/4709/4129 4789/4707/4127
f 259/4710/4130 2076/4711/4126 4782/4701/4126 2075/4712/4130
f 2076/4711/4126 2077/4713/4127 4783/4702/4127 4782/4701/4126
f 2077/4713/4127 2078/4714/4129 4784/4705/4129 4783/4702/4127
f 2078/4714/4129 260/4715/4131 2079/4716/4131 4784/4705/4129
f 4784/4705/4129 2079/4716/4131 2080/4717/4131 4787/4706/4129
f 4787/4706/4129 2080/4717/4131 2081/4718/4131 4790/4709/4129
f 4790/4709/4129 2081/4718/4131 256/4651/4131 2054/4650/4129
f 4789/4707/4127 4790/4709/4129 2054/4650/4129 2053/4649/4127
f 4788/4708/4126 4789/4707/4127 2053/4649/4127 2052/4647/4126
f 2073/4719/4130 4788/4708/4126 2052/4647/4126 255/4646/4130
f 2074/4720/4130 4785/4704/4126 4788/4708/4126 2073/4719/4130
f 2075/4712/4130 4782/4701/4126 4785/4704/4126 2074/4720/4130
f 4791/4721/4132 4792/4722/4133 4795/4723/4133 4794/4724/4132
f 4792/4722/4133 4793/4725/4134 4796/4726/4134 4795/4723/4133
f 4794/4724/4132 4795/4723/4133 4798/4727/4133 4797/4728/4132
f 4795/4723/4133 4796/4726/4134 4799/4729/4134 4798/4727/4133
f 260/4715/4131 2082/4730/4132 4791/4721/4132 2079/4716/4131
f 2082/4730/4132 2083/4731/4133 4792/4722/4133 4791/4721/4132
f 2083/4731/4133 2084/4732/4134 4793/4725/4134 4792/4722/4133
f 2084/4732/4134 261/4733/4135 2085/4734/4135 4793/4725/4134
f 4793/4725/4134 2085/4734/4135 2086/4735/4135 4796/4726/4134
f 4796/4726/4134 2086/4735/4135 2087/4736/4135 4799/4729/4134
f 4799/4729/4134 2087/4736/4135 257/4669/4135 2060/4668/4134
f 4798/4727/4133 4799/4729/4134 2060/4668/4134 2059/4667/4133
f 4797/4728/4132 4798/4727/4133 2059/4667/4133 2058/4666/4132
f 2081/4718/4131 4797/4728/4132 2058/4666/4132 256/4651/4131
f 2080/4717/4131 4794/4724/4132 4797/4728/4132 2081/4718/4131
f 2079/4716/4131 4791/4721/4132 4794/4724/4132 2080/4717/4131
f 4800/4737/4140 4801/4738/4137 4804/4739/4137 4803/4740/4140
f 4801/4738/4137 4802/4741/4139 4805/4742/4139 4804/4739/4137
f 4803/4740/4140 4804/4739/4137 4807/4743/4137 4806/4744/4140
f 4804/4739/4137 4805/4742/4139 4808/4745/4139 4807/4743/4137
f 261/4733/4135 2088/4746/4140 4800/4737/4140 2085/4734/4135
f 2088/4746/4140 2089/4747/4137 4801/4738/4137 4800/4737/4140
f 2089/4747/4137 2090/4748/4139 4802/4741/4139 4801/4738/4137
f 2090/4748/4139 262/4749/4141 2091/4750/4141 4802/4741/4139
f 4802/4741/4139 2091/4750/4141 2092/4751/4141 4805/4742/4139
f 4805/4742/4139 2092/4751/4141 2093/4752/4141 4808/4745/4139
f 4808/4745/4139 2093/4752/4141 258/4685/4141 2066/4684/4139
f 4807/4743/4137 4808/4745/4139 2066/4684/4139 2065/4683/4137
f 4806/4744/4140 4807/4743/4137 2065/4683/4137 2064/4682/4140
f 2087/4736/4135 4806/4744/4140 2064/4682/4140 257/4669/4135
f 2086/4735/4135 4803/4740/4140 4806/4744/4140 2087/4736/4135
f 2085/4734/4135 4800/4737/4140 4803/4740/4140 2086/4735/4135
f 4809/4753/4142 4810/4754/4143 4813/4755/4143 4812/4756/4142
f 4810/4754/4143 4811/4757/4144 4814/4758/4144 4813/4755/4143
f 4812/4756/4142 4813/4755/4143 4816/4759/4143 4815/4760/4142
f 4813/4755/4143 4814/4758/4144 4817/4761/4144 4816/4759/4143
f 262/4749/4141 2094/4762/4142 4809/4753/4142 2091/4750/4141
f 2094/4762/4142 2095/4763/4143 4810/4754/4143 4809/4753/4142
f 2095/4763/4143 2096/4764/4144 4811/4757/4144 4810/4754/4143
f 2096/4764/4144 259/4710/4130 2075/4712/4130 4811/4757/4144
f 4811/4757/4144 2075/4712/4130 2074/4720/4130 4814/4758/4144
f 4814/4758/4144 2074/4720/4130 2073/4719/4130 4817/4761/4144
f 4817/4761/4144 2073/4719/4130 255/4646/4130 2072/4700/4144
f 4816/4759/4143 4817/4761/4144 2072/4700/4144 2071/4699/4143
f 4815/4760/4142 4816/4759/4143 2071/4699/4143 2070/4698/4142
f 2093/4752/4141 4815/4760/4142 2070/4698/4142 258/4685/4141
f 2092/4751/4141 4812/4756/4142 4815/4760/4142 2093/4752/4141
f 2091/4750/4141 4809/4753/4142 4812/4756/4142 2092/4751/4141
f 4818/4765/4126 4819/4766/4127 4822/4767/4127 4821/4768/4126
f 4819/4766/4127 4820/4769/4129 4823/4770/4129 4822/4767/4127
f 4821/4768/4126 4822/4767/4127 4825/4771/4127 4824/4772/4126
f 4822/4767/4127 4823/4770/4129 4826/4773/4129 4825/4771/4127
f 263/4774/4146 2100/4775/4147 4818/4765/4126 2099/4776/4130
f 2100/4775/4147 2101/4777/4148 4819/4766/4127 4818/4765/4126
f 2101/4777/4148 2102/4778/4149 4820/4769/4129 4819/4766/4127
f 2102/4778/4149 264/4779/4150 2103/4780/4131 4820/4769/4129
f 4820/4769/4129 2103/4780/4131 2104/4781/4131 4823/4770/4129
f 4823/4770/4129 2104/4781/4131 2105/4782/4131 4826/4773/4129
f 4826/4773/4129 2105/4782/4131 260/4715/4131 2078/4714/4129
f 4825/4771/4127 4826/4773/4129 2078/4714/4129 2077/4713/4127
f 4824/4772/4126 4825/4771/4127 2077/4713/4127 2076/4711/4126
f 2097/4783/4130 4824/4772/4126 2076/4711/4126 259/4710/4130
f 2098/4784/4130 4821/4768/4126 4824/4772/4126 2097/4783/4130
f 2099/4776/4130 4818/4765/4126 4821/4768/4126 2098/4784/4130
f 4827/4785/4132 4828/4786/4133 4831/4787/4133 4830/4788/4132
f 4828/4786/4133 4829/4789/4134 4832/4790/4134 4831/4787/4133
f 4830/4788/4132 4831/4787/4133 4834/4791/4133 4833/4792/4132
f 4831/4787/4133 4832/4790/4134 4835/4793/4134 4834/4791/4133
f 264/4779/4150 2106/4794/4151 4827/4785/4132 2103/4780/4131
f 2106/4794/4151 2107/4795/4152 4828/4786/4133 4827/4785/4132
f 2107/4795/4152 2108/4796/4153 4829/4789/4134 4828/4786/4133
f 2108/4796/4153 265/4797/4154 2109/4798/4135 4829/4789/4134
f 4829/4789/4134 2109/4798/4135 2110/4799/4135 4832/4790/4134
f 4832/4790/4134 2110/4799/4135 2111/4800/4135 4835/4793/4134
f 4835/4793/4134 2111/4800/4135 261/4733/4135 2084/4732/4134
f 4834/4791/4133 4835/4793/4134 2084/4732/4134 2083/4731/4133
f 4833/4792/4132 4834/4791/4133 2083/4731/4133 2082/4730/4132
f 2105/4782/4131 4833/4792/4132 2082/4730/4132 260/4715/4131
f 2104/4781/4131 4830/4788/4132 4833/4792/4132 2105/4782/4131
f 2103/4780/4131 4827/4785/4132 4830/4788/4132 2104/4781/4131
f 4836/4801/4140 4837/4802/4137 4840/4803/4137 4839/4804/4140
f 4837/4802/4137 4838/4805/4139 4841/4806/4139 4840/4803/4137
f 4839/4804/4140 4840/4803/4137 4843/4807/4137 4842/4808/4140
f 4840/4803/4137 4841/4806/4139 4844/4809/4139 4843/4807/4137
f 265/4797/4154 2112/4810/4155 4836/4801/4140 2109/4798/4135
f 2112/4810/4155 2113/4811/4156 4837/4802/4137 4836/4801/4140
f 2113/4811/4156 2114/4812/4157 4838/4805/4139 4837/4802/4137
f 2114/4812/4157 266/4813/4158 2115/4814/4141 4838/4805/4139
f 4838/4805/4139 2115/4814/4141 2116/4815/4141 4841/4806/4139
f 4841/4806/4139 2116/4815/4141 2117/4816/4141 4844/4809/4139
f 4844/4809/4139 2117/4816/4141 262/4749/4141 2090/4748/4139
f 4843/4807/4137 4844/4809/4139 2090/4748/4139 2089/4747/4137
f 4842/4808/4140 4843/4807/4137 2089/4747/4137 2088/4746/4140
f 2111/4800/4135 4842/4808/4140 2088/4746/4140 261/4733/4135
f 2110/4799/4135 4839/4804/4140 4842/4808/4140 2111/4800/4135
f 2109/4798/4135 4836/4801/4140 4839/4804/4140 2110/4799/4135
f 4845/4817/4142 4846/4818/4143 4849/4819/4143 4848/4820/4142
f 4846/4818/4143 4847/4821/4144 4850/4822/4144 4849/4819/4143
f 4848/4820/4142 4849/4819/4143 4852/4823/4143 4851/4824/4142
f 4849/4819/4143 4850/4822/4144 4853/4825/4144 4852/4823/4143
f 266/4813/4158 2118/4826/4159 4845/4817/4142 2115/4814/4141
f 2118/4826/4159 2119/4827/4160 4846/4818/4143 4845/4817/4142
f 2119/4827/4160 2120/4828/4161 4847/4821/4144 4846/4818/4143
f 2120/4828/4161 263/4774/4146 2099/4776/4130 4847/4821/4144
f 4847/4821/4144 2099/4776/4130 2098/4784/4130 4850/4822/4144
f 4850/4822/4144 2098/4784/4130 2097/4783/4130 4853/4825/4144
f 4853/4825/4144 2097/4783/4130 259/4710/4130 2096/4764/4144
f 4852/4823/4143 4853/4825/4144 2096/4764/4144 2095/4763/4143
f 4851/4824/4142 4852/4823/4143 2095/4763/4143 2094/4762/4142
f 2117/4816/4141 4851/4824/4142 2094/4762/4142 262/4749/4141
f 2116/4815/4141 4848/4820/4142 4851/4824/4142 2117/4816/4141
f 2115/4814/4141 4845/4817/4142 4848/4820/4142 2116/4815/4141
f 4854/4829/4162 4855/4830/4163 4858/4831/4164 4857/4832/4165
f 4855/4830/4163 4856/4833/4166 4859/4834/4167 4858/4831/4164
f 4857/4832/4165 4858/4831/4164 4861/4835/4168 4860/4836/4169
f 4858/4831/4164 4859/4834/4167 4862/4837/4170 4861/4835/4168
f 267/1762/1712 783/2000/1950 4854/4829/4162 2123/4838/4171
f 783/2000/1950 784/1999/1949 4855/4830/4163 4854/4829/4162
f 784/1999/1949 785/1998/1948 4856/4833/4166 4855/4830/4163
f 785/1998/1948 268/1377/1333 2124/4839/4172 4856/4833/4166
f 4856/4833/4166 2124/4839/4172 2125/4840/4173 4859/4834/4167
f 4859/4834/4167 2125/4840/4173 2126/4841/4174 4862/4837/4170
f 4862/4837/4170 2126/4841/4174 264/4779/4150 2102/4778/4149
f 4861/4835/4168 4862/4837/4170 2102/4778/4149 2101/4777/4148
f 4860/4836/4169 4861/4835/4168 2101/4777/4148 2100/4775/4147
f 2121/4842/4175 4860/4836/4169 2100/4775/4147 263/4774/4146
f 2122/4843/4176 4857/4832/4165 4860/4836/4169 2121/4842/4175
f 2123/4838/4171 4854/4829/4162 4857/4832/4165 2122/4843/4176
f 4863/4844/4177 4864/4845/4178 4867/4846/4179 4866/4847/4180
f 4864/4845/4178 4865/4848/4181 4868/4849/4182 4867/4846/4179
f 4866/4847/4180 4867/4846/4179 4870/4850/4183 4869/4851/4184
f 4867/4846/4179 4868/4849/4182 4871/4852/4185 4870/4850/4183
f 268/1377/1333 743/2084/2032 4863/4844/4177 2124/4839/4172
f 743/2084/2032 742/2083/2031 4864/4845/4178 4863/4844/4177
f 742/2083/2031 741/2082/2030 4865/4848/4181 4864/4845/4178
f 741/2082/2030 269/1288/1248 2127/4853/4186 4865/4848/4181
f 4865/4848/4181 2127/4853/4186 2128/4854/4187 4868/4849/4182
f 4868/4849/4182 2128/4854/4187 2129/4855/4188 4871/4852/4185
f 4871/4852/4185 2129/4855/4188 265/4797/4154 2108/4796/4153
f 4870/4850/4183 4871/4852/4185 2108/4796/4153 2107/4795/4152
f 4869/4851/4184 4870/4850/4183 2107/4795/4152 2106/4794/4151
f 2126/4841/4174 4869/4851/4184 2106/4794/4151 264/4779/4150
f 2125/4840/4173 4866/4847/4180 4869/4851/4184 2126/4841/4174
f 2124/4839/4172 4863/4844/4177 4866/4847/4180 2125/4840/4173
f 4872/4856/4189 4873/4857/4190 4876/4858/4191 4875/4859/4192
f 4873/4857/4190 4874/4860/4193 4877/4861/4194 4876/4858/4191
f 4875/4859/4192 4876/4858/4191 4879/4862/4195 4878/4863/4196
f 4876/4858/4191 4877/4861/4194 4880/4864/4197 4879/4862/4195
f 269/1288/1248 776/2028/1977 4872/4856/4189 2127/4853/4186
f 776/2028/1977 775/2027/1976 4873/4857/4190 4872/4856/4189
f 775/2027/1976 774/2026/1975 4874/4860/4193 4873/4857/4190
f 774/2026/1975 270/1734/1687 2130/4865/4198 4874/4860/4193
f 4874/4860/4193 2130/4865/4198 2131/4866/4199 4877/4861/4194
f 4877/4861/4194 2131/4866/4199 2132/4867/4200 4880/4864/4197
f 4880/4864/4197 2132/4867/4200 266/4813/4158 2114/4812/4157
f 4879/4862/4195 4880/4864/4197 2114/4812/4157 2113/4811/4156
f 4878/4863/4196 4879/4862/4195 2113/4811/4156 2112/4810/4155
f 2129/4855/4188 4878/4863/4196 2112/4810/4155 265/4797/4154
f 2128/4854/4187 4875/4859/4192 4878/4863/4196 2129/4855/4188
f 2127/4853/4186 4872/4856/4189 4875/4859/4192 2128/4854/4187
f 4881/4868/4201 4882/4869/4202 4885/4870/4203 4884/4871/4204
f 4882/4869/4202 4883/4872/4205 4886/4873/4206 4885/4870/4203
f 4884/4871/4204 4885/4870/4203 4888/4874/4207 4887/4875/4208
f 4885/4870/4203 4886/4873/4206 4889/4876/4209 4888/4874/4207
f 270/1734/1687 777/2072/2020 4881/4868/4201 2130/4865/4198
f 777/2072/2020 778/2071/2019 4882/4869/4202 4881/4868/4201
f 778/2071/2019 779/2070/2018 4883/4872/4205 4882/4869/4202
f 779/2070/2018 267/1762/1712 2123/4838/4171 4883/4872/4205
f 4883/4872/4205 2123/4838/4171 2122/4843/4176 4886/4873/4206
f 4886/4873/4206 2122/4843/4176 2121/4842/4175 4889/4876/4209
f 4889/4876/4209 2121/4842/4175 263/4774/4146 2120/4828/4161
f 4888/4874/4207 4889/4876/4209 2120/4828/4161 2119/4827/4160
f 4887/4875/4208 4888/4874/4207 2119/4827/4160 2118/4826/4159
f 2132/4867/4200 4887/4875/4208 2118/4826/4159 266/4813/4158
f 2131/4866/4199 4884/4871/4204 4887/4875/4208 2132/4867/4200
f 2130/4865/4198 4881/4868/4201 4884/4871/4204 2131/4866/4199
f 4890/4877/3788 4891/4878/3789 4894/4879/3790 4893/4880/3791
f 4891/4878/3789 4892/4881/3792 4895/4882/3793 4894/4879/3790
f 4893/4880/3791 4894/4879/3790 4897/4883/3794 4896/4884/3795
f 4894/4879/3790 4895/4882/3793 4898/4885/3796 4897/4883/3794
f 99/863/863 974/861/861 4890/4877/3788 2135/4886/3797
f 974/861/861 973/860/860 4891/4878/3789 4890/4877/3788
f 973/860/860 972/859/859 4892/4881/3792 4891/4878/3789
f 972/859/859 100/858/858 2136/4887/3798 4892/4881/3792
f 4892/4881/3792 2136/4887/3798 2137/4888/3799 4895/4882/3793
f 4895/4882/3793 2137/4888/3799 2138/4889/4210 4898/4885/3796
f 4898/4885/3796 2138/4889/4210 272/1382/1337 753/2126/2061
f 4897/4883/3794 4898/4885/3796 753/2126/2061 754/2125/2060
f 4896/4884/3795 4897/4883/3794 754/2125/2060 755/2124/2059
f 2133/4890/4211 4896/4884/3795 755/2124/2059 271/1283/1243
f 2134/4891/3802 4893/4880/3791 4896/4884/3795 2133/4890/4211
f 2135/4886/3797 4890/4877/3788 4893/4880/3791 2134/4891/3802
f 4899/4892/3803 4900/4893/3804 4903/4894/4212 4902/4895/3806
f 4900/4893/3804 4901/4896/3807 4904/4897/3808 4903/4894/4212
f 4902/4895/3806 4903/4894/4212 4906/4898/3809 4905/4899/4213
f 4903/4894/4212 4904/4897/3808 4907/4900/3811 4906/4898/3809
f 100/858/858 971/857/857 4899/4892/3803 2136/4887/3798
f 971/857/857 970/856/856 4900/4893/3804 4899/4892/3803
f 970/856/856 969/855/855 4901/4896/3807 4900/4893/3804
f 969/855/855 101/854/854 2139/4901/3812 4901/4896/3807
f 4901/4896/3807 2139/4901/3812 2140/4902/3813 4904/4897/3808
f 4904/4897/3808 2140/4902/3813 2141/4903/4214 4907/4900/3811
f 4907/4900/3811 2141/4903/4214 273/1386/1186 752/1388/1342
f 4906/4898/3809 4907/4900/3811 752/1388/1342 751/1385/1340
f 4905/4899/4213 4906/4898/3809 751/1385/1340 750/1383/1338
f 2138/4889/4210 4905/4899/4213 750/1383/1338 272/1382/1337
f 2137/4888/3799 4902/4895/3806 4905/4899/4213 2138/4889/4210
f 2136/4887/3798 4899/4892/3803 4902/4895/3806 2137/4888/3799
f 4908/4904/3815 4909/4905/3816 4912/4906/3817 4911/4907/3818
f 4909/4905/3816 4910/4908/3819 4913/4909/3820 4912/4906/3817
f 4911/4907/3818 4912/4906/3817 4915/4910/3821 4914/4911/3822
f 4912/4906/3817 4913/4909/3820 4916/4912/3823 4915/4910/3821
f 101/854/854 968/853/853 4908/4904/3815 2139/4901/3812
f 968/853/853 967/852/852 4909/4905/3816 4908/4904/3815
f 967/852/852 966/850/850 4910/4908/3819 4909/4905/3816
f 966/850/850 102/849/849 2142/4913/3824 4910/4908/3819
f 4910/4908/3819 2142/4913/3824 2143/4914/3825 4913/4909/3820
f 4913/4909/3820 2143/4914/3825 2144/4915/4215 4916/4912/3823
f 4916/4912/3823 2144/4915/4215 274/1292/1252 674/2087/2035
f 4915/4910/3821 4916/4912/3823 674/2087/2035 673/2086/2034
f 4914/4911/3822 4915/4910/3821 673/2086/2034 672/2085/2033
f 2141/4903/4214 4914/4911/3822 672/2085/2033 273/1386/1186
f 2140/4902/3813 4911/4907/3818 4914/4911/3822 2141/4903/4214
f 2139/4901/3812 4908/4904/3815 4911/4907/3818 2140/4902/3813
f 4917/4916/3827 4918/4917/3828 4921/4918/4216 4920/4919/3830
f 4918/4917/3828 4919/4920/3831 4922/4921/3832 4921/4918/4216
f 4920/4919/3830 4921/4918/4216 4924/4922/3833 4923/4923/3834
f 4921/4918/4216 4922/4921/3832 4925/4924/4217 4924/4922/3833
f 102/849/849 965/851/851 4917/4916/3827 2142/4913/3824
f 965/851/851 964/864/864 4918/4917/3828 4917/4916/3827
f 964/864/864 963/862/862 4919/4920/3831 4918/4917/3828
f 963/862/862 99/863/863 2135/4886/3797 4919/4920/3831
f 4919/4920/3831 2135/4886/3797 2134/4891/3802 4922/4921/3832
f 4922/4921/3832 2134/4891/3802 2133/4890/4211 4925/4924/4217
f 4925/4924/4217 2133/4890/4211 271/1283/1243 756/1285/1245
f 4924/4922/3833 4925/4924/4217 756/1285/1245 757/1287/1247
f 4923/4923/3834 4924/4922/3833 757/1287/1247 758/1293/1253
f 2144/4915/4215 4923/4923/3834 758/1293/1253 274/1292/1252
f 2143/4914/3825 4920/4919/3830 4923/4923/3834 2144/4915/4215
f 2142/4913/3824 4917/4916/3827 4920/4919/3830 2143/4914/3825
f 4926/4925/4218 4946/4926/4219 4935/4927/4220
f 4932/4928/4221 4931/4929/4222 4941/4930/4223 4942/4931/4224
f 4929/4932/4225 4928/4933/4226 4938/4934/4227 4939/4935/4228
f 5035/4936/4229 4934/4937/4230 4945/4938/4231
f 4927/4939/4232 4926/4925/4218 4935/4927/4220 4936/4940/4233
f 5103/4941/4234 4932/4928/4221 4942/4931/4224 4943/4942/4235
f 4930/4943/4236 4929/4932/4225 4939/4935/4228 4940/4944/4237
f 5102/4945/4238 4927/4939/4232 4936/4940/4233 4937/4946/4239
f 4933/4947/4240 5103/4941/4234 4943/4942/4235 4944/4948/4241
f 4931/4929/4222 4930/4943/4236 4940/4944/4237 4941/4930/4223
f 4928/4933/4226 5102/4945/4238 4937/4946/4239 4938/4934/4227
f 4934/4937/4230 4933/4947/4240 4944/4948/4241 4945/4938/4231
f 4940/4944/4237 4939/4935/4228 4951/4949/4242 4952/4950/4243
f 4937/4946/4239 4936/4940/4233 4948/4951/4244 4949/4952/4245
f 4944/4948/4241 4943/4942/4235 4955/4953/4246 4956/4954/4247
f 4941/4930/4223 4940/4944/4237 4952/4950/4243 4953/4955/4248
f 4938/4934/4227 4937/4946/4239 4949/4952/4245 4950/4956/4249
f 4945/4938/4231 4944/4948/4241 4956/4954/4247 4957/4957/4250
f 4935/4927/4220 4946/4926/4219 4947/4958/4251
f 4942/4931/4224 4941/4930/4223 4953/4955/4248 4954/4959/4252
f 4939/4935/4228 4938/4934/4227 4950/4956/4249 4951/4949/4242
f 5035/4936/4229 4945/4938/4231 4957/4957/4250
f 4936/4940/4233 4935/4927/4220 4947/4958/4251 4948/4951/4244
f 4943/4942/4235 4942/4931/4224 4954/4959/4252 4955/4953/4246
f 4951/4949/4242 4950/4956/4249 4961/4960/4253 4962/4961/4254
f 5035/4936/4229 4957/4957/4250 4968/4962/4255
f 4948/4951/4244 4947/4958/4251 4958/4963/4256 4959/4964/4257
f 4955/4953/4246 4954/4959/4252 4965/4965/4258 4966/4966/4259
f 4952/4950/4243 4951/4949/4242 4962/4961/4254 4963/4967/4260
f 4949/4952/4245 4948/4951/4244 4959/4964/4257 4960/4968/4261
f 4956/4954/4247 4955/4953/4246 4966/4966/4259 4967/4969/4262
f 4953/4955/4248 4952/4950/4243 4963/4967/4260 4964/4970/4263
f 4950/4956/4249 4949/4952/4245 4960/4968/4261 4961/4960/4253
f 4957/4957/4250 4956/4954/4247 4967/4969/4262 4968/4962/4255
f 4947/4958/4251 4946/4926/4219 4958/4963/4256
f 4954/4959/4252 4953/4955/4248 4964/4970/4263 4965/4965/4258
f 4964/4970/4263 4963/4967/4260 4974/4971/4264 4975/4972/4265
f 4961/4960/4253 4960/4968/4261 4971/4973/4266 4972/4974/4267
f 4968/4962/4255 4967/4969/4262 4978/4975/4268 4979/4976/4269
f 4958/4963/4256 4946/4926/4219 4969/4977/4270
f 4965/4965/4258 4964/4970/4263 4975/4972/4265 4976/4978/4271
f 4962/4961/4254 4961/4960/4253 4972/4974/4267 4973/4979/4272
f 5035/4936/4229 4968/4962/4255 4979/4976/4269
f 4959/4964/4257 4958/4963/4256 4969/4977/4270 4970/4980/4273
f 4966/4966/4259 4965/4965/4258 4976/4978/4271 4977/4981/4274
f 4963/4967/4260 4962/4961/4254 4973/4979/4272 4974/4971/4264
f 4960/4968/4261 4959/4964/4257 4970/4980/4273 4971/4973/4266
f 4967/4969/4262 4966/4966/4259 4977/4981/4274 4978/4975/4268
f 4974/4971/4264 4973/4979/4272 4984/4982/4275 4985/4983/4276
f 4971/4973/4266 4970/4980/4273 4981/4984/4277 4982/4985/4278
f 4978/4975/4268 4977/4981/4274 4988/4986/4279 4989/4987/4280
f 4975/4972/4265 4974/4971/4264 4985/4983/4276 4986/4988/4281
f 4972/4974/4267 4971/4973/4266 4982/4985/4278 4983/4989/4282
f 4979/4976/4269 4978/4975/4268 4989/4987/4280 4990/4990/4283
f 4969/4977/4270 4946/4926/4219 4980/4991/4284
f 4976/4978/4271 4975/4972/4265 4986/4988/4281 4987/4992/4285
f 4973/4979/4272 4972/4974/4267 4983/4989/4282 4984/4982/4275
f 5035/4936/4229 4979/4976/4269 4990/4990/4283
f 4970/4980/4273 4969/4977/4270 4980/4991/4284 4981/4984/4277
f 4977/4981/4274 4976/4978/4271 4987/4992/4285 4988/4986/4279
f 4987/4992/4285 4986/4988/4281 4997/4993/4286 4998/4994/4287
f 4984/4982/4275 4983/4989/4282 4994/4995/4288 4995/4996/4289
f 5035/4936/4229 4990/4990/4283 5001/4997/4290
f 4981/4984/4277 4980/4991/4284 4991/4998/4291 4992/4999/4292
f 4988/4986/4279 4987/4992/4285 4998/4994/4287 4999/5000/4293
f 4985/4983/4276 4984/4982/4275 4995/4996/4289 4996/5001/4294
f 4982/4985/4278 4981/4984/4277 4992/4999/4292 4993/5002/4295
f 4989/4987/4280 4988/4986/4279 4999/5000/4293 5000/5003/4296
f 4986/4988/4281 4985/4983/4276 4996/5001/4294 4997/4993/4286
f 4983/4989/4282 4982/4985/4278 4993/5002/4295 4994/4995/4288
f 4990/4990/4283 4989/4987/4280 5000/5003/4296 5001/4997/4290
f 4980/4991/4284 4946/4926/4219 4991/4998/4291
f 4997/4993/4286 4996/5001/4294 5007/5004/4297 5008/5005/4298
f 4994/4995/4288 4993/5002/4295 5004/5006/4299 5005/5007/4300
f 5001/4997/4290 5000/5003/4296 5011/5008/4301 5012/5009/4302
f 4991/4998/4291 4946/4926/4219 5002/5010/4303
f 4998/4994/4287 4997/4993/4286 5008/5005/4298 5009/5011/4304
f 4995/4996/4289 4994/4995/4288 5005/5007/4300 5006/5012/4305
f 5035/4936/4229 5001/4997/4290 5012/5009/4302
f 4992/4999/4292 4991/4998/4291 5002/5010/4303 5003/5013/4306
f 4999/5000/4293 4998/4994/4287 5009/5011/4304 5010/5014/4307
f 4996/5001/4294 4995/4996/4289 5006/5012/4305 5007/5004/4297
f 4993/5002/4295 4992/4999/4292 5003/5013/4306 5004/5006/4299
f 5000/5003/4296 4999/5000/4293 5010/5014/4307 5011/5008/4301
f 5010/5014/4307 5009/5011/4304 5020/5015/4308 5021/5016/4309
f 5007/5004/4297 5006/5012/4305 5017/5017/4310 5018/5018/4311
f 5004/5006/4299 5003/5013/4306 5014/5019/4312 5015/5020/4313
f 5011/5008/4301 5010/5014/4307 5021/5016/4309 5022/5021/4314
f 5008/5005/4298 5007/5004/4297 5018/5018/4311 5019/5022/4315
f 5005/5007/4300 5004/5006/4299 5015/5020/4313 5016/5023/4316
f 5012/5009/4302 5011/5008/4301 5022/5021/4314 5023/5024/4317
f 5002/5010/4303 4946/4926/4219 5013/5025/4318
f 5009/5011/4304 5008/5005/4298 5019/5022/4315 5020/5015/4308
f 5006/5012/4305 5005/5007/4300 5016/5023/4316 5017/5017/4310
f 5035/4936/4229 5012/5009/4302 5023/5024/4317
f 5003/5013/4306 5002/5010/4303 5013/5025/4318 5014/5019/4312
f 5013/5025/4318 4946/4926/4219 5024/5026/4319
f 5020/5015/4308 5019/5022/4315 5030/5027/4320 5031/5028/4321
f 5017/5017/4310 5016/5023/4316 5027/5029/4322 5028/5030/4323
f 5035/4936/4229 5023/5024/4317 5034/5031/4324
f 5014/5019/4312 5013/5025/4318 5024/5026/4319 5025/5032/4325
f 5021/5016/4309 5020/5015/4308 5031/5028/4321 5032/5033/4326
f 5018/5018/4311 5017/5017/4310 5028/5030/4323 5029/5034/4327
f 5015/5020/4313 5014/5019/4312 5025/5032/4325 5026/5035/4328
f 5022/5021/4314 5021/5016/4309 5032/5033/4326 5033/5036/4329
f 5019/5022/4315 5018/5018/4311 5029/5034/4327 5030/5027/4320
f 5016/5023/4316 5015/5020/4313 5026/5035/4328 5027/5029/4322
f 5023/5024/4317 5022/5021/4314 5033/5036/4329 5034/5031/4324
f 5033/5036/4329 5032/5033/4326 5044/5037/4330 5045/5038/4331
f 5030/5027/4320 5029/5034/4327 5041/5039/4332 5042/5040/4333
f 5027/5029/4322 5026/5035/4328 5038/5041/4334 5039/5042/4335
f 5034/5031/4324 5033/5036/4329 5045/5038/4331 5046/5043/4336
f 5024/5026/4319 4946/4926/4219 5036/5044/4337
f 5031/5028/4321 5030/5027/4320 5042/5040/4333 5043/5045/4338
f 5028/5030/4323 5027/5029/4322 5039/5042/4335 5040/5046/4339
f 5035/4936/4229 5034/5031/4324 5046/5043/4336
f 5025/5032/4325 5024/5026/4319 5036/5044/4337 5037/5047/4340
f 5032/5033/4326 5031/5028/4321 5043/5045/4338 5044/5037/4330
f 5029/5034/4327 5028/5030/4323 5040/5046/4339 5041/5039/4332
f 5026/5035/4328 5025/5032/4325 5037/5047/4340 5038/5041/4334
f 5037/5047/4340 5036/5044/4337 5047/5048/4341 5048/5049/4342
f 5044/5037/4330 5043/5045/4338 5054/5050/4343 5055/5051/4344
f 5041/5039/4332 5040/5046/4339 5051/5052/4345 5052/5053/4346
f 5038/5041/4334 5037/5047/4340 5048/5049/4342 5049/5054/4347
f 5045/5038/4331 5044/5037/4330 5055/5051/4344 5056/5055/4348
f 5042/5040/4333 5041/5039/4332 5052/5053/4346 5053/5056/4349
f 5039/5042/4335 5038/5041/4334 5049/5054/4347 5050/5057/4350
f 5046/5043/4336 5045/5038/4331 5056/5055/4348 5057/5058/4351
f 5036/5044/4337 4946/4926/4219 5047/5048/4341
f 5043/5045/4338 5042/5040/4333 5053/5056/4349 5054/5050/4343
f 5040/5046/4339 5039/5042/4335 5050/5057/4350 5051/5052/4345
f 5035/4936/4229 5046/5043/4336 5057/5058/4351
f 5057/5058/4351 5056/5055/4348 5067/5059/4352 5068/5060/4353
f 5047/5048/4341 4946/4926/4219 5058/5061/4354
f 5054/5050/4343 5053/5056/4349 5064/5062/4355 5065/5063/4356
f 5051/5052/4345 5050/5057/4350 5061/5064/4357 5062/5065/4358
f 5035/4936/4229 5057/5058/4351 5068/5060/4353
f 5048/5049/4342 5047/5048/4341 5058/5061/4354 5059/5066/4359
f 5055/5051/4344 5054/5050/4343 5065/5063/4356 5066/5067/4360
f 5052/5053/4346 5051/5052/4345 5062/5065/4358 5063/5068/4361
f 5049/5054/4347 5048/5049/4342 5059/5066/4359 5060/5069/4362
f 5056/5055/4348 5055/5051/4344 5066/5067/4360 5067/5059/4352
f 5053/5056/4349 5052/5053/4346 5063/5068/4361 5064/5062/4355
f 5050/5057/4350 5049/5054/4347 5060/5069/4362 5061/5064/4357
f 5060/5069/4362 5059/5066/4359 5070/5070/4363 5071/5071/4364
f 5067/5059/4352 5066/5067/4360 5077/5072/4365 5078/5073/4366
f 5064/5062/4355 5063/5068/4361 5074/5074/4367 5075/5075/4368
f 5061/5064/4357 5060/5069/4362 5071/5071/4364 5072/5076/4369
f 5068/5060/4353 5067/5059/4352 5078/5073/4366 5079/5077/4370
f 5058/5061/4354 4946/4926/4219 5069/5078/4371
f 5065/5063/4356 5064/5062/4355 5075/5075/4368 5076/5079/4372
f 5062/5065/4358 5061/5064/4357 5072/5076/4369 5073/5080/4373
f 5035/4936/4229 5068/5060/4353 5079/5077/4370
f 5059/5066/4359 5058/5061/4354 5069/5078/4371 5070/5070/4363
f 5066/5067/4360 5065/5063/4356 5076/5079/4372 5077/5072/4365
f 5063/5068/4361 5062/5065/4358 5073/5080/4373 5074/5074/4367
f 5035/4936/4229 5079/5077/4370 5090/5081/4374
f 5070/5070/4363 5069/5078/4371 5080/5082/4375 5081/5083/4376
f 5077/5072/4365 5076/5079/4372 5087/5084/4377 5088/5085/4378
f 5074/5074/4367 5073/5080/4373 5084/5086/4379 5085/5087/4380
f 5071/5071/4364 5070/5070/4363 5081/5083/4376 5082/5088/4381
f 5078/5073/4366 5077/5072/4365 5088/5085/4378 5089/5089/4382
f 5075/5075/4368 5074/5074/4367 5085/5087/4380 5086/5090/4383
f 5072/5076/4369 5071/5071/4364 5082/5088/4381 5083/5091/4384
f 5079/5077/4370 5078/5073/4366 5089/5089/4382 5090/5081/4374
f 5069/5078/4371 4946/4926/4219 5080/5082/4375
f 5076/5079/4372 5075/5075/4368 5086/5090/4383 5087/5084/4377
f 5073/5080/4373 5072/5076/4369 5083/5091/4384 5084/5086/4379
f 5083/5091/4384 5082/5088/4381 5093/5092/4385 5094/5093/4386
f 5090/5081/4374 5089/5089/4382 5100/5094/4387 5101/5095/4388
f 5080/5082/4375 4946/4926/4219 5091/5096/4389
f 5087/5084/4377 5086/5090/4383 5097/5097/4390 5098/5098/4391
f 5084/5086/4379 5083/5091/4384 5094/5093/4386 5095/5099/4392
f 5035/4936/4229 5090/5081/4374 5101/5095/4388
f 5081/5083/4376 5080/5082/4375 5091/5096/4389 5092/5100/4393
f 5088/5085/4378 5087/5084/4377 5098/5098/4391 5099/5101/4394
f 5085/5087/4380 5084/5086/4379 5095/5099/4392 5096/5102/4395
f 5082/5088/4381 5081/5083/4376 5092/5100/4393 5093/5092/4385
f 5089/5089/4382 5088/5085/4378 5099/5101/4394 5100/5094/4387
f 5086/5090/4383 5085/5087/4380 5096/5102/4395 5097/5097/4390
f 5093/5092/4385 5092/5100/4393 4927/4939/4232 5102/4945/4238
f 5100/5094/4387 5099/5101/4394 5103/4941/4234 4933/4947/4240
f 5097/5097/4390 5096/5102/4395 4930/4943/4236 4931/4929/4222
f 5094/5093/4386 5093/5092/4385 5102/4945/4238 4928/4933/4226
f 5101/5095/4388 5100/5094/4387 4933/4947/4240 4934/4937/4230
f 5091/5096/4389 4946/4926/4219 4926/4925/4218
f 5098/5098/4391 5097/5097/4390 4931/4929/4222 4932/4928/4221
f 5095/5099/4392 5094/5093/4386 4928/4933/4226 4929/4932/4225
f 5035/4936/4229 5101/5095/4388 4934/4937/4230
f 5092/5100/4393 5091/5096/4389 4926/4925/4218 4927/4939/4232
f 5099/5101/4394 5098/5098/4391 4932/4928/4221 5103/4941/4234
f 5096/5102/4395 5095/5099/4392 4929/4932/4225 4930/4943/4236
f 5280/5103/4238 5105/5104/4232 5114/5105/4233 5115/5106/4396
f 5111/5107/4240 5281/5108/4234 5121/5109/4235 5122/5110/4241
f 5109/5111/4222 5108/5112/4236 5118/5113/4237 5119/5114/4223
f 5106/5115/4226 5280/5103/4238 5115/5106/4396 5116/5116/4227
f 5112/5117/4230 5111/5107/4240 5122/5110/4241 5123/5118/4397
f 5104/5119/4218 5124/5120/4219 5113/5121/4220
f 5110/5122/4221 5109/5111/4222 5119/5114/4223 5120/5123/4224
f 5107/5124/4225 5106/5115/4226 5116/5116/4227 5117/5125/4228
f 5213/5126/4229 5112/5117/4230 5123/5118/4397
f 5105/5104/4232 5104/5119/4218 5113/5121/4220 5114/5105/4233
f 5281/5108/4234 5110/5122/4221 5120/5123/4224 5121/5109/4235
f 5108/5112/4236 5107/5124/4225 5117/5125/4228 5118/5113/4237
f 5120/5123/4224 5119/5114/4223 5131/5127/4248 5132/5128/4252
f 5117/5125/4228 5116/5116/4227 5128/5129/4249 5129/5130/4242
f 5213/5126/4229 5123/5118/4397 5135/5131/4250
f 5114/5105/4233 5113/5121/4220 5125/5132/4251 5126/5133/4244
f 5121/5109/4235 5120/5123/4224 5132/5128/4252 5133/5134/4246
f 5118/5113/4237 5117/5125/4228 5129/5130/4242 5130/5135/4243
f 5115/5106/4396 5114/5105/4233 5126/5133/4244 5127/5136/4245
f 5122/5110/4241 5121/5109/4235 5133/5134/4246 5134/5137/4247
f 5119/5114/4223 5118/5113/4237 5130/5135/4243 5131/5127/4248
f 5116/5116/4227 5115/5106/4396 5127/5136/4245 5128/5129/4249
f 5123/5118/4397 5122/5110/4241 5134/5137/4247 5135/5131/4250
f 5113/5121/4220 5124/5120/4219 5125/5132/4251
f 5131/5127/4248 5130/5135/4243 5141/5138/4260 5142/5139/4263
f 5128/5129/4249 5127/5136/4245 5138/5140/4261 5139/5141/4253
f 5135/5131/4250 5134/5137/4247 5145/5142/4262 5146/5143/4255
f 5125/5132/4251 5124/5120/4219 5136/5144/4256
f 5132/5128/4252 5131/5127/4248 5142/5139/4263 5143/5145/4258
f 5129/5130/4242 5128/5129/4249 5139/5141/4253 5140/5146/4254
f 5213/5126/4229 5135/5131/4250 5146/5143/4255
f 5126/5133/4244 5125/5132/4251 5136/5144/4256 5137/5147/4257
f 5133/5134/4246 5132/5128/4252 5143/5145/4258 5144/5148/4259
f 5130/5135/4243 5129/5130/4242 5140/5146/4254 5141/5138/4260
f 5127/5136/4245 5126/5133/4244 5137/5147/4257 5138/5140/4261
f 5134/5137/4247 5133/5134/4246 5144/5148/4259 5145/5142/4262
f 5144/5148/4259 5143/5145/4258 5154/5149/4271 5155/5150/4274
f 5141/5138/4260 5140/5146/4254 5151/5151/4272 5152/5152/4264
f 5138/5140/4261 5137/5147/4257 5148/5153/4273 5149/5154/4266
f 5145/5142/4262 5144/5148/4259 5155/5150/4274 5156/5155/4268
f 5142/5139/4263 5141/5138/4260 5152/5152/4264 5153/5156/4265
f 5139/5141/4253 5138/5140/4261 5149/5154/4266 5150/5157/4267
f 5146/5143/4255 5145/5142/4262 5156/5155/4268 5157/5158/4269
f 5136/5144/4256 5124/5120/4219 5147/5159/4270
f 5143/5145/4258 5142/5139/4263 5153/5156/4265 5154/5149/4271
f 5140/5146/4254 5139/5141/4253 5150/5157/4267 5151/5151/4272
f 5213/5126/4229 5146/5143/4255 5157/5158/4269
f 5137/5147/4257 5136/5144/4256 5147/5159/4270 5148/5153/4273
f 5147/5159/4270 5124/5120/4219 5158/5160/4284
f 5154/5149/4271 5153/5156/4265 5164/5161/4281 5165/5162/4285
f 5151/5151/4272 5150/5157/4267 5161/5163/4282 5162/5164/4275
f 5213/5126/4229 5157/5158/4269 5168/5165/4283
f 5148/5153/4273 5147/5159/4270 5158/5160/4284 5159/5166/4277
f 5155/5150/4274 5154/5149/4271 5165/5162/4285 5166/5167/4279
f 5152/5152/4264 5151/5151/4272 5162/5164/4275 5163/5168/4276
f 5149/5154/4266 5148/5153/4273 5159/5166/4277 5160/5169/4278
f 5156/5155/4268 5155/5150/4274 5166/5167/4279 5167/5170/4280
f 5153/5156/4265 5152/5152/4264 5163/5168/4276 5164/5161/4281
f 5150/5157/4267 5149/5154/4266 5160/5169/4278 5161/5163/4282
f 5157/5158/4269 5156/5155/4268 5167/5170/4280 5168/5165/4283
f 5167/5170/4280 5166/5167/4279 5177/5171/4293 5178/5172/4296
f 5164/5161/4281 5163/5168/4276 5174/5173/4294 5175/5174/4286
f 5161/5163/4282 5160/5169/4278 5171/5175/4295 5172/5176/4288
f 5168/5165/4283 5167/5170/4280 5178/5172/4296 5179/5177/4398
f 5158/5160/4284 5124/5120/4219 5169/5178/4291
f 5165/5162/4285 5164/5161/4281 5175/5174/4286 5176/5179/4287
f 5162/5164/4275 5161/5163/4282 5172/5176/4288 5173/5180/4289
f 5213/5126/4229 5168/5165/4283 5179/5177/4398
f 5159/5166/4277 5158/5160/4284 5169/5178/4291 5170/5181/4292
f 5166/5167/4279 5165/5162/4285 5176/5179/4287 5177/5171/4293
f 5163/5168/4276 5162/5164/4275 5173/5180/4289 5174/5173/4294
f 5160/5169/4278 5159/5166/4277 5170/5181/4292 5171/5175/4295
f 5170/5181/4292 5169/5178/4291 5180/5182/4303 5181/5183/4306
f 5177/5171/4293 5176/5179/4287 5187/5184/4304 5188/5185/4399
f 5174/5173/4294 5173/5180/4289 5184/5186/4305 5185/5187/4297
f 5171/5175/4295 5170/5181/4292 5181/5183/4306 5182/5188/4400
f 5178/5172/4296 5177/5171/4293 5188/5185/4399 5189/5189/4301
f 5175/5174/4286 5174/5173/4294 5185/5187/4297 5186/5190/4298
f 5172/5176/4288 5171/5175/4295 5182/5188/4400 5183/5191/4300
f 5179/5177/4398 5178/5172/4296 5189/5189/4301 5190/5192/4302
f 5169/5178/4291 5124/5120/4219 5180/5182/4303
f 5176/5179/4287 5175/5174/4286 5186/5190/4298 5187/5184/4304
f 5173/5180/4289 5172/5176/4288 5183/5191/4300 5184/5186/4305
f 5213/5126/4229 5179/5177/4398 5190/5192/4302
f 5190/5192/4302 5189/5189/4301 5200/5193/4314 5201/5194/4317
f 5180/5182/4303 5124/5120/4219 5191/5195/4318
f 5187/5184/4304 5186/5190/4298 5197/5196/4315 5198/5197/4308
f 5184/5186/4305 5183/5191/4300 5194/5198/4316 5195/5199/4310
f 5213/5126/4229 5190/5192/4302 5201/5194/4317
f 5181/5183/4306 5180/5182/4303 5191/5195/4318 5192/5200/4312
f 5188/5185/4399 5187/5184/4304 5198/5197/4308 5199/5201/4309
f 5185/5187/4297 5184/5186/4305 5195/5199/4310 5196/5202/4311
f 5182/5188/4400 5181/5183/4306 5192/5200/4312 5193/5203/4313
f 5189/5189/4301 5188/5185/4399 5199/5201/4309 5200/5193/4314
f 5186/5190/4298 5185/5187/4297 5196/5202/4311 5197/5196/4315
f 5183/5191/4300 5182/5188/4400 5193/5203/4313 5194/5198/4316
f 5193/5203/4313 5192/5200/4312 5203/5204/4325 5204/5205/4401
f 5200/5193/4314 5199/5201/4309 5210/5206/4326 5211/5207/4329
f 5197/5196/4315 5196/5202/4311 5207/5208/4327 5208/5209/4320
f 5194/5198/4316 5193/5203/4313 5204/5205/4401 5205/5210/4322
f 5201/5194/4317 5200/5193/4314 5211/5207/4329 5212/5211/4324
f 5191/5195/4318 5124/5120/4219 5202/5212/4319
f 5198/5197/4308 5197/5196/4315 5208/5209/4320 5209/5213/4321
f 5195/5199/4310 5194/5198/4316 5205/5210/4322 5206/5214/4323
f 5213/5126/4229 5201/5194/4317 5212/5211/4324
f 5192/5200/4312 5191/5195/4318 5202/5212/4319 5203/5204/4325
f 5199/5201/4309 5198/5197/4308 5209/5213/4321 5210/5206/4326
f 5196/5202/4311 5195/5199/4310 5206/5214/4323 5207/5208/4327
f 5213/5126/4229 5212/5211/4324 5224/5215/4336
f 5203/5204/4325 5202/5212/4319 5214/5216/4337 5215/5217/4340
f 5210/5206/4326 5209/5213/4321 5221/5218/4338 5222/5219/4330
f 5207/5208/4327 5206/5214/4323 5218/5220/4339 5219/5221/4332
f 5204/5205/4401 5203/5204/4325 5215/5217/4340 5216/5222/4334
f 5211/5207/4329 5210/5206/4326 5222/5219/4330 5223/5223/4331
f 5208/5209/4320 5207/5208/4327 5219/5221/4332 5220/5224/4333
f 5205/5210/4322 5204/5205/4401 5216/5222/4334 5217/5225/4335
f 5212/5211/4324 5211/5207/4329 5223/5223/4331 5224/5215/4336
f 5202/5212/4319 5124/5120/4219 5214/5216/4337
f 5209/5213/4321 5208/5209/4320 5220/5224/4333 5221/5218/4338
f 5206/5214/4323 5205/5210/4322 5217/5225/4335 5218/5220/4339
f 5217/5225/4335 5216/5222/4334 5227/5226/4347 5228/5227/4350
f 5224/5215/4336 5223/5223/4331 5234/5228/4348 5235/5229/4351
f 5214/5216/4337 5124/5120/4219 5225/5230/4341
f 5221/5218/4338 5220/5224/4333 5231/5231/4349 5232/5232/4343
f 5218/5220/4339 5217/5225/4335 5228/5227/4350 5229/5233/4345
f 5213/5126/4229 5224/5215/4336 5235/5229/4351
f 5215/5217/4340 5214/5216/4337 5225/5230/4341 5226/5234/4342
f 5222/5219/4330 5221/5218/4338 5232/5232/4343 5233/5235/4344
f 5219/5221/4332 5218/5220/4339 5229/5233/4345 5230/5236/4346
f 5216/5222/4334 5215/5217/4340 5226/5234/4342 5227/5226/4347
f 5223/5223/4331 5222/5219/4330 5233/5235/4344 5234/5228/4348
f 5220/5224/4333 5219/5221/4332 5230/5236/4346 5231/5231/4349
f 5227/5226/4347 5226/5234/4342 5237/5237/4359 5238/5238/4362
f 5234/5228/4348 5233/5235/4344 5244/5239/4360 5245/5240/4352
f 5231/5231/4349 5230/5236/4346 5241/5241/4361 5242/5242/4355
f 5228/5227/4350 5227/5226/4347 5238/5238/4362 5239/5243/4357
f 5235/5229/4351 5234/5228/4348 5245/5240/4352 5246/5244/4353
f 5225/5230/4341 5124/5120/4219 5236/5245/4354
f 5232/5232/4343 5231/5231/4349 5242/5242/4355 5243/5246/4356
f 5229/5233/4345 5228/5227/4350 5239/5243/4357 5240/5247/4358
f 5213/5126/4229 5235/5229/4351 5246/5244/4353
f 5226/5234/4342 5225/5230/4341 5236/5245/4354 5237/5237/4359
f 5233/5235/4344 5232/5232/4343 5243/5246/4356 5244/5239/4360
f 5230/5236/4346 5229/5233/4345 5240/5247/4358 5241/5241/4361
f 5240/5247/4358 5239/5243/4357 5250/5248/4369 5251/5249/4373
f 5213/5126/4229 5246/5244/4353 5257/5250/4370
f 5237/5237/4359 5236/5245/4354 5247/5251/4371 5248/5252/4363
f 5244/5239/4360 5243/5246/4356 5254/5253/4372 5255/5254/4365
f 5241/5241/4361 5240/5247/4358 5251/5249/4373 5252/5255/4367
f 5238/5238/4362 5237/5237/4359 5248/5252/4363 5249/5256/4364
f 5245/5240/4352 5244/5239/4360 5255/5254/4365 5256/5257/4366
f 5242/5242/4355 5241/5241/4361 5252/5255/4367 5253/5258/4368
f 5239/5243/4357 5238/5238/4362 5249/5256/4364 5250/5248/4369
f 5246/5244/4353 5245/5240/4352 5256/5257/4366 5257/5250/4370
f 5236/5245/4354 5124/5120/4219 5247/5251/4371
f 5243/5246/4356 5242/5242/4355 5253/5258/4368 5254/5253/4372
f 5250/5248/4369 5249/5256/4364 5260/5259/4381 5261/5260/4384
f 5257/5250/4370 5256/5257/4366 5267/5261/4382 5268/5262/4374
f 5247/5251/4371 5124/5120/4219 5258/5263/4375
f 5254/5253/4372 5253/5258/4368 5264/5264/4383 5265/5265/4377
f 5251/5249/4373 5250/5248/4369 5261/5260/4384 5262/5266/4379
f 5213/5126/4229 5257/5250/4370 5268/5262/4374
f 5248/5252/4363 5247/5251/4371 5258/5263/4375 5259/5267/4376
f 5255/5254/4365 5254/5253/4372 5265/5265/4377 5266/5268/4378
f 5252/5255/4367 5251/5249/4373 5262/5266/4379 5263/5269/4380
f 5249/5256/4364 5248/5252/4363 5259/5267/4376 5260/5259/4381
f 5256/5257/4366 5255/5254/4365 5266/5268/4378 5267/5261/4382
f 5253/5258/4368 5252/5255/4367 5263/5269/4380 5264/5264/4383
f 5263/5269/4380 5262/5266/4379 5273/5270/4392 5274/5271/4395
f 5260/5259/4381 5259/5267/4376 5270/5272/4393 5271/5273/4402
f 5267/5261/4382 5266/5268/4378 5277/5274/4394 5278/5275/4387
f 5264/5264/4383 5263/5269/4380 5274/5271/4395 5275/5276/4390
f 5261/5260/4384 5260/5259/4381 5271/5273/4402 5272/5277/4386
f 5268/5262/4374 5267/5261/4382 5278/5275/4387 5279/5278/4388
f 5258/5263/4375 5124/5120/4219 5269/5279/4389
f 5265/5265/4377 5264/5264/4383 5275/5276/4390 5276/5280/4391
f 5262/5266/4379 5261/5260/4384 5272/5277/4386 5273/5270/4392
f 5213/5126/4229 5268/5262/4374 5279/5278/4388
f 5259/5267/4376 5258/5263/4375 5269/5279/4389 5270/5272/4393
f 5266/5268/4378 5265/5265/4377 5276/5280/4391 5277/5274/4394
f 5273/5270/4392 5272/5277/4386 5106/5115/4226 5107/5124/4225
f 5213/5126/4229 5279/5278/4388 5112/5117/4230
f 5270/5272/4393 5269/5279/4389 5104/5119/4218 5105/5104/4232
f 5277/5274/4394 5276/5280/4391 5110/5122/4221 5281/5108/4234
f 5274/5271/4395 5273/5270/4392 5107/5124/4225 5108/5112/4236
f 5271/5273/4402 5270/5272/4393 5105/5104/4232 5280/5103/4238
f 5278/5275/4387 5277/5274/4394 5281/5108/4234 5111/5107/4240
f 5275/5276/4390 5274/5271/4395 5108/5112/4236 5109/5111/4222
f 5272/5277/4386 5271/5273/4402 5280/5103/4238 5106/5115/4226
f 5279/5278/4388 5278/5275/4387 5111/5107/4240 5112/5117/4230
f 5269/5279/4389 5124/5120/4219 5104/5119/4218
f 5276/5280/4391 5275/5276/4390 5109/5111/4222 5110/5122/4221
